Product Name,Color,Location,Country,Units Available
Vivo Basic Double Layered Wrap Poncho - Black,Black,The Oasis Mall,Uganda,5
Vivo Basic Double Layered Wrap Poncho - Black,Black,Vivo Acacia,Uganda,5
Vivo Basic Double Layered Wrap Poncho - Black,Black,Vivo Garden City,Kenya,3
Vivo Basic Double Layered Wrap Poncho - Black,Black,Vivo Kigali Heights,Rwanda,3
Vivo Basic Double Layered Wrap Poncho - Black,Black,Finished Goods Production,Kenya,2
Vivo Basic Double Layered Wrap Poncho - Black,Black,Vivo City Mall,Kenya,2
Vivo Basic Double Layered Wrap Poncho - Black,Black,Vivo Kisumu,Kenya,2
Vivo Basic Double Layered Wrap Poncho - Black,Black,Vivo Nakuru,Kenya,2
Vivo Basic Double Layered Wrap Poncho - Black,Black,Online - Shop Zetu,Online,2
Vivo Basic Double Layered Wrap Poncho - Black,Black,Vivo Kileleshwa,Kenya,1
Vivo Basic Double Layered Wrap Poncho - Black,Black,Vivo Meru,Kenya,1
Vivo Basic Double Layered Wrap Poncho - Black,Black,Vivo Signature Mall,Kenya,1
Vivo Basic Double Layered Wrap Poncho - Dark Green,Dark Green,Vivo Meru,Kenya,2
Vivo Basic Double Layered Wrap Poncho - Dark Green,Dark Green,Vivo Signature Mall,Kenya,2
Vivo Basic Double Layered Wrap Poncho - Dark Green,Dark Green,Finished Goods Production,Kenya,1
Vivo Basic Double Layered Wrap Poncho - Dark Green,Dark Green,Vivo City Mall,Kenya,1
Vivo Basic Double Layered Wrap Poncho - Dark Green,Dark Green,Vivo Junction,Kenya,1
Vivo Basic Double Layered Wrap Poncho - Dark Green,Dark Green,Vivo Yaya,Kenya,1
Vivo Basic Double Layered Wrap Poncho - Dark Red,Dark Red,Online - Shop Zetu,Online,8
Vivo Basic Double Layered Wrap Poncho - Dark Red,Dark Red,Vivo Acacia,Uganda,7
Vivo Basic Double Layered Wrap Poncho - Dark Red,Dark Red,Vivo Kisumu,Kenya,5
Vivo Basic Double Layered Wrap Poncho - Dark Red,Dark Red,The Oasis Mall,Uganda,5
Vivo Basic Double Layered Wrap Poncho - Dark Red,Dark Red,Vivo Nakuru,Kenya,4
Vivo Basic Double Layered Wrap Poncho - Dark Red,Dark Red,Vivo Sarit,Kenya,4
Vivo Basic Double Layered Wrap Poncho - Dark Red,Dark Red,Vivo City Mall,Kenya,3
Vivo Basic Double Layered Wrap Poncho - Dark Red,Dark Red,Vivo Garden City,Kenya,3
Vivo Basic Double Layered Wrap Poncho - Dark Red,Dark Red,Vivo Greenspan,Kenya,3
Vivo Basic Double Layered Wrap Poncho - Dark Red,Dark Red,Vivo Junction,Kenya,3
Vivo Basic Double Layered Wrap Poncho - Dark Red,Dark Red,Vivo Kigali Heights,Rwanda,3
Vivo Basic Double Layered Wrap Poncho - Dark Red,Dark Red,Vivo Galleria,Kenya,2
Vivo Basic Double Layered Wrap Poncho - Dark Red,Dark Red,Vivo Hub,Kenya,2
Vivo Basic Double Layered Wrap Poncho - Dark Red,Dark Red,Vivo Imaara,Kenya,2
Vivo Basic Double Layered Wrap Poncho - Dark Red,Dark Red,Vivo Mama Ngina St,Kenya,2
Vivo Basic Double Layered Wrap Poncho - Dark Red,Dark Red,Vivo Moi Avenue,Kenya,2
Vivo Basic Double Layered Wrap Poncho - Dark Red,Dark Red,Vivo Runda,Kenya,2
Vivo Basic Double Layered Wrap Poncho - Dark Red,Dark Red,Vivo Signature Mall,Kenya,2
Vivo Basic Double Layered Wrap Poncho - Dark Red,Dark Red,Vivo TRM,Kenya,2
Vivo Basic Double Layered Wrap Poncho - Dark Red,Dark Red,Vivo Two Rivers,Kenya,2
Vivo Basic Double Layered Wrap Poncho - Dark Red,Dark Red,Finished Goods Production,Kenya,1
Vivo Basic Double Layered Wrap Poncho - Dark Red,Dark Red,Vivo MSA Digo Road,Kenya,1
Vivo Basic Double Layered Wrap Poncho - Dark Red,Dark Red,Vivo Village Market,Kenya,1
Vivo Basic Double Layered Wrap Poncho - Dark Red,Dark Red,Warehouse Finished Goods,Kenya,1
Vivo Basic Double Layered Wrap Poncho - Fuschia,Fuschia,Vivo Kisumu,Kenya,4
Vivo Basic Double Layered Wrap Poncho - Fuschia,Fuschia,Vivo T- Mall,Kenya,4
Vivo Basic Double Layered Wrap Poncho - Fuschia,Fuschia,Vivo Galleria,Kenya,3
Vivo Basic Double Layered Wrap Poncho - Fuschia,Fuschia,Vivo Greenspan,Kenya,3
Vivo Basic Double Layered Wrap Poncho - Fuschia,Fuschia,Vivo MSA Digo Road,Kenya,3
Vivo Basic Double Layered Wrap Poncho - Fuschia,Fuschia,Vivo Signature Mall,Kenya,3
Vivo Basic Double Layered Wrap Poncho - Fuschia,Fuschia,Vivo City Mall,Kenya,2
Vivo Basic Double Layered Wrap Poncho - Fuschia,Fuschia,Vivo Imaara,Kenya,2
Vivo Basic Double Layered Wrap Poncho - Fuschia,Fuschia,Vivo Junction,Kenya,1
Vivo Basic Double Layered Wrap Poncho - Fuschia,Fuschia,Vivo Meru,Kenya,1
Vivo Basic Double Layered Wrap Poncho - Fuschia,Fuschia,Vivo Nakuru,Kenya,1
Vivo Basic Double Layered Wrap Poncho - Fuschia,Fuschia,Vivo TRM,Kenya,1
Vivo Basic Double Layered Wrap Poncho - Ivory,Ivory,The Oasis Mall,Uganda,1
Vivo Basic Double Layered Wrap Poncho - Ivory,Ivory,Vivo Meru,Kenya,1
Vivo Basic Double Layered Wrap Poncho - Light Navy Blue,Light Navy Blue,Vivo Greenspan,Kenya,4
Vivo Basic Double Layered Wrap Poncho - Light Navy Blue,Light Navy Blue,Vivo Runda,Kenya,3
Vivo Basic Double Layered Wrap Poncho - Light Navy Blue,Light Navy Blue,The Oasis Mall,Uganda,3
Vivo Basic Double Layered Wrap Poncho - Light Navy Blue,Light Navy Blue,Vivo Acacia,Uganda,2
Vivo Basic Double Layered Wrap Poncho - Light Navy Blue,Light Navy Blue,Vivo Kigali Heights,Rwanda,2
Vivo Basic Double Layered Wrap Poncho - Light Navy Blue,Light Navy Blue,Finished Goods Production,Kenya,1
Vivo Basic Double Layered Wrap Poncho - Light Navy Blue,Light Navy Blue,Vivo Kileleshwa,Kenya,1
Vivo Basic Double Layered Wrap Poncho - Light Navy Blue,Light Navy Blue,Vivo Meru,Kenya,1
Vivo Basic Double Layered Wrap Poncho - Mustard,Mustard,Vivo Acacia,Uganda,7
Vivo Basic Double Layered Wrap Poncho - Mustard,Mustard,Vivo Greenspan,Kenya,5
Vivo Basic Double Layered Wrap Poncho - Mustard,Mustard,Vivo Galleria,Kenya,4
Vivo Basic Double Layered Wrap Poncho - Mustard,Mustard,Vivo Nakuru,Kenya,4
Vivo Basic Double Layered Wrap Poncho - Mustard,Mustard,Vivo Two Rivers,Kenya,4
Vivo Basic Double Layered Wrap Poncho - Mustard,Mustard,The Oasis Mall,Uganda,4
Vivo Basic Double Layered Wrap Poncho - Mustard,Mustard,Vivo Signature Mall,Kenya,3
Vivo Basic Double Layered Wrap Poncho - Mustard,Mustard,Vivo Kigali Heights,Rwanda,3
Vivo Basic Double Layered Wrap Poncho - Mustard,Mustard,Vivo City Mall,Kenya,2
Vivo Basic Double Layered Wrap Poncho - Mustard,Mustard,Vivo Imaara,Kenya,2
Vivo Basic Double Layered Wrap Poncho - Mustard,Mustard,Vivo Kisumu,Kenya,2
Vivo Basic Double Layered Wrap Poncho - Mustard,Mustard,Vivo Meru,Kenya,2
Vivo Basic Double Layered Wrap Poncho - Mustard,Mustard,Vivo T- Mall,Kenya,2
Vivo Basic Double Layered Wrap Poncho - Mustard,Mustard,Vivo TRM,Kenya,2
Vivo Basic Double Layered Wrap Poncho - Mustard,Mustard,Vivo Garden City,Kenya,1
Vivo Basic Double Layered Wrap Poncho - Mustard,Mustard,Vivo Kileleshwa,Kenya,1
Vivo Basic Double Layered Wrap Poncho - Mustard,Mustard,Vivo MSA Digo Road,Kenya,1
Vivo Basic Double Layered Wrap Poncho - Mustard,Mustard,Vivo Runda,Kenya,1
Vivo Basic Double Layered Wrap Poncho - Mustard,Mustard,Online - Shop Zetu,Online,1
Vivo Basic Double Layered Wrap Poncho - Off White - OFF WHITE / V0819102 / F,Off White,Online - Shop Zetu,Online,5
Vivo Basic Double Layered Wrap Poncho - Off White - OFF WHITE / V0819102 / F,Off White,Vivo Kigali Heights,Rwanda,4
Vivo Basic Double Layered Wrap Poncho - Off White - OFF WHITE / V0819102 / F,Off White,The Oasis Mall,Uganda,3
Vivo Double Layered Wrap Poncho - Pink - PINK / 0819102 / F,Pink,Online - Shop Zetu,Online,6
Vivo Double Layered Wrap Poncho - Pink - PINK / 0819102 / F,Pink,The Oasis Mall,Uganda,4
Vivo Double Layered Wrap Poncho - Pink - PINK / 0819102 / F,Pink,Vivo Acacia,Uganda,4
Vivo Basic Double Layered Wrap Poncho - Rust,Rust,Online - Shop Zetu,Online,16
Vivo Basic Double Layered Wrap Poncho - Rust,Rust,The Oasis Mall,Uganda,6
Vivo Basic Double Layered Wrap Poncho - Rust,Rust,Vivo Garden City,Kenya,6
Vivo Basic Double Layered Wrap Poncho - Rust,Rust,Vivo Signature Mall,Kenya,6
Vivo Basic Double Layered Wrap Poncho - Rust,Rust,Vivo Acacia,Uganda,5
Vivo Basic Double Layered Wrap Poncho - Rust,Rust,Vivo City Mall,Kenya,4
Vivo Basic Double Layered Wrap Poncho - Rust,Rust,Vivo Greenspan,Kenya,2
Vivo Basic Double Layered Wrap Poncho - Rust,Rust,Vivo Runda,Kenya,2
Vivo Basic Double Layered Wrap Poncho - Rust,Rust,Finished Goods Production,Kenya,1
Vivo Basic Double Layered Wrap Poncho - Rust,Rust,Vivo Capital Centre,Kenya,1
Vivo Basic Double Layered Wrap Poncho - Rust,Rust,Vivo MSA Digo Road,Kenya,1
Vivo Basic Double Layered Wrap Poncho - Rust,Rust,Vivo Meru,Kenya,1
Vivo Basic Double Layered Wrap Poncho - Rust,Rust,Vivo Nakuru,Kenya,1
Vivo Basic Double Layered Wrap Poncho - Rust,Rust,Vivo Two Rivers,Kenya,1
Vivo Basic Double Layered Wrap Poncho - Rust,Rust,Vivo Village Market,Kenya,1
Vivo Basic Double Layered Wrap Poncho - Rust,Rust,Warehouse Finished Goods,Kenya,1
Vivo Basic Double Layered Wrap Poncho - Teal,Teal,Vivo Acacia,Uganda,2
Vivo Basic Double Layered Wrap Poncho - Teal,Teal,Vivo Kileleshwa,Kenya,1
Vivo Basic Double Layered Wrap Poncho - Teal,Teal,Vivo TRM,Kenya,1
Vivo Basic Double Layered Wrap Poncho - Teal,Teal,The Oasis Mall,Uganda,1

--- SUMMARY BY COLOR ---
Vivo Basic Double Layered Wrap Poncho - Dark Red,Dark Red,,,70
Vivo Basic Double Layered Wrap Poncho - Rust,Rust,,,55
Vivo Basic Double Layered Wrap Poncho - Mustard,Mustard,,,51
Vivo Basic Double Layered Wrap Poncho - Black,Black,,,29
Vivo Basic Double Layered Wrap Poncho - Fuschia,Fuschia,,,28
Vivo Basic Double Layered Wrap Poncho - Light Navy Blue,Light Navy Blue,,,17
Vivo Double Layered Wrap Poncho - Pink - PINK / 0819102 / F,Pink,,,14
Vivo Basic Double Layered Wrap Poncho - Off White - OFF WHITE / V0819102 / F,Off White,,,12
Vivo Basic Double Layered Wrap Poncho - Dark Green,Dark Green,,,8
Vivo Basic Double Layered Wrap Poncho - Teal,Teal,,,5
Vivo Basic Double Layered Wrap Poncho - Ivory,Ivory,,,2

GRAND TOTAL,,,,291
