Order Ref,Order ID,Gross Total,Discount,Returns,Net Total (net of discount+returns)
Hub/0773 REFUND,28473,0,0,6500,-6500
Junction/0687 REFUND,19060,4200,0,4200,0
Junction/0771 REFUND,20024,5900,0,5900,0
Junction/1015,18987,14000,0,0,14000
Junction/1016,18996,3500,0,0,3500
Junction/1017,18998,4900,0,0,4900
Junction/1018,19020,12600,0,0,12600
Junction/1019,19039,10800,0,0,10800
Junction/1020,19050,6500,0,0,6500
Junction/1021,19085,3500,0,0,3500
Junction/1022,19092,15900,0,0,15900
Junction/1023,19108,11000,0,0,11000
Junction/1024,19141,5500,0,0,5500
Junction/1025,19146,6700,0,0,6700
Junction/1026,19175,16500,0,0,16500
Junction/1027,19176,3900,0,0,3900
Junction/1028,19179,4900,0,0,4900
Junction/1029,19200,14500,0,0,14500
Junction/1030,19238,30700,0,0,30700
Junction/1031,19240,7700,0,0,7700
Junction/1032,19242,2900,0,0,2900
Junction/1033,19267,4900,0,0,4900
Junction/1034,19270,6700,0,0,6700
Junction/1035,19276,25200,0,0,25200
Junction/1036,19286,37700,0,0,37700
Junction/1037,19305,5900,0,0,5900
Junction/1038,19351,8800,0,0,8800
Junction/1039,19374,6700,0,0,6700
Junction/1040,19380,3500,0,0,3500
Junction/1041,19391,5500,0,0,5500
Junction/1042,19429,14000,0,0,14000
Junction/1043,19448,20000,0,0,20000
Junction/1044,19454,1200,0,0,1200
Junction/1045,19458,11000,0,0,11000
Junction/1046,19490,6400,0,0,6400
Junction/1047,19509,17450,0,0,17450
Junction/1048,19521,5900,0,0,5900
Junction/1049,19522,12200,0,0,12200
Junction/1050,19524,3900,0,0,3900
Junction/1051,19526,4500,0,0,4500
Junction/1052,19555,21400,0,0,21400
Junction/1053,19556,10050,0,0,10050
Junction/1054,19585,10100,0,0,10100
Junction/1055,19611,14600,0,0,14600
Junction/1056,19613,7800,0,0,7800
Junction/1057,19662,6500,0,0,6500
Junction/1058,19670,32100,0,0,32100
Junction/1059,19679,3500,0,0,3500
Junction/1060,19704,6900,0,0,6900
Junction/1061,19708,12100,0,0,12100
Junction/1062,19714,5550,0,0,5550
Junction/1063,19730,5550,0,0,5550
Junction/1064,19734,13700,0,0,13700
Junction/1065,19737,7800,0,0,7800
Junction/1066,19744,3900,0,0,3900
Junction/1067,19748,1400,0,0,1400
Junction/1068,19757,6500,0,0,6500
Junction/1069,19769,5550,0,0,5550
Junction/1070,19771,12900,0,0,12900
Junction/1071,19778,5500,0,0,5500
Junction/1072,19796,5550,0,0,5550
Junction/1073,19802,11000,0,0,11000
Junction/1074,19824,6900,0,0,6900
Junction/1075,19837,8700,0,0,8700
Junction/1076,19841,36750,0,0,36750
Junction/1077,19882,12600,0,0,12600
Junction/1078,19883,4200,0,0,4200
Junction/1079,19884,7000,0,0,7000
Junction/1080,19907,6900,0,0,6900
Junction/1081,19914,4500,0,0,4500
Junction/1082,19915,19350,0,0,19350
Junction/1083,19931,6750,0,0,6750
Junction/1084,19934,7000,0,0,7000
Junction/1085,19941,3200,0,0,3200
Junction/1086,19954,4700,0,0,4700
Junction/1087,19972,8000,0,0,8000
Junction/1088,19985,9400,0,0,9400
Junction/1089,20001,5500,0,0,5500
Junction/1090,20008,10050,0,0,10050
Junction/1091,20009,3900,0,0,3900
Junction/1092,20018,25300,0,0,25300
Junction/1093,20020,4500,0,0,4500
Junction/1094,20025,8100,0,0,8100
Junction/1095,20034,8400,0,0,8400
Junction/1096,20037,5500,0,0,5500
Junction/1097,20050,2500,0,0,2500
Junction/1098,20062,33000,0,0,33000
Junction/1099,20072,3900,0,0,3900
Junction/1100,20073,8000,0,0,8000
Junction/1101,20074,7200,0,0,7200
Junction/1102,20093,2000,0,0,2000
Junction/1103,20099,6650,0,0,6650
Junction/1104,20133,6400,0,0,6400
Junction/1105,20137,3500,0,0,3500
Junction/1106,20157,2200,0,0,2200
Junction/1107,20160,8400,0,0,8400
Junction/1108,20186,11400,0,0,11400
Junction/1109,20199,5550,0,0,5550
Junction/1110,20200,5900,0,0,5900
Junction/1111,20206,5550,0,0,5550
Junction/1112,20223,5550,0,0,5550
Junction/1113,20228,9000,0,0,9000
Junction/1114,20237,11500,0,0,11500
Junction/1115,20247,3900,0,0,3900
Junction/1116,20249,5550,0,0,5550
Junction/1117,20257,13900,0,0,13900
Junction/1118,20259,4900,0,0,4900
Junction/1119,20309,16200,0,0,16200
Junction/1120,20354,3600,0,0,3600
Junction/1121,20398,3900,0,0,3900
Junction/1122,20434,8000,0,0,8000
Junction/1123,20436,11400,0,0,11400
Junction/1124,20444,3900,0,0,3900
Junction/1125,20462,4900,0,0,4900
Junction/1126,20517,9400,0,0,9400
Junction/1127,20528,3900,0,0,3900
Junction/1128,20544,23500,0,0,23500
Junction/1129,20548,3000,0,0,3000
Junction/1130,20616,17200,0,0,17200
Junction/1131,20619,3900,0,0,3900
Junction/1132,20626,9800,0,0,9800
Junction/1134,20630,15200,0,0,15200
Junction/1135,20639,17900,0,0,17900
Junction/1136,20675,6900,0,0,6900
Junction/1136 REFUND,20681,0,0,6900,-6900
Junction/1137,20683,6900,0,0,6900
Junction/1138,20684,3500,0,0,3500
Junction/1139,20686,6900,0,0,6900
Junction/1140,20705,23400,0,0,23400
Junction/1141,20707,2500,0,0,2500
Junction/1142,20733,11100,0,0,11100
Junction/1143,20741,3500,0,0,3500
Junction/1144,20744,12000,0,0,12000
Junction/1145,20745,4200,0,0,4200
Junction/1146,20761,4900,0,0,4900
Junction/1147,20810,2900,0,0,2900
Junction/1148,20815,6500,0,0,6500
Junction/1149,20827,6900,0,0,6900
Junction/1150,20835,17300,0,0,17300
Junction/1151,20839,12300,0,0,12300
Junction/1152,20848,4500,0,0,4500
Junction/1153,20859,3900,0,0,3900
Junction/1154,20912,12800,0,0,12800
Junction/1155,20924,6700,0,0,6700
Junction/1156,20945,11600,0,0,11600
Junction/1157,20953,6400,0,0,6400
Junction/1158,20960,8100,0,0,8100
Junction/1159,20965,6800,0,0,6800
Junction/1160,20989,6700,0,0,6700
Junction/1161,20995,3900,0,0,3900
Junction/1162,21006,23500,0,0,23500
Junction/1163,21023,41400,0,0,41400
Junction/1164,21031,6400,0,0,6400
Junction/1165,21038,14000,0,0,14000
Junction/1166,21042,4900,0,0,4900
Junction/1167,21052,12900,0,0,12900
Junction/1168,21078,6700,0,0,6700
Junction/1169,21127,13900,0,0,13900
Junction/1170,21128,6700,0,0,6700
Junction/1171,21130,22850,0,0,22850
Junction/1172,21143,4900,0,0,4900
Junction/1173,21153,14300,0,0,14300
Junction/1174,21162,5550,0,0,5550
Junction/1175,21182,10200,0,0,10200
Junction/1176,21202,8400,0,0,8400
Junction/1177,21212,3900,0,0,3900
Junction/1178,21235,6700,0,0,6700
Junction/1179,21244,5550,0,0,5550
Junction/1180,21271,16200,0,0,16200
Junction/1181,21282,10700,0,0,10700
Junction/1182,21289,16700,0,0,16700
Junction/1183,21293,37100,0,0,37100
Junction/1184,21304,5000,0,0,5000
Junction/1185,21312,8100,0,0,8100
Junction/1186,21313,4900,0,0,4900
Junction/1187,21317,4500,0,0,4500
Junction/1188,21347,10400,0,0,10400
Junction/1189,21359,8100,0,0,8100
Junction/1190,21372,10000,0,0,10000
Junction/1191,21385,5500,0,0,5500
Junction/1192,21404,3500,0,0,3500
Junction/1193,21419,5550,0,0,5550
Junction/1194,21421,37700,0,0,37700
Junction/1195,21422,14550,0,0,14550
Junction/1196,21434,74850,0,0,74850
Junction/1197,21447,31900,0,0,31900
Junction/1198,21448,10400,0,0,10400
Junction/1199,21451,1400,0,0,1400
Junction/1200,21466,5500,0,0,5500
Junction/1201,21481,5000,0,0,5000
Junction/1202,21490,5550,0,0,5550
Junction/1203,21498,5550,0,0,5550
Junction/1204,21520,12500,0,0,12500
Junction/1205,21521,2900,0,0,2900
Junction/1206,21554,14700,0,0,14700
Junction/1207,21556,8700,0,0,8700
Junction/1208,21574,3500,0,0,3500
Junction/1209,21583,17400,0,0,17400
Junction/1210,21590,4900,0,0,4900
Junction/1211,21595,5550,0,0,5550
Junction/1212,21598,4950,0,0,4950
Junction/1213,21608,8400,0,0,8400
Junction/1214,21616,9000,0,0,9000
Junction/1215,21635,11050,0,0,11050
Junction/1216,21662,7800,0,0,7800
Junction/1217,21669,6900,0,0,6900
Junction/1218,21689,4200,0,0,4200
Junction/1219,21704,5500,0,0,5500
Junction/1220,21718,9700,0,0,9700
Junction/1221,21724,5550,0,0,5550
Junction/1222,21725,20100,0,0,20100
Junction/1223,21733,8400,0,0,8400
Junction/1224,21744,37500,0,0,37500
Junction/1225,21745,5900,0,0,5900
Junction/1226,21771,5550,0,0,5550
Junction/1227,21778,4900,0,0,4900
Junction/1228,21780,14550,0,0,14550
Junction/1229,21782,16600,0,0,16600
Junction/1230,21784,22200,0,0,22200
Junction/1231,21788,3200,0,0,3200
Junction/1232,21797,9750,0,0,9750
Junction/1233,21807,7400,0,0,7400
Junction/1234,21809,5500,0,0,5500
Junction/1235,21823,11000,0,0,11000
Junction/1236,21829,5550,0,0,5550
Junction/1237,21830,3800,0,0,3800
Junction/1238,21850,8000,0,0,8000
Junction/1239,21857,9800,0,0,9800
Junction/1240,21859,700,0,0,700
Junction/1241,21874,7000,0,0,7000
Junction/1242,21879,2500,0,0,2500
Junction/1243,21886,5550,0,0,5550
Junction/1244,21890,7400,0,0,7400
Junction/1245,21901,5900,0,0,5900
Junction/1246,21911,5500,0,0,5500
Junction/1247,21914,4500,0,0,4500
Junction/1248,21915,9150,0,0,9150
Junction/1249,21916,4950,0,0,4950
Junction/1250,21919,3500,0,0,3500
Junction/1251,21920,7400,0,0,7400
Junction/1252,21923,7400,0,0,7400
Junction/1253,21930,33100,0,0,33100
Junction/1254,21939,8500,0,0,8500
Junction/1255,21949,4900,0,0,4900
Junction/1256,21960,5900,0,0,5900
Junction/1257,21967,7400,0,0,7400
Junction/1258,21970,6800,0,0,6800
Junction/1259,21972,1200,0,0,1200
Junction/1260,21978,6900,0,0,6900
Junction/1261,21983,16500,0,0,16500
Junction/1262,22007,7000,0,0,7000
Junction/1263,22010,10800,0,0,10800
Junction/1264,22011,10400,0,0,10400
Junction/1265,22036,10400,0,0,10400
Junction/1266,22039,5500,0,0,5500
Junction/1267,22050,4500,0,0,4500
Junction/1268,22060,27500,0,0,27500
Junction/1269,22077,3500,0,0,3500
Junction/1270,22113,5550,0,0,5550
Junction/1271,22128,21300,0,0,21300
Junction/1272,22129,32900,0,0,32900
Junction/1273,22138,19700,0,0,19700
Junction/1274,22146,8400,0,0,8400
Junction/1275,22156,11100,0,0,11100
Junction/1276,22170,10850,0,0,10850
Junction/1277,22173,7000,0,0,7000
Junction/1278,22202,18800,0,0,18800
Junction/1279,22208,8400,0,0,8400
Junction/1280,22209,5000,0,0,5000
Junction/1281,22211,5500,0,0,5500
Junction/1282,22215,14100,0,0,14100
Junction/1283,22219,3900,0,0,3900
Junction/1284,22223,5000,0,0,5000
Junction/1285,22230,8400,0,0,8400
Junction/1286,22237,4950,0,0,4950
Junction/1287,22238,10000,0,0,10000
Junction/1288,22264,16450,0,0,16450
Junction/1289,22265,8000,0,0,8000
Junction/1290,22273,3800,0,0,3800
Junction/1291,22279,5550,0,0,5550
Junction/1292,22325,5550,0,0,5550
Junction/1293,22332,5550,0,0,5550
Junction/1294,22336,10900,0,0,10900
Junction/1295,22341,54700,0,0,54700
Junction/1296,22347,23800,0,0,23800
Junction/1297,22349,5000,0,0,5000
Junction/1298,22366,5550,0,0,5550
Junction/1299,22381,9000,0,0,9000
Junction/1300,22387,34000,0,0,34000
Junction/1301,22388,14500,0,0,14500
Junction/1302,22394,6900,0,0,6900
Junction/1303,22404,25400,0,0,25400
Junction/1304,22406,2500,0,0,2500
Junction/1305,22408,13800,0,0,13800
Junction/1306,22411,18900,0,0,18900
Junction/1307,22423,4900,0,0,4900
Junction/1308,22425,11200,0,0,11200
Junction/1308 REFUND,22478,11200,0,11200,0
Junction/1309,22427,6000,0,0,6000
Junction/1310,22443,10000,0,0,10000
Junction/1311,22451,53700,0,0,53700
Junction/1312,22467,5900,0,0,5900
Junction/1313,22486,6900,0,0,6900
Junction/1314,22489,1500,0,0,1500
Junction/1315,22490,30000,0,0,30000
Junction/1316,22497,3200,0,0,3200
Junction/1317,22507,4800,0,0,4800
Junction/1318,22517,5900,0,0,5900
Junction/1319,22570,13300,0,0,13300
Junction/1320,22571,36700,0,0,36700
Junction/1321,22572,10100,0,0,10100
Junction/1322,22616,24100,0,0,24100
Junction/1323,22642,46400,0,0,46400
Junction/1324,22667,5500,0,0,5500
Junction/1325,22677,14400,0,0,14400
Junction/1325 REFUND,24423,0,0,6400,-6400
Junction/1326,22683,9800,0,0,9800
Junction/1327,22694,12600,0,0,12600
Junction/1328,22699,5500,0,0,5500
Junction/1329,22729,5500,0,0,5500
Junction/1330,22753,13600,0,0,13600
Junction/1331,22768,2500,0,0,2500
Junction/1332,22791,11500,0,0,11500
Junction/1333,22802,5300,0,0,5300
Junction/1334,22804,17300,0,0,17300
Junction/1335,22837,15300,0,0,15300
Junction/1336,22856,3900,0,0,3900
Junction/1337,22858,4900,0,0,4900
Junction/1338,22861,8000,0,0,8000
Junction/1339,22865,5550,0,0,5550
Junction/1340,22877,7900,0,0,7900
Junction/1341,22918,13200,0,0,13200
Junction/1342,22931,11400,0,0,11400
Junction/1343,22968,5900,0,0,5900
Junction/1344,22969,21000,0,0,21000
Junction/1345,22990,2900,0,0,2900
Junction/1346,23001,5500,0,0,5500
Junction/1347,23002,10450,0,0,10450
Junction/1348,23024,6900,0,0,6900
Junction/1349,23031,1500,0,0,1500
Junction/1350,23056,23600,0,0,23600
Junction/1350 REFUND,23615,0,0,3500,-3500
Junction/1351,23058,4900,0,0,4900
Junction/1352,23061,5900,0,0,5900
Junction/1353,23068,17850,0,0,17850
Junction/1354,23091,8850,0,0,8850
Junction/1355,23103,11100,0,0,11100
Junction/1356,23124,12400,0,0,12400
Junction/1357,23147,5550,0,0,5550
Junction/1358,23170,8000,0,0,8000
Junction/1359,23186,5500,0,0,5500
Junction/1360,23197,11050,0,0,11050
Junction/1361,23198,5550,0,0,5550
Junction/1362,23215,1500,0,0,1500
Junction/1363,23216,5500,0,0,5500
Junction/1364,23222,9450,0,0,9450
Junction/1365,23224,7100,0,0,7100
Junction/1366,23225,3900,0,0,3900
Junction/1367,23233,17900,0,0,17900
Junction/1368,23238,4950,0,0,4950
Junction/1369,23254,16800,0,0,16800
Junction/1370,23270,5500,0,0,5500
Junction/1371,23280,5500,0,0,5500
Junction/1372,23290,15700,0,0,15700
Junction/1373,23298,6900,0,0,6900
Junction/1374,23315,4900,0,0,4900
Junction/1375,23398,25500,0,0,25500
Junction/1376,23403,4950,0,0,4950
Junction/1377,23407,22400,0,0,22400
Junction/1378,23413,6700,0,0,6700
Junction/1379,23414,4500,0,0,4500
Junction/1380,23426,4900,0,0,4900
Junction/1381,23436,10600,0,0,10600
Junction/1382,23453,6800,0,0,6800
Junction/1383,23467,5900,0,0,5900
Junction/1384,23472,1500,0,0,1500
Junction/1385,23523,10300,0,0,10300
Junction/1386,23531,6500,0,0,6500
Junction/1388,23535,5800,0,0,5800
Junction/1389,23537,10300,0,0,10300
Junction/1390,23551,5500,0,0,5500
Junction/1391,23552,5550,0,0,5550
Junction/1392,23563,9000,0,0,9000
Junction/1393,23572,10400,0,0,10400
Junction/1394,23576,29400,0,0,29400
Junction/1395,23578,1200,0,0,1200
Junction/1396,23593,17200,0,0,17200
Junction/1397,23607,4200,0,0,4200
Junction/1398,23609,11650,0,0,11650
Junction/1399,23612,10200,0,0,10200
Junction/1400,23617,5500,0,0,5500
Junction/1401,23650,8400,0,0,8400
Junction/1402,23658,21000,0,0,21000
Junction/1403,23667,10900,0,0,10900
Junction/1405,23673,8600,0,0,8600
Junction/1406,23676,4700,0,0,4700
Junction/1407,23744,2500,0,0,2500
Junction/1408,23783,7500,0,0,7500
Junction/1409,23800,2500,0,0,2500
Junction/1410,23803,10400,0,0,10400
Junction/1411,23809,13300,0,0,13300
Junction/1412,23814,7800,0,0,7800
Junction/1414,23819,8800,0,0,8800
Junction/1415,23829,11100,0,0,11100
Junction/1416,23839,28400,0,0,28400
Junction/1417,23852,3700,0,0,3700
Junction/1418,23900,7800,0,0,7800
Junction/1419,23902,10400,0,0,10400
Junction/1420,23903,14900,0,0,14900
Junction/1421,23908,9200,0,0,9200
Junction/1422,23916,3500,0,0,3500
Junction/1423,23923,11900,0,0,11900
Junction/1424,23927,20700,0,0,20700
Junction/1425,23933,10300,0,0,10300
Junction/1426,23937,7800,0,0,7800
Junction/1427,23954,18800,0,0,18800
Junction/1428,23973,6200,0,0,6200
Junction/1429,23983,3500,0,0,3500
Junction/1430,23985,12300,0,0,12300
Junction/1431,23990,8000,0,0,8000
Junction/1432,23994,9900,0,0,9900
Junction/1433,24015,5900,0,0,5900
Junction/1434,24021,10600,0,0,10600
Junction/1435,24033,9800,0,0,9800
Junction/1436,24040,19000,0,0,19000
Junction/1436 REFUND,24534,0,0,9800,-9800
Junction/1437,24041,15850,0,0,15850
Junction/1438,24043,15900,0,0,15900
Junction/1439,24048,8100,0,0,8100
Junction/1440,24049,3800,0,0,3800
Junction/1441,24051,11700,0,0,11700
Junction/1442,24057,7400,0,0,7400
Junction/1443,24061,27100,0,0,27100
Junction/1444,24070,10400,0,0,10400
Junction/1445,24074,7000,0,0,7000
Junction/1446,24080,17850,0,0,17850
Junction/1447,24082,9900,0,0,9900
Junction/1448,24092,9200,0,0,9200
Junction/1449,24100,7400,0,0,7400
Junction/1450,24103,6400,0,0,6400
Junction/1451,24111,31400,0,0,31400
Junction/1452,24116,52700,0,0,52700
Junction/1453,24125,61100,0,0,61100
Junction/1454,24133,9200,0,0,9200
Junction/1455,24134,17100,0,0,17100
Junction/1456,24138,6400,0,0,6400
Junction/1457,24139,13400,0,0,13400
Junction/1458,24140,33200,0,0,33200
Junction/1459,24141,9700,0,0,9700
Junction/1460,24143,3500,0,0,3500
Junction/1461,24144,15400,0,0,15400
Junction/1462,24145,2900,0,0,2900
Junction/1463,24159,5900,0,0,5900
Junction/1464,24173,11400,0,0,11400
Junction/1465,24191,5500,0,0,5500
Junction/1466,24192,3200,0,0,3200
Junction/1467,24252,4500,0,0,4500
Junction/1468,24256,13700,0,0,13700
Junction/1469,24260,5900,0,0,5900
Junction/1470,24294,12400,0,0,12400
Junction/1471,24309,7700,0,0,7700
Junction/1471 REFUND,27676,0,0,3315,-3315
Junction/1472,24330,3900,0,0,3900
Junction/1473,24331,17300,0,0,17300
Junction/1474,24344,12700,0,0,12700
Junction/1474 REFUND,24471,0,0,3900,-3900
Junction/1475,24382,39300,0,0,39300
Junction/1476,24429,8600,0,0,8600
Junction/1477,24439,5550,0,0,5550
Junction/1479,24443,8500,0,0,8500
Junction/1480,24445,3500,0,0,3500
Junction/1481,24452,30500,0,0,30500
Junction/1482,24460,4000,0,0,4000
Junction/1483,24475,7400,0,0,7400
Junction/1484,24497,37300,0,0,37300
Junction/1485,24500,7400,0,0,7400
Junction/1486,24503,9400,0,0,9400
Junction/1487,24506,2500,0,0,2500
Junction/1488,24526,4900,0,0,4900
Junction/1489,24541,9900,0,0,9900
Junction/1490,24569,10300,0,0,10300
Junction/1491,24606,2500,0,0,2500
Junction/1492,24623,14300,0,0,14300
Junction/1493,24665,6400,0,0,6400
Junction/1494,24669,4200,0,0,4200
Junction/1495,24680,6500,0,0,6500
Junction/1496,24689,9800,0,0,9800
Junction/1497,24706,18000,0,0,18000
Junction/1498,24708,5550,0,0,5550
Junction/1499,24725,8400,0,0,8400
Junction/1500,24735,8800,0,0,8800
Junction/1501,24742,6400,0,0,6400
Junction/1502,24747,26300,0,0,26300
Junction/1503,24748,4700,0,0,4700
Junction/1504,24749,16000,0,0,16000
Junction/1505,24770,6200,0,0,6200
Junction/1506,24801,6400,0,0,6400
Junction/1507,24819,7400,0,0,7400
Junction/1508,24828,5800,0,0,5800
Junction/1509,24831,5000,0,0,5000
Junction/1510,24842,7000,0,0,7000
Junction/1511,24869,1500,0,0,1500
Junction/1512,24873,8950,0,0,8950
Junction/1513,24882,11300,0,0,11300
Junction/1514,24888,5500,0,0,5500
Junction/1515,24939,5800,0,0,5800
Junction/1516,24948,7400,0,0,7400
Junction/1517,24961,19500,0,0,19500
Junction/1518,24969,5400,0,0,5400
Junction/1519,24977,8900,0,0,8900
Junction/1520,24984,7700,0,0,7700
Junction/1521,24989,9200,0,0,9200
Junction/1522,25005,15000,0,0,15000
Junction/1523,25007,11400,0,0,11400
Junction/1524,25014,12000,0,0,12000
Junction/1525,25020,11700,0,0,11700
Junction/1526,25029,46100,0,0,46100
Junction/1527,25048,5800,0,0,5800
Junction/1528,25054,23300,0,0,23300
Junction/1529,25063,9400,0,0,9400
Junction/1530,25066,3900,0,0,3900
Junction/1531,25071,4950,0,0,4950
Junction/1532,25078,5900,0,0,5900
Junction/1533,25084,8400,0,0,8400
Junction/1534,25090,4500,0,0,4500
Junction/1535,25103,48200,0,0,48200
Junction/1536,25107,1500,0,0,1500
Junction/1537,25137,5500,0,0,5500
Junction/1538,25142,10800,0,0,10800
Junction/1539,25158,16900,0,0,16900
Junction/1540,25160,7400,0,0,7400
Junction/1541,25264,5500,0,0,5500
Junction/1542,25270,20500,0,0,20500
Junction/1542 REFUND,25958,0,0,4900,-4900
Junction/1543,25271,3800,0,0,3800
Junction/1544,25280,4950,0,0,4950
Junction/1545,25285,11200,0,0,11200
Junction/1546,25302,18900,0,0,18900
Junction/1549,25362,3500,0,0,3500
Junction/1550,25375,79350,0,0,79350
Junction/1551,25388,24000,0,0,24000
Junction/1552,25393,6800,0,0,6800
Junction/1553,25402,17800,0,0,17800
Junction/1554,25407,4500,0,0,4500
Junction/1555,25425,3900,0,0,3900
Junction/1556,25449,4900,0,0,4900
Junction/1557,25450,6500,0,0,6500
Junction/1558,25488,3550,0,0,3550
Junction/1559,25522,12300,0,0,12300
Junction/1560,25595,18900,0,0,18900
Junction/1561,25619,2500,0,0,2500
Junction/1562,25661,11800,0,0,11800
Junction/1563,25664,3900,0,0,3900
Junction/1564,25665,30400,0,0,30400
Junction/1565,25695,14400,0,0,14400
Junction/1566,25701,14900,0,0,14900
Junction/1567,25706,3900,0,0,3900
Junction/1568,25731,12900,0,0,12900
Junction/1569,25735,6500,0,0,6500
Junction/1570,25741,13150,0,0,13150
Junction/1571,25766,2500,0,0,2500
Junction/1572,25771,16450,0,0,16450
Junction/1573,25783,62250,0,0,62250
Junction/1574,25792,12000,0,0,12000
Junction/1575,25795,5500,0,0,5500
Junction/1576,25801,8300,0,0,8300
Junction/1577,25809,4950,0,0,4950
Junction/1578,25813,2500,0,0,2500
Junction/1579,25835,4900,0,0,4900
Junction/1580,25853,6500,0,0,6500
Junction/1581,25873,7700,0,0,7700
Junction/1582,25884,23900,0,0,23900
Junction/1583,25887,14600,0,0,14600
Junction/1584,25902,3500,0,0,3500
Junction/1585,25904,41700,0,0,41700
Junction/1586,25911,24100,0,0,24100
Junction/1587,25913,6200,0,0,6200
Junction/1588,25945,3900,0,0,3900
Junction/1589,25959,4900,0,0,4900
Junction/1590,25966,4200,0,0,4200
Junction/1591,25974,8400,0,0,8400
Junction/1592,26014,10300,0,0,10300
Junction/1593,26045,4900,0,0,4900
Junction/1594,26046,18900,0,0,18900
Junction/1595,26047,5500,0,0,5500
Junction/1596,26051,3900,0,0,3900
Junction/1597,26066,29900,0,0,29900
Junction/1598,26088,9600,0,0,9600
Junction/1599,26099,6900,0,0,6900
Junction/1600,26108,5800,0,0,5800
Junction/1601,26116,5000,0,0,5000
Junction/1602,26120,2500,0,0,2500
Junction/1603,26130,11800,0,0,11800
Junction/1604,26147,2500,0,0,2500
Junction/1605,26154,12200,0,0,12200
Junction/1606,26167,42100,0,0,42100
Junction/1607,26170,13700,0,0,13700
Junction/1608,26204,6700,0,0,6700
Junction/1609,26208,11000,0,0,11000
Junction/1610,26211,5550,0,0,5550
Junction/1611,26216,10000,0,0,10000
Junction/1617,26250,5900,0,0,5900
Junction/1618,26257,11600,0,0,11600
Junction/1619,26304,26350,0,0,26350
Junction/1620,26315,4950,0,0,4950
Junction/1621,26330,16700,0,0,16700
Junction/1622,26353,12450,0,0,12450
Junction/1623,26392,5800,0,0,5800
Junction/1627,26412,22900,0,0,22900
Junction/1631,26438,22200,0,0,22200
Junction/1632,26411,17300,0,0,17300
Junction/1633,26479,7700,0,0,7700
Junction/1634,26484,9400,0,0,9400
Junction/1635,26487,3500,0,0,3500
Junction/1636,26500,7800,0,0,7800
Junction/1637,26518,25500,0,0,25500
Junction/1638,26520,5550,0,0,5550
Junction/1639,26524,6400,0,0,6400
Junction/1640,26526,6900,0,0,6900
Junction/1641,26535,10800,0,0,10800
Junction/1642,26560,34300,0,0,34300
Junction/1643,26562,67100,0,0,67100
Junction/1644,26579,17600,0,0,17600
Junction/1645,26591,1500,0,0,1500
Junction/1646,26598,6200,0,0,6200
Junction/1647,26606,18000,0,0,18000
Junction/1648,26614,5550,0,0,5550
Junction/1649,26636,26700,0,0,26700
Junction/1650,26646,6200,0,0,6200
Junction/1651,26674,2500,0,0,2500
Junction/1652,26686,7480,0,0,7480
Junction/1653,26692,8800,0,0,8800
Junction/1654,26695,6200,0,0,6200
Junction/1655,26696,4950,0,0,4950
Junction/1656,26697,3500,0,0,3500
Junction/1657,26701,14350,0,0,14350
Junction/1658,26735,17900,0,0,17900
Junction/1659,26766,4750,0,0,4750
Junction/1660,26776,14100,0,0,14100
Junction/1662,26809,14700,0,0,14700
Junction/1663,26818,5800,0,0,5800
Junction/1664,26824,20000,0,0,20000
Junction/1665,26830,3000,0,0,3000
Junction/1666,26841,5500,0,0,5500
Junction/1667,26859,3500,0,0,3500
Junction/1668,26868,22000,0,0,22000
Junction/1669,26870,17500,0,0,17500
Junction/1670,26881,2500,0,0,2500
Junction/1670 REFUND,26926,2500,0,2500,0
Junction/1671,26883,9700,0,0,9700
Junction/1672,26886,6500,0,0,6500
Junction/1673,26897,17100,0,0,17100
Junction/1674,26916,26800,0,0,26800
Junction/1675,26922,5500,0,0,5500
Junction/1676,26931,4500,0,0,4500
Junction/1677,26940,14800,0,0,14800
Junction/1678,26949,60200,0,0,60200
Junction/1679,26958,2900,0,0,2900
Junction/1680,26959,16300,0,0,16300
Junction/1681,26964,3500,0,0,3500
Junction/1682,26980,10000,0,0,10000
Junction/1683,26983,4950,0,0,4950
Junction/1684,26988,14900,0,0,14900
Junction/1685,26991,9600,0,0,9600
Junction/1686,26994,4950,0,0,4950
Junction/1687,27003,6800,0,0,6800
Junction/1688,27007,3900,0,0,3900
Junction/1689,27015,11800,0,0,11800
Junction/1690,27035,16500,0,0,16500
Junction/1690 REFUND,27321,5500,0,5500,0
Junction/1691,27036,5900,0,0,5900
Junction/1692,27045,18000,0,0,18000
Junction/1693,27049,4950,0,0,4950
Junction/1694,27078,2500,0,0,2500
Junction/1695,27146,4700,0,0,4700
Junction/1696,27147,3500,0,0,3500
Junction/1697,27157,16500,0,0,16500
Junction/1698,27164,17500,0,0,17500
Junction/1699,27178,30600,0,0,30600
Junction/1700,27191,4500,0,0,4500
Junction/1701,27192,4900,0,0,4900
Junction/1702,27197,17800,0,0,17800
Junction/1707,27277,13400,0,0,13400
Junction/1708,27308,3900,0,0,3900
Junction/1709,27309,22300,0,0,22300
Junction/1710,27328,6400,0,0,6400
Junction/1711,27333,2900,0,0,2900
Junction/1712,27379,9400,0,0,9400
Junction/1713,27388,5550,0,0,5550
Junction/1714,27412,5500,0,0,5500
Junction/1715,27420,5550,0,0,5550
Junction/1716,27425,19800,0,0,19800
Junction/1717,27461,20500,0,0,20500
Junction/1718,27471,2500,0,0,2500
Junction/1719,27494,10400,0,0,10400
Junction/1720,27505,4950,0,0,4950
Junction/1721,27509,13300,0,0,13300
Junction/1722,27526,15600,0,0,15600
Junction/1723,27554,5800,0,0,5800
Junction/1724,27556,73000,2035,0,70965
Junction/1725,27590,4200,0,0,4200
Junction/1726,27602,22100,0,0,22100
Junction/1727,27627,5500,0,0,5500
Junction/1728,27652,9000,0,0,9000
Junction/1729,27678,3315,0,0,3315
Junction/1730,27703,3500,0,0,3500
Junction/1731,27726,5500,0,0,5500
Junction/1732,27727,5000,0,0,5000
Junction/1733,27730,10500,0,0,10500
Junction/1734,27739,8400,0,0,8400
Junction/1741,27789,4000,0,0,4000
Junction/1742,27795,24200,0,0,24200
Junction/1743,27796,11300,0,0,11300
Junction/1744,27815,3800,0,0,3800
Junction/1745,27821,16650,0,0,16650
Junction/1746,27828,3500,0,0,3500
Junction/1747,27829,3900,0,0,3900
Junction/1748,27830,12200,0,0,12200
Junction/1749,27837,10600,0,0,10600
Junction/1750,27869,6800,0,0,6800
Junction/1751,27875,11450,0,0,11450
Junction/1751 REFUND,27892,0,0,5900,-5900
Junction/1752,27881,12000,0,0,12000
Junction/1753,27883,5900,0,0,5900
Junction/1754,27893,5900,0,0,5900
Junction/1755,27894,4950,0,0,4950
Junction/1756,27895,4500,0,0,4500
Junction/1757,27897,15600,0,0,15600
Junction/1758,27916,4500,0,0,4500
Junction/1759,27917,5500,0,0,5500
Junction/1760,27933,7400,0,0,7400
Junction/1761,27938,6500,0,0,6500
Junction/1762,27950,5500,0,0,5500
Junction/1763,27983,58200,0,0,58200
Junction/1764,27991,15300,0,0,15300
Junction/1765,28009,16100,0,0,16100
Junction/1766,28016,17800,0,0,17800
Junction/1767,28020,6900,0,0,6900
Junction/1768,28032,8700,0,0,8700
Junction/1769,28049,21900,0,0,21900
Junction/1770,28073,16400,0,0,16400
Junction/1771,28076,7400,0,0,7400
Junction/1772,28085,4900,0,0,4900
Junction/1773,28114,6900,0,0,6900
Junction/1774,28120,8800,0,0,8800
Junction/1775,28134,15600,0,0,15600
Junction/1777,28164,4950,0,0,4950
Junction/1778,28171,2500,0,0,2500
Junction/1779,28174,6000,0,0,6000
Junction/1780,28183,6700,0,0,6700
Junction/1781,28187,7500,0,0,7500
Junction/1782,28198,6900,0,0,6900
Junction/1783,28219,7000,0,0,7000
Junction/1784,28246,11500,0,0,11500
Junction/1785,28250,16600,0,0,16600
Junction/1786,28251,39600,0,0,39600
Junction/1787,28259,3500,0,0,3500
Junction/1788,28268,22400,0,0,22400
Junction/1789,28270,2900,0,0,2900
Junction/1790,28300,8450,0,0,8450
Junction/1791,28302,2200,0,0,2200
Junction/1792,28313,4950,0,0,4950
Junction/1793,28319,48000,0,0,48000
Junction/1794,28320,5900,0,0,5900
Junction/1795,28329,4500,0,0,4500
Junction/1796,28346,3500,0,0,3500
Junction/1797,28353,6900,0,0,6900
Junction/1798,28356,35300,0,0,35300
Junction/1800,28382,5550,0,0,5550
Junction/1801,28410,5000,0,0,5000
Junction/1802,28411,2500,0,0,2500
Junction/1803,28428,3900,0,0,3900
Junction/1804,28445,8000,0,0,8000
Junction/1805,28471,6700,0,0,6700
Junction/1806,28477,15600,0,0,15600
Junction/1807,28479,25300,0,0,25300
Junction/1808,28482,3900,0,0,3900
Junction/1809,28507,1500,0,0,1500
Junction/1810,28523,16400,0,0,16400
Junction/1811,28527,11700,0,0,11700
Junction/1812,28576,11400,0,0,11400
Junction/1813,28589,1200,0,0,1200
Junction/1814,28605,8800,0,0,8800
Junction/1815,28606,6400,0,0,6400
Junction/1816,28607,3500,0,0,3500
Junction/1817,28646,9000,0,0,9000
Junction/1818,28650,4500,0,0,4500
Junction/1819,28659,6500,0,0,6500
Junction/1820,28697,18600,0,0,18600
Junction/1821,28726,15200,0,0,15200
Junction/1822,28732,9700,0,0,9700
Junction/1823,28739,3900,0,0,3900
Junction/1824,28741,6500,0,0,6500
Junction/1825,28761,11800,0,0,11800
Junction/1826,28768,24950,0,0,24950
Junction/1827,28821,27700,0,0,27700
Junction/1828,28822,6900,0,0,6900
Junction/1829,28827,5900,0,0,5900
Junction/1830,28829,25500,0,0,25500
Junction/1831,28878,6500,0,0,6500
Junction/1832,28884,13700,0,0,13700
Junction/1833,28897,14500,0,0,14500
Junction/1834,28922,4500,0,0,4500
Junction/1835,28928,6800,0,0,6800
Junction/1837,28930,6400,0,0,6400
Junction/1838,28933,19600,0,0,19600
Junction/1839,28935,15000,0,0,15000
Junction/1840,28939,14700,0,0,14700
Junction/1841,28941,12700,0,0,12700
Junction/1842,28954,19000,0,0,19000
Junction/1843,28961,3900,0,0,3900
Junction/1844,28969,4500,0,0,4500
Junction/1845,28976,13900,0,0,13900
Junction/1847,29046,6800,0,0,6800
Junction/1848,29068,3900,0,0,3900
Junction/1849,29080,3900,0,0,3900
Junction/1850,29087,8400,0,0,8400
Junction/1851,29094,11800,0,0,11800
Junction/1852,29112,5900,0,0,5900
Junction/1853,29127,5500,0,0,5500
Junction/1854,29153,5400,0,0,5400
Junction/1855,29159,4900,0,0,4900
Junction/1856,29198,31000,0,0,31000
Junction/1857,29204,21900,0,0,21900
Junction/1858,29207,3500,0,0,3500
Junction/1859,29215,3200,0,0,3200
Junction/1860,29216,5800,0,0,5800
Junction/1861,29246,2900,0,0,2900
Junction/1862,29272,24400,0,0,24400
Junction/1863,29281,3500,0,0,3500
Junction/1864,29289,8400,0,0,8400
Junction/1865,29295,11900,0,0,11900
Junction/1866,29330,6500,0,0,6500
Junction/1867,29338,6800,0,0,6800
Junction/1868,29351,6400,0,0,6400
Junction/1869,29364,5900,0,0,5900
Junction/1870,29372,12000,0,0,12000
Junction/1871,29375,4500,0,0,4500
Junction/1872,29379,4200,0,0,4200
Junction/1873,29387,16900,0,0,16900
Junction/1874,29398,4700,0,0,4700
Junction/1875,29401,3900,0,0,3900
Junction/1876,29421,6500,0,0,6500
Junction/1877,29425,6500,0,0,6500
Junction/1878,29426,12800,0,0,12800
Junction/1879,29433,3900,0,0,3900
Junction/1880,29434,3900,0,0,3900
Junction/1881,29436,9000,0,0,9000
Junction/1882,29443,16400,0,0,16400
Junction/1883,29457,21600,0,0,21600
Junction/1884,29468,29800,0,0,29800
Junction/1885,29480,23600,0,0,23600
Junction/1886,29532,3500,0,0,3500
Junction/1887,29374,14900,0,0,14900
Junction/1888,29556,27200,0,0,27200
Junction/1889,29566,4950,0,0,4950
Junction/1890,29573,5800,0,0,5800
Junction/1891,29575,10400,0,0,10400
Junction/1892,29583,5550,0,0,5550
Junction/1893,29585,20300,0,0,20300
Junction/1894,29586,12100,0,0,12100
Junction/1895,29587,8300,0,0,8300
Junction/1896,29601,6400,0,0,6400
Junction/1897,29606,4900,0,0,4900
Junction/1898,29614,5500,0,0,5500
Junction/1899,29619,10000,0,0,10000
Junction/1900,29621,10000,0,0,10000
Junction/1902,29624,4500,0,0,4500
Junction/1903,29627,1500,0,0,1500
Junction/1904,29663,9300,0,0,9300
Junction/1905,29670,5900,0,0,5900
Junction/1906,29678,4500,0,0,4500
Junction/1907,29690,5800,0,0,5800
Junction/1908,29703,10000,0,0,10000
Junction/1909,29715,5000,0,0,5000
Junction/1910,29722,15800,0,0,15800
Junction/1911,29725,9800,0,0,9800
Junction/1912,29735,26800,0,0,26800
Junction/1913,29750,31000,0,0,31000
Junction/1914,29767,4900,0,0,4900
Junction/1915,29771,9100,0,0,9100
Junction/1916,29772,8800,0,0,8800
Junction/1917,29794,6200,0,0,6200
Junction/1918,29796,10350,0,0,10350
Sarit Safari/0372 REFUND,26685,0,0,8800,-8800
Sarit/1679 REFUND,20855,0,0,11400,-11400
Sarit/2344 REFUND,28474,0,0,5500,-5500
Village Market/1188 REFUND,26094,5500,0,5500,0
