style_number,names
S0424073,Safari Bush Cropped Short Sleeve Shacket | Safari Kamari Ribbed Top
S0424041,Safari Men's Drawstring Shorts | Safari Men's Kitenge Drawstring Shorts | Safari Mens Kitenge Drawstring Shorts
S0824069,Safari Njano Cowl Top | Safari by Vivo Njano Drawstring Top in Cotton | Safari by Vivo Njano Drawstring Top in Cotton MG
S0925041,Safari Njano Men's Short Sleeve Shirt | Safari Njano Mens Short Sleeve Shirt
S0824067,Safari Savannah Kitenge Midi Wrap Dress | Vivo Kitenge Wide Leg Pants
VE0034,Safari Shorts | Vivo Shorts
V0725046,Vivo Alma Mini Skirt | Vivo Alma Skirt & Top Set
V0422075,Vivo Basic Chiffon Drop Shoulder Top | Vivo Basic Chiffon Dropped Shoulder Top
V0723033,Vivo Basic Long Sleeve Cascade Waterfall | Vivo Pana Cascade Waterfall
V0220053,Vivo Basic May Jersey Waterfall | Vivo Pana Short Waterfall
V0223225,Vivo Basic Open Kaftan | Vivo Scalloped Kimono in Crepe
V1024065,Vivo Dalia Cap Sleeve Gathered Knee Length Dress | Vivo Dalia Cap Sleeve Gathered Tent Dress
V0125045,Vivo Isabi Open Kaftan | Vivo Isabi Sleeveless Kimono
V0925015,Vivo Izzy Bishop Sleeve Shift Dress | Vivo Naya Bishop Sleeve Shift Dress
V0825032,Vivo Kemi Maxi Skirt | Vivo Kemi Skirt & Top Set
V1025034,Vivo Lulu Contrast Stitch Tent Dress in Cotton | Vivo Lulu Wide Hem Tent Dress | Vivo Lulu Wide Hem Tent Dress In Cotton
V0724107,Vivo Paji Boat Neck Sheath Dress | Vivo Paji Round Neck Sheath Dress
