Style Number,Style Name,Brand,Category,SKUs,Units Sold,Total Sales KES
V0624100,Vivo Nasinka Wrap Dress,Vivo,Dresses,29,1229,6781026
V0822022,Vivo Basic Sleeveless Tent Dress,Vivo,Dresses,51,1320,6284371
V0822027,Vivo Tana Off Shoulder Maxi Dress,Vivo,Dresses,33,926,6006265
V0625049,Vivo Iyana Cape Top,Vivo,Tops,16,1285,5044782
V1120033,Vivo Lamu Knee Length Chiffon Dress,Vivo,Dresses,40,1093,4401056
V0620079,Vivo Basic Trench Coat,Vivo,Outerwear,20,866,4216507
V0924032,Vivo Lalani Rib Maxi Waterfall,Vivo,Outerwear,17,786,3873572
V0925010,Vivo Basic Crepe Bishop Sleeve Top,Vivo,Tops,60,1109,3837078
V0725022,Vivo Essi Wide Leg Pants in Satin,Vivo,Bottoms,28,757,3714479
V0223225,Vivo Basic Open Kaftan,Vivo,Outerwear,21,672,3584700
V0423055,Vivo Leila Cap Sleeve Tent Knee Length Dress,Vivo,Dresses,24,834,3569870
V0423078,Vivo Basic Leila Short Waterfall,Vivo,Outerwear,36,1009,3258638
V0623042,Vivo Cowl Neck Knit Sweater,Vivo,Outerwear,8,582,3210566
V1123047,Vivo Hanabi Wrap Maxi Dress,Vivo,Dresses,20,566,3157489
V1123113,Vivo Hanabi Tent Maxi Dress,Vivo,Dresses,29,468,3128976
V1225006,Vivo Maisha Kimono & Pant Set,Vivo,Two-Piece Sets,23,407,3041109
V0523123,Vivo Basic Double Layered Wrap Poncho (Without Fringe),Vivo,Outerwear,4,561,2959699
V0126037,Vivo Basic Knee Length Dress In Chiffon,Vivo,Dresses,55,536,2939563
V0821064,Vivo Basic Crepe Cap Sleeved Top,Vivo,Tops,84,1121,2744917
V0223139,Vivo Izzy Satin Bishop Sleeve Top,Vivo,Tops,37,813,2740347
V0819126,Vivo Basic Tulip Sweater,Vivo,Outerwear,28,758,2736063
V0923047,Vivo Ava Tent Flounce Maxi Dress,Vivo,Dresses,25,405,2728160
V0623014,Vivo Zahari Off-Shoulder Maxi Dress,Vivo,Dresses,17,442,2650361
V0924101,Vivo Serwa Square Neck Maxi Dress,Vivo,Dresses,15,413,2620064
V0224250,Vivo Reversible Printed Poncho,Vivo,Outerwear,8,403,2582808
V0422149,Vivo Zena Bishop Panel Long Sleeve Round Neck Dress,Vivo,Dresses,30,518,2429648
V0523033,Vivo Maisha Drop Shoulder Maxi Dress In Rayon,Vivo,Dresses,55,410,2422589
V0623013,Vivo Zahari Sweatheart Neck Jumpsuit,Vivo,Bottoms,12,477,2322355
V0622079,Vivo Wingu Three Tiered Knee Length Dress,Vivo,Dresses,10,497,2283779
V1124138,Vivo Yene Wide Leg Pants,Vivo,Bottoms,28,705,2241029
V0124023,Vivo Esna Drop Shoulder High Low Dress,Vivo,Dresses,12,466,2234255
V1124156,Vivo Chari Shift Dress,Vivo,Dresses,6,516,2212698
V0325007,Vivo Safa Skirt,Vivo,Skirts,44,758,2187258
V0622008,Vivo Jema High Low Tent Dress,Vivo,Dresses,35,437,2070132
V0822002,Vivo Wingu Puff Sleeve Knee Length Dress,Vivo,Dresses,12,497,2058327
V0924103,Vivo Serwa Wide Leg Jumpsuit,Vivo,Bottoms,8,314,2054029
V0322154,Vivo Jasiri Bishop Sleeve Shift Dress,Vivo,Dresses,12,491,2034513
V0625041,Vivo Iyana Wide Leg Pants,Vivo,Bottoms,16,412,2032131
V0719693,Vivo Side Twist Dress,Vivo,Dresses,28,465,1977504
V0225003,Vivo Ayah Drawstring Pants,Vivo,Bottoms,24,411,1953548
V0424168,Vivo Chiffon Wide Kimono,Vivo,Outerwear,2,414,1948499
S0125056,Safari Tiwa Shirred Midi Dress,Safari,Dresses,6,362,1903823
V0625045,Vivo Iyana Bow Tie Mini Dress,Vivo,Dresses,16,347,1888432
V1124097,Vivo Wena Wrap Dress,Vivo,Dresses,12,392,1845948
V0924074,Vivo Leila Short Sleeve Bodycon,Vivo,Dresses,20,536,1822346
V1223014,Vivo Dua Satin Bishop Sleeve Top,Vivo,Tops,19,510,1746410
V0924061,Vivo Kelemi Halter Maxi Dress,Vivo,Dresses,4,209,1744559
V0719112,Vivo Basic Long Sleeved Bodysuit,Vivo,Tops,31,651,1741256
V0922007,Vivo Pesi Drop Shoulder Tent Dress,Vivo,Dresses,20,444,1700993
V1124076,Vivo Meli Sleeveless Coat,Vivo,Outerwear,13,581,1699917
V0624032,Vivo Nasinka Ruffle Sleeve Jumpsuit,Vivo,Bottoms,16,264,1671014
V0625015,Vivo Selah Double Layered Coat,Vivo,Outerwear,18,443,1669700
V0524194,Vivo Cuffed Wide Sweater,Vivo,Outerwear,5,262,1669010
V0724132,Vivo Situ Off-Shoulder Tie Maxi Dress,Vivo,Dresses,25,294,1660786
S0322133,Safari Tawi Bishop Sleeve Tiered Dress,Safari,Dresses,9,304,1660232
S1023064,Safari Zene High Low Shirt Dress,Safari,Dresses,20,324,1647578
V0924031,Vivo Lalani Lounge Pants,Vivo,Bottoms,28,599,1639237
V1024002,Vivo Merika Knee Length Wrap Dress,Vivo,Dresses,18,309,1626357
V0625018,Vivo Alani High Low Dress,Vivo,Dresses,17,355,1587311
V0525076,Vivo Diella V-Neck Jumpsuit,Vivo,Bottoms,8,402,1565669
V0723038,Vivo Zena Shirred Waist Shirt Dress,Vivo,Dresses,14,423,1556251
V0220007,Vivo Basic Double Layered Long Sleeved Bodysuit,Vivo,Tops,26,548,1555674
V0719105,Vivo Basic A-line Maxi Skirt,Vivo,Skirts,14,360,1537358
V1023018,Vivo Sarabi Strappy Low Back Maxi Dress,Vivo,Dresses,18,286,1537139
V0225011,Vivo Niari straight leg Pants,Vivo,Bottoms,20,400,1532318
V0622041,Vivo Mistari 3/4 Sleeve V,Vivo,Tops,7,435,1512132
V0224125,Vivo Nala Shirt Dress,Vivo,Dresses,17,276,1493190
V0723079,Vivo Soleil Handkerchief Drape Wide Top,Vivo,Tops,16,431,1490841
V1024024,Vivo Kelemi Crepe Wide Leg Pants,Vivo,Bottoms,9,286,1488991
V0923060,Vivo X This Is Essential Short Sleeve Bodysuit,Vivo,Tops,41,536,1464399
V1025009,Vivo Liora Wide Leg Pants,Vivo,Bottoms,30,291,1442935
V1025029,Vivo liora Satin Midi Dress,Vivo,Dresses,4,224,1424804
V0624067,Vivo Kala Palazzo Pants,Vivo,Bottoms,16,352,1422224
V0125003,Vivo Yene Layered Midi Dress,Vivo,Dresses,8,281,1421994
V1124094,Vivo Serwa Crepe Pants,Vivo,Bottoms,24,369,1412767
V0920021,Vivo Basic Tolani Jersey Dress,Vivo,Dresses,26,292,1406417
V0123047,Vivo Fara Off Shoulder Flounce Sleeve Jumpsuit,Vivo,Bottoms,14,253,1384891
V0825019,Vivo Nora Wide Leg Pants,Vivo,Bottoms,19,413,1375079
V0225029,Vivo Ayana Wide High Low Top,Vivo,Tops,8,549,1357028
V0922008,Vivo Pesi Drop Shoulder Shift Dress,Vivo,Dresses,8,323,1331754
V0824081,Vivo Chidii Off Shoulder Maxi Dress,Vivo,Dresses,8,224,1318063
V0624075,Vivo Kala Side Slit Hooded Maxi Dress,Vivo,Dresses,8,217,1264043
V0723074,Vivo Jira Maxi Skirt,Vivo,Skirts,8,330,1252375
S0224196,Safari Kamari Wide Leg Pants,Safari,Bottoms,28,294,1246674
V1124096,Vivo Wena Maxi Shirt Dress,Vivo,Dresses,8,220,1233102
V0323058,Vivo Basic Long Sleeve Tent Shirt Dress,Vivo,Dresses,6,280,1228188
V0322047,Vivo Dalia Off Shoulder Jumpsuit,Vivo,Bottoms,3,221,1219506
V0924043,Vivo Mandla Side Flap A-Line Dress,Vivo,Dresses,14,250,1202273
V0723098,Vivo Malindi Tunic Dress With Frills,Vivo,Dresses,2,179,1163954
S0325016,Safari Tawi Off-Shoulder Top,Safari,Tops,14,474,1145622
V0323018,Vivo Basic Strappy Bodycon Dress,Vivo,Dresses,12,359,1145484
V0325078,Vivo Takali Jumpsuit,Vivo,Bottoms,9,182,1144369
V0120094,Vivo Ayo Tent Dress,Vivo,Dresses,6,236,1115654
V1223037,Vivo X This Is Essentials Long Sleeve Crew Neck Bodysuit,Vivo,Tops,32,296,1099583
V0225026,Vivo Chela Tank Top in Stretch Rib,Vivo,Tops,16,711,1084240
V0424122,Vivo Reba Coat Dress,Vivo,Dresses,24,210,1081714
V0125005,Vivo Yene One Shoulder Kaftan,Vivo,Dresses,6,210,1073692
V1222199,Vivo Lumi Drop Shoulder Maxi Dress,Vivo,Dresses,12,204,1072366
V1125006,Vivo Lulu Cotton Barrel Pants,Vivo,Bottoms,20,213,1056705
V0224216,Vivo Safiya Gathered Shoulder Maxi Dress,Vivo,Dresses,16,212,1053954
V1122192,Vivo Basic Sleeveless Midi Jersey Waterfall,Vivo,Outerwear,9,367,1050869
V0624065,Vivo Kala Wide Leg Pants,Vivo,Bottoms,8,267,1042256
V1223016,Vivo Yumi Long Sleeve Tent Shirt Dress,Vivo,Dresses,16,241,1039797
V0825009,Vivo Nora 3/4 Sleeve Peplum Top,Vivo,Tops,20,356,1034396
V0124028,Vivo Tande Boat Neck Dress,Vivo,Dresses,16,225,1029265
V0325042,Vivo Kelemi 4.0 Halter Maxi Dress,Vivo,Dresses,16,138,1026358
V0819124,Vivo Basic Ali Jacket,Vivo,Outerwear,10,351,1022072
V0724094,Vivo Hadiya Flounce Sleeve Maxi Dress,Vivo,Dresses,16,181,1021772
V0324043,Vivo Amai Side Slit Pants,Vivo,Bottoms,9,272,1013990
V0624060,Vivo Hamle Bias Twist Dress,Vivo,Dresses,16,216,982378
V0924049,Vivo Hari Flared Sleeve Tunic,Vivo,Tops,15,294,981607
V1024066,Vivo Wena High Slit Maxi Shirt,Vivo,Tops,15,292,967882
V0624105,Vivo Hamle Drapped Front Bodycon,Vivo,Dresses,16,244,966323
V0823158,Vivo X This Is Essential Sleeveless Scooped Neck Bodysuit,Vivo,Tops,42,499,965588
S0724088,Safari Savannah Midi Wrap Dress,Safari,Dresses,9,109,955128
V1124088,Vivo Kelemi Satin Pants,Vivo,Bottoms,7,194,933989
V0624002,Vivo Tatari Dropped High Neck Top,Vivo,Tops,8,287,930606
V0719254,Vivo Destiny Chiffon Top,Vivo,Tops,4,266,920837
V0225030,Vivo Ayah Kimono,Vivo,Outerwear,5,184,913484
V0125033,Vivo Yene Front Tie Tunic Top,Vivo,Tops,33,274,912785
V0921140,Vivo Alek 3/4 Sleeve A-Line Maxi Kimono,Vivo,Outerwear,10,207,904905
V0824021,Vivo Wila Dolman Tunic,Vivo,Tops,8,205,896092
V0225005,Vivo Ayah Shirred Neck Tent Maxi Dress,Vivo,Dresses,10,138,894861
V0922009,Vivo Pesi Drop Shoulder Tunic,Vivo,Tops,12,243,890800
V0825012,Vivo Nora Front Slit Knee Length Skirt,Vivo,Skirts,20,253,887290
V0421162,Vivo Zanzi Side Cowl Maxi Dress,Vivo,Dresses,6,209,879075
S0825052,Safari by Vivo Zehra Cotton High Low Shirt,Safari,Tops,20,149,877361
S0224181,Safari Kamari Long Sleeve Drawstring Shacket,Safari,Outerwear,9,175,861776
V0824034,Vivo Paji Dress Coat,Vivo,Outerwear,8,185,859620
V0125036,Vivo Isabi Cowl Top,Vivo,Tops,16,360,850868
V0922010,Vivo Pesi Notch Collar Tent Dress,Vivo,Dresses,16,165,842335
V1124143,Vivo Meli Ruffle Sleeve Top,Vivo,Tops,12,247,839945
V0524001,Vivo X This Is Essential Midi Dress,Vivo,Dresses,7,185,836809
S0223179,Safari Mali Bishop Sleeve Tent Dress,Safari,Dresses,9,156,834721
V0125017,Vivo Seli V-Neck Knee Length Dress,Vivo,Dresses,4,176,817410
V0725044,Vivo  Tanda A-Line Maxi Dress,Vivo,Dresses,7,164,813162
V0325019,Vivo Chela Basic Cap Sleeve Top,Vivo,Tops,18,369,803573
V0225032,Vivo Ayah Shirred Cuff Loose Top,Vivo,Tops,8,234,800618
V0724097,Vivo Tatari Panelled Sheath Dress,Vivo,Dresses,8,210,798284
V0724047,Vivo Nkasi Wide Leg Pants,Vivo,Bottoms,12,201,797751
V0923089,Vivo Ava Shirt Collar Tunic Top,Vivo,Tops,2,213,789954
V0719261,Vivo Basic Long Sleeved Double Layered Bodycon,Vivo,Dresses,19,208,789511
V0725029,Vivo Ari Sleeveless Straight Maxi Slit Dress,Vivo,Dresses,13,160,778589
V0625044,Vivo Iyana Tank Top,Vivo,Tops,16,409,776980
V0624099,Vivo Fimi Drop Shoulder Maxi Dress,Vivo,Dresses,9,134,767806
V1025012,Vivo Anavi Cascade Waterfall,Vivo,Outerwear,15,167,765186
V1024064,Vivo Basic Sleeveless Tent Kimono,Vivo,Outerwear,3,312,761415
V0225007,Vivo Ayah 3/4 Sleeve Jumpsuit,Vivo,Bottoms,7,150,756682
V0125077,Vivo Niari Sleeveless Pleated Dress,Vivo,Dresses,9,151,741667
V1023109,Vivo Sarabi Strappy Flounce Maxi Dress,Vivo,Dresses,11,143,728538
V1124093,Vivo Meli Chiffon Pants,Vivo,Bottoms,8,176,727510
S0623035,Safari Hawi Cargo Pants,Safari,Bottoms,14,192,723370
V1026039,Vivo High Low Top In Crepe,Vivo,Tops,8,170,712540
V0524171,Vivo Zahari Straight Leg Pants,Vivo,Bottoms,31,199,707748
V0624053,Vivo Hamle Front Twist Bodysuit,Vivo,Tops,24,245,703575
V0625016,Vivo Diella Wide Leg Pants in Crepe,Vivo,Bottoms,8,155,695625
S0625014,Safari 3/4 Sleeve Maxi Kimono With Headwrap,Safari,Outerwear,4,109,689849
V1125001,Vivo Jersey Drop Shoulder Top,Vivo,Tops,16,276,687590
V1121103,Vivo Sana Long Sleeved Maxi cover-Up,Vivo,Outerwear,12,143,684868
V1024029,Vivo Kelemi Ruffle Sleeve Top,Vivo,Tops,8,155,682650
V0523184,Vivo Laika Long Sleeve Tie Top,Vivo,Tops,18,188,679122
V0422073,Vivo Basic Neo Waterfall,Vivo,Outerwear,3,210,668436
S1024009,Safari Chui 3/4 Sleeve A-Line Dress,Safari,Dresses,10,86,646509
V0924033,Vivo Hoodie High Low Poncho,Vivo,Outerwear,1,101,641815
V0325047,Vivo Kelemi 4.0 Frilled Wide Top,Vivo,Tops,10,138,640675
V0522032,Vivo Zena Long Sleeve Mandarin Collar Shift Dress,Vivo,Dresses,8,113,636703
V0323019,Vivo Basic V-neck Cap Sleeve Top,Vivo,Tops,24,281,627373
V0925031,Vivo Anavi Short Sleeve Top,Vivo,Tops,17,248,625421
S1123101,Safari Lira Drawstring Knee Length Dress,Safari,Dresses,6,99,620532
V0719839,Vivo Basic Sleeveless Long Lily Waterfall,Vivo,Outerwear,11,183,614235
V0824066,Vivo Shaa Drop Shoulder Knee Length Dress,Vivo,Dresses,11,106,602650
V0625059,Vivo Aleri Trench Coat Dress,Vivo,Dresses,20,102,602319
V0824072,Vivo Amai Off-Shoulder Maxi Dress,Vivo,Dresses,3,99,599924
S0925040,Safari by Vivo Naledi Bubble Midi Dress,Safari,Dresses,21,100,599005
V0324028,Vivo Amai Asymmetrical Cape,Vivo,Tops,3,127,595267
Z0124043,Zoya Luna Cargo Pants,Zoya,Bottoms,31,233,590875
V0422075,Vivo Basic Chiffon Dropped Shoulder Top,Vivo,Tops,9,224,587257
S0425037,Shiv & Shikie X Safari Cargo Pants,Third Party Brands,Bottoms,10,103,585762
V1124081,Vivo Meli Halter Neck Dress,Vivo,Dresses,4,143,577560
V1021027,Vivo Lani Satin High Low Dress,Vivo,Dresses,2,112,575328
V0325069,Vivo Analo Wide Leg Pants,Vivo,Bottoms,15,168,574176
V0424100,Vivo Tatari Panelled Skirt,Vivo,Skirts,8,224,572567
V0625032,Vivo Aleri A-Line Pleated Dress,Vivo,Dresses,10,133,570065
V1023042,Vivo Ava 3/4 Sleeve Kimono,Vivo,Outerwear,8,120,565365
S0223180,Safari Mali Bishop Sleeve Shirt Dress,Safari,Dresses,8,121,563537
V0623041,Vivo Sia 3/4 Bishop Sleeve Shift Dress (Petite),Vivo,Dresses,4,126,561750
V0722034,Vivo Basic Julia 3/4 Sleeve Back Pleat Knee Length Dress,Vivo,Dresses,10,159,559885
V0825033,Vivo Nuru Strappy Top,Vivo,Tops,12,196,557134
V1024063,Vivo Basic Hooded Kimono,Vivo,Outerwear,6,114,551905
V1020111,Vivo Lamu 3/4 Sleeve Double Layered Bodycon,Vivo,Dresses,7,143,551898
V0624073,Vivo Kala Gathered Front Top,Vivo,Tops,7,205,551866
V0324082,Vivo Kelemi Hooded Kimono,Vivo,Outerwear,13,86,546559
V0525043,Vivo Samira Maxi Kimono,Vivo,Outerwear,17,91,545055
V0624069,Vivo Kala Slit Maxi Dress,Vivo,Dresses,1,84,539361
V0819064,Vivo Basic Long Lily Waterfall,Vivo,Outerwear,4,130,537059
V1121104,Vivo Sana Asymmetrical Angel Sleeve Top,Vivo,Tops,7,192,536180
S0224135,Safari Kaya Sleeveless Tent Shirt Dress,Safari,Dresses,7,102,535989
S0322135,Safari Tawi Shirt Collar Bishop Sleeve Tiered Dress,Safari,Dresses,11,167,533390
V0622006,Vivo Jema Off Shoulder Tent Knee Length Dress,Vivo,Dresses,6,133,525951
V1123144,Vivo Sanali Off,Vivo,Dresses,3,91,521421
S0724009,Safari Savannah Wrap Top,Safari,Tops,16,101,515279
V0325003,Vivo Niari Boat Neck Dress,Vivo,Dresses,12,104,505592
V1023029,Vivo Sarabi Panelled V-Neck Kaftan,Vivo,Dresses,2,85,502032
V0723033,Vivo Basic Long Sleeve Cascade Waterfall,Vivo,Outerwear,8,156,500321
V1122193,Vivo Basic Sleeveless Extra Long Lily Waterfall,Vivo,Outerwear,11,133,496638
V0422058,Vivo Basic Tsavo Scalloped Chiffon Top,Vivo,Tops,9,218,492473
V0925053,Vivo Studio 2-piece in Mixed Media,Vivo,Two-Piece Sets,15,71,491178
V0724074,Vivo Tatari Dropped Shoulder Sheath Dress,Vivo,Dresses,4,108,490933
V0425007,Vivo Rema High Low Maxi Dress,Vivo,Dresses,15,127,489670
S0425039,Shiv & Shikie X Safari Barrel Pants,Third Party Brands,Bottoms,10,102,488403
V1024068,Vivo Kelemi Layered Top,Vivo,Tops,4,103,485500
V0724044,Vivo Nkasi Bubble Sleeve Maxi Dress,Vivo,Dresses,4,77,480210
V1022057,Vivo Basic Maternity Leggings,Vivo,Bottoms,6,175,478695
V1024032,Vivo Beali Shorts,Vivo,Bottoms,6,147,473636
V0325010,Vivo Safa Drawstring Wide Top,Vivo,Tops,8,169,471019
V0324080,Vivo X This Is Essential Leggings,Vivo,Bottoms,12,160,469318
VE0032P,Vivo Kitenge Wide Leg Pants,Vivo,Bottoms,25,125,468423
V0424156,Vivo Solei Shorts(without lining),Vivo,Bottoms,24,198,465164
V0224233,Vivo Reba Hi Low  Dress,Vivo,Dresses,6,81,461558
V0525071,Vivo Maisha Straight Leg Pants in Crepe,Vivo,Bottoms,16,109,454161
V0125008,Vivo Yene Asymmetrical Cape Top,Vivo,Tops,6,140,445796
V0624095,Vivo Hamle Side Twist Tie Bodycon,Vivo,Dresses,15,128,444670
S0424073,Safari Kamari Ribbed Top,Safari,Tops,19,264,442514
V1024031,Vivo Beali Baby Doll Dress,Vivo,Dresses,7,64,435025
S0224190,Safari Kamari Halter Shirt,Safari,Tops,44,175,427583
V0322163,Vivo Jasiri Bishop Sleeve Layered Top,Vivo,Tops,8,135,425200
V0120092,Vivo Basic Long Sleeved Bishop Top,Vivo,Tops,8,163,416279
V0224140,Vivo Vinna Escape A-Line Dress,Vivo,Dresses,24,107,415106
V0824108,Vivo Ayla Off-Shoulder Jumpsuit,Vivo,Bottoms,1,64,413352
V0425046,Vivo Analo Sleeveless Tie Kimono,Vivo,Outerwear,11,122,408070
V0624070,Vivo Kala Hooded Poncho,Vivo,Outerwear,2,99,407098
V0825008,Vivo Ria Pants & Waterfall Set,Vivo,Two-Piece Sets,6,54,404468
V0424024,Vivo Saida Sheath Dress,Vivo,Dresses,8,129,401753
V0325020,Vivo Tahisa Loose Top,Vivo,Tops,4,130,399700
V1024035,Vivo Beali Wrap Asymmetrical Midi Dress,Vivo,Dresses,3,58,397500
V0524005,Vivo X This Is Essential Ruched Bodysuit,Vivo,Tops,7,92,390150
V0624047,Vivo Hamle Side Twist Tie Top,Vivo,Tops,17,250,386903
V0425049,Vivo Basic Sleeveless Double Layered Coat,Vivo,Outerwear,3,101,383709
S0624019,Safari Savannah Men's Half Placket Shirt,Safari,Tops,8,68,382143
V0623004,Vivo Zahari Drawstring Wide Leg Pants,Vivo,Bottoms,17,95,381721
V0524004,Vivo X This Is Essential One Shoulder Bodysuit,Vivo,Tops,7,174,381638
S0325065,Safari Naledi Gathered Panel Maxi Skirt,Safari,Skirts,5,63,380673
V0825015,Vivo Lena Slim Fit Pants in Pinstripe,Vivo,Bottoms,9,98,379920
V0625043,Vivo Iyana Bubble Midi Skirt,Vivo,Skirts,15,79,373733
V0925026,Vivo Liora Shorts,Vivo,Bottoms,16,144,368872
V0424161,Vivo Sarong Skirt,Vivo,Skirts,3,139,366727
S0322128,Safari Tawi Off Shoulder Knee Length Dress,Safari,Dresses,4,120,365379
Z0922062,Zoya Basic Long Sleeve Top,Zoya,Tops,34,273,359844
Z0724022,Zoya Basic Short Sleeve Crop Top,Zoya,Tops,21,275,359517
V0923039,Vivo X This Is Essential Long Sleeve Bodysuit,Vivo,Tops,12,96,359438
V0719113,Vivo Basic Long Sleeved Top,Vivo,Tops,13,208,357339
V0724030,Vivo Nkasi Maxi Kimono,Vivo,Outerwear,6,63,352454
S0425041,Shiv & Shikie X Safari Printed Short Sleeve Shirt,Third Party Brands,Tops,12,73,351555
S0224193,Safari Kamari Cotton Shorts,Safari,Bottoms,8,118,350668
S0923093,Safari Kikoy Wrap Dress,Safari,Dresses,4,52,348743
S0325031,Safari Tiwa Barell Pants,Safari,Bottoms,10,74,341925
V0825025,Vivo Anavi Maxi Dress In Jersey,Vivo,Dresses,16,50,338322
S1023065,Safari Zene Off Shoulder Dress,Safari,Dresses,8,61,335055
V0225025,Vivo Chela Drawstring Shorts,Vivo,Bottoms,5,140,334716
V1124086,Vivo Lalani Turtle Neck Sweater Dress,Vivo,Dresses,12,83,334332
Z1024060,Zoya X Metamorphisized 143 Detachable Pants,Zoya,Bottoms,8,69,334000
V0124022,Vivo Esna Puff Sleeve Tent Dress,Vivo,Dresses,19,69,331829
S0824067,Safari Savannah Kitenge Midi Wrap Dress,Safari,Dresses,14,40,329950
V1025038,Vivo Rayon Jersey Slip Dress,Vivo,Dresses,20,116,328788
V0424162,Vivo Satin High Low Top,Vivo,Tops,1,74,328502
S0925046,Safari Tafari Shorts,Safari,Bottoms,26,115,326042
Z0724053,Zoya Banda Crop Hoodie,Zoya,Outerwear,16,185,324044
V1124155,Vivo Chari Cap Sleeve Shift Dress,Vivo,Dresses,2,77,322400
V0724037,Vivo Nkasi Asymmetrical Top,Vivo,Tops,6,104,318579
V0325021,Vivo Basic Jeggings,Vivo,Bottoms,3,90,317749
S0525069,Safari Tara Bishop Sleeve Dress,Safari,Dresses,11,49,317583
V0625008,Vivo Ari Short Sleeve Top,Vivo,Tops,8,167,316730
V0824101,Vivo Ayla Bubble Sleeve Maxi Dress,Vivo,Dresses,2,47,315776
V0425001,Vivo Kaisa Strappy Maxi Dress,Vivo,Dresses,7,84,311488
V0525026,Vivo Maisha Wide Kimono,Vivo,Outerwear,4,71,308577
V0625030,Vivo Aleri Coat,Vivo,Outerwear,6,52,303800
V1124111,Vivo Seli Maxi Skirt,Vivo,Skirts,16,78,296805
S1024011,Safari Chui Placket Top,Safari,Tops,10,58,296755
V0924042,Vivo Mandla High Neck A-Line Dress,Vivo,Dresses,10,103,296017
V1024037,Vivo Beali Sarong Skirt,Vivo,Skirts,4,74,295127
V1024045,Vivo Pelia Kimono,Vivo,Outerwear,2,108,291956
V0224213,Vivo Safiya Maxi Dress,Vivo,Dresses,2,74,291630
V0919039,Vivo Basic Puff Sleeved Bodycon,Vivo,Dresses,6,68,288095
V0424124,Vivo Chesi Wide Leg Pants,Vivo,Bottoms,4,66,288028
V0424127,Vivo Dua Dolman Top,Vivo,Tops,2,85,285451
V0824020,Vivo Wila Cowl Tunic,Vivo,Dresses,4,65,283271
V0125062,Vivo Isabi Bodysuit,Vivo,Tops,4,130,283170
V0424029,Vivo Saida Dress Coat,Vivo,Outerwear,12,70,281495
S1025031,Safari Tafari Wrap Top,Safari,Tops,19,84,280302
V1123136,Vivo Sanali Kaftan Top,Vivo,Tops,4,123,280036
S0924003,Safari Mansi Dolman Top,Safari,Tops,13,84,279206
V0224241,Vivo Full Length Kimono,Vivo,Outerwear,7,49,279023
S0624027,Safari Savannah Men's Straight Leg Pants,Safari,Bottoms,8,59,274364
V0224142,Vivo Vinna Slit Sleeve Top,Vivo,Tops,21,89,274162
V0825060,Vivo Alma Short Sleeve Mini Bodycon,Vivo,Dresses,8,79,273757
V0225027,Vivo Niari Shorts,Vivo,Bottoms,4,159,267175
S0924017,Safari Mansi Straight Leg Pants,Safari,Bottoms,6,58,267110
S0624028,Safari Savannah Men's Jacket,Safari,Outerwear,8,69,266881
S0224201,Safari Kamari Maxi Dress,Safari,Dresses,4,46,263901
V0325072,Vivo Chiffon Shorts,Vivo,Bottoms,8,75,262923
V0124045,Vivo Arafa Long Sleeve Tie Dress,Vivo,Dresses,2,82,262186
S0123088,Safari Mali 3/4 Bishop Sleeve Tie Top,Safari,Tops,19,65,254462
V0524167,Vivo Satin Drawstring Pants,Vivo,Bottoms,22,69,254454
V0724102,Vivo Hadiya Tie Maxi Dress,Vivo,Dresses,4,38,253150
V0724038,Vivo Nkasi Wide Top,Vivo,Tops,1,66,251527
V0222098,Vivo Faraji Long Sleeve Jacket,Vivo,Outerwear,4,74,248811
V0724144,Vivo Paji Pencil Skirt,Vivo,Skirts,3,91,248025
V0224240,Vivo Must Have Shorts,Vivo,Bottoms,9,75,247128
V1023086,Vivo Sanyu Pleated Pants,Vivo,Bottoms,8,132,245819
V0725046,Vivo Alma Skirt & Top Set,Vivo,Two-Piece Sets,13,100,244024
V0325071,Vivo Safa Slit Side Top,Vivo,Tops,12,72,242904
V1122162,Vivo Fahari Cowl Drape Bodycon,Vivo,Dresses,4,72,241432
V0422077,Vivo Basic Sienna Jersey Top,Vivo,Tops,6,118,239881
V0125013,Vivo Seli V-Neck Midi Dress,Vivo,Dresses,4,47,233595
V1122145,Vivo Fahari 3/4 Sleeve Shirred Shirt,Vivo,Tops,4,70,232690
V0525079,Vivo Maisha Top & Pant Set,Vivo,Two-Piece Sets,5,43,231402
S1125033,Safari by Vivo Zehra Kitenge Shorts,Safari,Bottoms,40,82,229600
V0624076,Vivo Kala Maxi Dress,Vivo,Dresses,4,39,226375
S0623047,Safari Basic Shirt Tent Dress,Safari,Dresses,10,52,225280
V0325070,Vivo Safa Pallazo Pants,Vivo,Bottoms,12,70,225096
V0622062,Vivo Basic Cowl Jersey Top,Vivo,Tops,5,89,225077
V1122066,Vivo Ayana Cap Sleeve High Low Tent Dress,Vivo,Dresses,1,62,219716
V0823155,Vivo X This Is Essential Strappy Bodysuit,Vivo,Tops,13,98,218806
S0525005,Shiv & Shikie X Safari Faux Collar Printed Shirt,Third Party Brands,Tops,5,78,215682
S0424064,Safari Bush Drop Shoulder Long Sleeve Top,Safari,Tops,6,100,214748
V0719677,Vivo Basic Short Lily Waterfall,Vivo,Outerwear,2,62,213534
Z0325018,Zoya Vasha Track Pants With Pockets,Zoya,Bottoms,20,94,212644
V0724116,Vivo Wila Dolman Top,Vivo,Tops,2,62,212000
V0425056,Vivo Diella 3/4 Sleeve A-Line Dress,Vivo,Dresses,12,47,210150
S0624022,Safari Savannah Men's Drawstring Shorts (Regular),Safari,Bottoms,15,63,209526
V0725004,Vivo Alani Plaid Midi Dress,Vivo,Dresses,4,65,207185
S1024019,Safari Chui Jodhpur Pants,Safari,Bottoms,5,34,206540
Z1024057,Zoya X Metamorphisized 143 Cropped Bomber Jacket,Zoya,Outerwear,6,53,206190
S0325015,Safari Tawi Off-Shoulder Dress,Safari,Dresses,1,42,206086
V0125032,Vivo Yene Jumpsuit,Vivo,Bottoms,7,47,205269
V0621112,Vivo Extra Long May Jersey Waterfall,Vivo,Outerwear,4,55,203064
V1225012,Vivo Studio Mini Pencil Skirt in Ponte,Vivo,Skirts,9,69,201489
S0425036,Shiv & Shikie X Safari Drawstring Shorts,Third Party Brands,Bottoms,12,60,198588
Z1024053,Zoya X Metamorphisized 143 Oversized Bowling Shirt,Zoya,Tops,8,63,198414
V0524176,Vivo Zahari Shift Dress,Vivo,Dresses,8,48,198251
S0724125,Safari Savannah Men's Short Sleeve Shirt,Safari,Tops,8,40,198030
Z1024021,Zoya Aridi Cropped Jacket,Zoya,Outerwear,10,92,197162
Z0624001,Zoya Shani Kimono,Zoya,Outerwear,8,53,195652
V0122102,Vivo Faraji Side Slit Leisure Pants,Vivo,Bottoms,6,68,192219
V0425003,Vivo Rema Waterfall,Vivo,Outerwear,12,50,190185
S0424041,Safari Men's Kitenge Drawstring Shorts,Safari,Bottoms,36,68,189787
V0425048,Vivo Rema Drawstring Pants,Vivo,Bottoms,12,56,189450
S0224199,Safari Kamari Mini Skirt,Safari,Skirts,13,108,189425
V0324075,Vivo Azawi Cap Sleeve Panelled Dress,Vivo,,8,62,188737
V0324021,Vivo X This Is Essential Scooped Neck Bralette,Vivo,Tops,13,126,188000
Z0724101,Zoya Basic Halter Tie Top,Zoya,Tops,25,281,183715
S0424062,Safari Spaghetti Tank Top,Safari,Tops,7,131,183250
V0322181,Vivo Nalia Long Sleeve High Low Top,Vivo,Tops,8,143,183188
V0525074,Vivo Maisha Wide Leg Pants,Vivo,Bottoms,8,53,182954
S0322138,Safari Tawi Flounce Tent Dress,Safari,Dresses,3,40,182440
V0423030,Vivo Imara Puff Sleeve Sheath Dress,Vivo,Dresses,4,81,181890
Z0225006,Zoya Vasha Midriff Jacket,Zoya,Outerwear,18,123,181792
V0722033,Vivo Basic Julia 3/4 Sleeve Back Pleat Maxi Dress,Vivo,Dresses,3,35,181564
V0621001,Vivo J.O V-Neck Sheath Dress,Vivo,Dresses,10,50,181243
V0424116,Vivo X This Is Essential Raceback Bralette,Vivo,Tops,14,124,181104
V0625040,Vivo Alani Boat Neck Midi Dress,Vivo,Dresses,3,55,178150
V0819036,Vivo Basic Bodycon,Vivo,Dresses,5,45,176429
V1019045,Vivo Basic Liv Chiffon Top,Vivo,Tops,2,95,176085
V0723042,Vivo Val 3/4 Sleeve Top,Vivo,Tops,22,150,175974
V1222304,Vivo Dali 3/4 Cut Out Sleeve Maxi Dress,Vivo,Dresses,1,30,175625
V0525078,Vivo Samira Wide Satin Kimono,Vivo,Outerwear,1,50,175000
V0722039,Vivo Wingu Puff Sleeve Maxi Dress,Vivo,Dresses,6,52,174113
V0524175,Vivo Zahari Puff Sleeve Tent Dress,Vivo,Dresses,8,35,173842
V0525061,Vivo Alani Boat Neck Maxi Dress,Vivo,Dresses,4,37,173641
S1023063,Safari Zene Tiered Above Knee Dress,Safari,Dresses,3,31,172050
S0724130,Safari Njano Tie Front Wide Top,Safari,Tops,4,38,170070
S1124144,Safari Sizani 2 Way Wrap Top,Safari,Tops,11,57,169449
V1024043,Vivo Beali Two Way Wrap Top,Vivo,Tops,13,75,168464
S0724137,Safari Njano Front Drawstring Tunic Top,Safari,Tops,2,36,168291
V0124033,Vivo Tande Front Drape Skirt,Vivo,Skirts,8,97,166804
V0325044,Vivo Basic Strappy Cowl Top,Vivo,Tops,6,75,166347
S0325033,Safari Tiwa Straight Leg Pants,Safari,Bottoms,10,41,165818
S0824028,Safari Njano Men's Easy Fit Pants,Safari,Bottoms,8,30,164535
V0824019,Vivo Wila Cowl Poncho,Vivo,,1,33,163643
V0719553,Vivo Mock Neck Tent Maxi Dress,Vivo,Dresses,4,35,160070
S0724016,Safari Savannah Men's Long Sleeve Shirt,Safari,Tops,4,34,158091
S1024007,Safari Chui Cropped Jacket,Safari,Outerwear,5,26,155951
S0424145,Safari Men's Long Sleeve Shirt,Safari,Tops,8,67,155815
VE0013B,Vivo Essentials Strappy Maxi Dress,Vivo,Dresses,3,36,155000
V0224209,Vivo Safiya Dolman Top,Vivo,Tops,9,88,154734
V0324083,Vivo Liv Wide Crepe Top,Vivo,Tops,2,46,153720
S0124010,Safari Haya Strappy Tie Back Maxi Dress,Safari,Dresses,5,46,150667
V0424027,Vivo Saida Cigarrets Pants,Vivo,Bottoms,16,64,150502
V1223017,Vivo Yumi Long Sleeve Shirt Dress,Vivo,Dresses,6,53,150180
S0924024,Safari Mansi Mens Summer Shirt,Safari,Tops,12,43,149756
S0425040,Shiv & Shikie X Safari Turtleneck Vest,Third Party Brands,Tops,2,44,149600
V0624024,Vivo Kitenge Tie Top,Vivo,Tops,15,37,148756
S0223172,Safari Mali Gathered Flounce Sleeve Tent Dress,Safari,Dresses,3,32,148530
V0223149,Vivo Yumi High Waist Pants,Vivo,Bottoms,10,54,145234
S0925041,Safari Njano Men's Short Sleeve Shirt,Safari,Tops,14,25,145000
Z0722035,Zoya Basic Long Sleeve Bodycon,Zoya,Dresses,19,72,144148
Z0324002,Zoya Taani Midriff Hoodie,Zoya,Outerwear,6,62,143904
Z1024056,Zoya X Metamorphisized 143 Workman's Jacket,Zoya,Outerwear,8,63,143095
S1023059,Safari Zene Drop Shoulder Top,Safari,Tops,5,67,141523
V0425009,Vivo Rema Palazzo Pants,Vivo,Bottoms,6,42,141050
V0622009,Vivo Jema High Slit Maxi Kimono,Vivo,Outerwear,6,37,141038
Z0724071,Zoya Banda Men's Cargo Pants,Zoya,Bottoms,8,49,140550
V0125047,Vivo Seli Strappy Tent Top,Vivo,Tops,8,88,139817
V0624061,Vivo Alora Long Sleeve Top,Vivo,Tops,2,44,139425
Z0125025,Zoya Sadira Mini Bubble Dress,Zoya,Dresses,9,55,139185
V0125001,Vivo Yene One Shoulder Maxi Dress,Vivo,Dresses,7,36,138291
V0719433,Vivo Kay Sheath Dress,Vivo,Dresses,4,43,136104
V0123104,Vivo Imara Sleeveless Front Tie Dress,Vivo,Dresses,8,54,135714
V0719121,Vivo Basic Straight Maxi Dress,Vivo,Dresses,3,31,135203
V1123057,Vivo Sanyu Overlap Maxi Cover Up Top,Vivo,Tops,12,69,134658
Z1024023,Zoya Aridi Leggings,Zoya,Bottoms,16,173,134450
V0424160,Vivo Hooded Kimono With Elastic Cuff,Vivo,Outerwear,7,22,133860
S1123111,Safari Lira Front Panelled Shirt Dress,Safari,Dresses,7,47,132792
Z0724103,Zoya Shani Men's Summer Shirt,Zoya,Tops,8,49,132265
V0124024,Vivo Tande Cap Sleeve Round Neck Top,Vivo,Dresses,8,56,130870
V1223045,Vivo Situ Off Shoulder Top,Vivo,Tops,8,76,130511
V0523180,Vivo Laika Long Sleeve Mandarin Top,Vivo,Tops,14,83,130222
Z0624103,Zoya Yuni Men's Long Sleeve T-shirt,Zoya,Tops,16,133,129273
V0425008,Vivo Rema Drawstring Turtleneck,Vivo,Bottoms,5,38,129150
Z0724070,Zoya Banda Men's Wide Pants,Zoya,Bottoms,8,76,128609
Z0724102,Zoya Basic Racer Back Crop Top,Zoya,Tops,10,113,128267
V0623026,Vivo Maisha Long Sleeve High Low Kimono,Vivo,Outerwear,8,29,128237
Z0724051,Zoya Banda Bandeau Asymmetrical Crop Top,Zoya,Tops,16,174,127822
V1023084,Vivo Sanyu Bubble Sleeve Tent Dress,Vivo,Dresses,6,38,126284
VE0003B,Vivo Essentials Capri Leggings,Vivo,Bottoms,8,48,126209
V1123157,Vivo Mira V-Neck Overlap Top,Vivo,Tops,8,61,125994
V1223018,Vivo Tana Puff Sleeve A-Line Dress,Vivo,Dresses,3,38,120167
Z0324046,Zoya Yuni Oversized Shirt,Zoya,Tops,10,31,117239
V0922049,Vivo Luna 3/4 Sleeve High Low Top,Vivo,Tops,4,43,117078
Z0924034,Zoya Temo Straight Leg Pants,Zoya,Bottoms,8,54,116879
Z0125027,Zoya Sadira Cargo Shorts,Zoya,Bottoms,7,62,116290
V0624008,Vivo Alora 3/4 Sleeve Shift Dress,Vivo,Dresses,1,26,114476
V0624006,Vivo Alora Round Neck Top,Vivo,Tops,2,38,113929
V0823134,Vivo Basic Long Sleeve Bodysuit (Seamless),Vivo,Tops,9,44,113711
Z0824040,Zoya Temo Parachute Pants,Zoya,Bottoms,12,69,113475
V0323015,Vivo Asika Kaftan Tunic,Vivo,Tops,1,37,113059
V0623003,Vivo Zahari Dolman Tie Kimono,Vivo,Outerwear,6,58,111427
Z0822098,Zoya Nia Wide Leg Denim Pants,Zoya,Bottoms,24,54,110760
V0423025,Vivo Tatili Drop Shoulder Cowl Top,Vivo,Tops,10,45,110494
V1223052,Vivo Situ Ruffle Neck Jumpsuit,Vivo,Bottoms,3,26,110265
VE0042P,Vivo Kitenge Bubble Sleeve Tent Dress,Vivo,Dresses,14,24,109935
V0723017,Vivo Ziwa Long Sleeve Ruffle Midi Kimono,Vivo,Outerwear,5,42,106282
S0925061,Safari By Vivo Mens Cotton Pants,Safari,Bottoms,7,22,105600
V1023100,Vivo Amara Back Pleat Dress,Vivo,Dresses,5,27,104925
V0923018,Vivo Soleil Sleeveless Layered Top,Vivo,Tops,7,75,104484
Z0225010,Zoya Vasha Track Pants,Zoya,Bottoms,15,72,104435
V1023079,Vivo Sanyu Shift Dress,Vivo,Dresses,4,38,103901
V0625005,Vivo Alani Pallazo Pants,Vivo,Bottoms,4,24,103626
S0423069,Safari Hawi Peplum Bishop Sleeve Wrap Coat,Safari,Outerwear,16,44,103381
Z0324004,Zoya Taani Side Slit Hoodie,Zoya,Outerwear,8,53,101736
V1123036,Vivo Sanyu Maxi Tent Dress,Vivo,Dresses,1,24,101728
V1223044,Vivo Situ Ruffle Neck Top,Vivo,Tops,5,109,101275
V0825032,Vivo Kemi Skirt & Top Set,Vivo,Skirts,1,21,100940
V0823129,Vivo Naya One Shoulder Flounce Top,Vivo,Tops,18,123,100337
V0625038,Vivo Alani Boat Neck Top,Vivo,Tops,2,53,100130
V0623033,Vivo Basic Spaghetti Strap Tank Top,Vivo,Tops,15,91,99699
S0724014,Safari Savannah Front Slit Midi Skirt,Safari,Skirts,3,19,98777
Z1024004,Zoya Aridi Unisex Shacket (Flannel),Zoya,Outerwear,8,48,98337
Z1024087,Zoya X Metamorphisized 143 Pleated Flannel Mini Skirt,Zoya,Skirts,10,55,97215
Z0324012,Zoya Taani Maxi Dress,Zoya,Dresses,16,62,95180
V0923019,Vivo Soleil Sleeveless Layered Knee Length Dress,Vivo,Dresses,6,26,94235
S0223186,Safari Kaya Long Sleeve Shirt Dress,Safari,Dresses,6,20,94043
S0724084,Safari Savannah Kitenge Chinese Collar Shirt,Safari,Tops,3,22,94018
Z0324061,Zoya Yuni Contrast Stitch Cargo Pants,Zoya,Bottoms,8,25,93004
V0120033,Vivo Wide Liv Chiffon Maxi,Vivo,Dresses,2,25,92795
S0924010,Safari Mansi Maxi Shirt Dress,Safari,Dresses,2,14,91613
S0924026,Safari Mansi Mens Shorts,Safari,Bottoms,8,37,91597
Z0324067,Zoya Yuni Sleeveless Turtle Neck Maxi Top,Zoya,Tops,22,61,91042
Z0424111,Zoya Yuni Men's Fleece Sweat Pants,Zoya,Bottoms,10,40,90811
VE0001M,Vivo Essentials Tank Top,Vivo,Tops,9,61,90385
S0424039,Safari Men's Chinese Collar Long Sleeve Shirt,Safari,Tops,3,39,89997
S0223171,Safari Mali Gathered Flounce Sleeve Shirt Dress,Safari,Dresses,3,19,88441
Z0125026,Zoya Sadira Mini Cargo Skirt,Zoya,Skirts,10,45,86759
Z0824044,Zoya Temo Mens Zipped Overshirt,Zoya,Tops,7,62,86547
S0824030,Safari Njano Men's Knee Length Shorts,Safari,Bottoms,8,26,86180
Z0125020,Zoya Sadira Strappy Bodysuit,Zoya,Tops,13,57,85956
V1123031,Vivo Hisi Dolman Knee Length Dress,Vivo,Dresses,4,54,85347
VE0006B,Vivo Essentials Full Length Leggings,Vivo,Bottoms,8,43,84848
VE0008B,Vivo Essentials Bodycon,Vivo,Dresses,7,23,84806
V1023070,Vivo Sanyu Bubble Off,Vivo,Tops,11,56,84619
S0824068,Safari Savannah Kitenge Shacket,Safari,Outerwear,4,17,83520
Z0424110,Zoya Yuni Men's Sweatshirt,Zoya,Tops,21,48,81982
V0823179,Vivo Leila Asymmetrical Angel Sleeve Top,Vivo,Tops,1,28,81484
VE0032M,Vivo Wide-Leg Pants,Vivo,Bottoms,8,19,80814
Z0624022,Zoya Shani Pleated Shorts,Zoya,Bottoms,16,54,80495
V1123147,Vivo Mira Midi Kimono (Petite),Vivo,Outerwear,4,29,78479
V1123158,Vivo Mira Reversible Wrap Top,Vivo,Tops,9,64,78418
Z1024059,Zoya X Metamorphisized 143 Cropped Jacket,Zoya,Outerwear,3,31,78287
S0424075,Safari Huru Halter Sleeveless High Low Dress,Safari,Dresses,3,15,76850
S1123109,Safari Lira Panelled Camisole Top,Safari,Tops,8,100,76140
Z0824034,Zoya Temo Cropped Jacket,Zoya,Outerwear,3,32,75940
S0724143,Safari Njano Joggers,Safari,Bottoms,1,17,74225
S0223023,Safari Nimali Ruffle Sleeve Top,Safari,Tops,5,35,74080
V0523146,Vivo Leila Hip Length Waterfall,Vivo,Outerwear,4,21,72993
Z1024051,Zoya X Metamorphisized 143 Raglan Sleeve Midriff Top,Zoya,Tops,12,53,72231
V0623072,Vivo Sani Long Sleeve Ruffle Placket Shirt,Vivo,Tops,4,32,71845
V1124158,Vivo Chari Basic Pencil Skirt,Vivo,Skirts,1,30,71500
Z0125029,Zoya Sadira Bell Bottom Unitard,Zoya,Bottoms,10,49,70992
Z0324049,Zoya Yuni Halter Midriff Top,Zoya,Tops,28,104,70818
V0424153,Vivo Maxi Kimono,Vivo,Outerwear,7,19,70557
V1123138,Vivo Sanali Off,Vivo,Tops,7,40,70453
S0424050,Safari Bush Asymmetrical Sweater Poncho,Safari,Outerwear,1,26,69866
V0423052,Vivo Basic V-Neck Long Sleeve Top,Vivo,Tops,4,45,69830
V0523147,Vivo Dua Long Bishop Sleeve Top,Vivo,Tops,2,24,69576
VE0041M,Vivo Sleeveless Blazer,Vivo,Outerwear,9,18,69520
V0723068,Vivo Jira Scoop Neck Jumpsuit,Vivo,Bottoms,13,39,68033
Z0724059,Zoya Banda Waist Length Zipped Jacket,Zoya,Outerwear,6,50,66250
Z0824050,Zoya Temo Men's Patched Straight Leg Pants,Zoya,Bottoms,13,39,65406
V0719007,Vivo Basic 3/4 Sleeve A-Line Wrap Maxi Dress,Vivo,Dresses,2,17,65018
Z0822087,Zoya Nia Wide Leg Shorts,Zoya,Bottoms,19,38,64958
Z0821148,Zoya Essentials Mini Bodycon,Zoya,Dresses,13,41,64075
V1123154,Vivo Mira Straight Leg Pants,Vivo,Bottoms,5,24,63473
Z0324024,Zoya Naya One Shoulder Flounce Satin Crop Top,Zoya,Tops,4,43,62970
V0224211,Vivo Safiya Wide Top,Vivo,Tops,1,81,62826
S0424047,Safari Men's Cargo Pants,Safari,Bottoms,6,20,62712
S0925045,Safari Njano Men's Easy Fit Kitenge Pants,Safari,Bottoms,8,13,62400
V0424155,Vivo Halter Maxi With Lining,Vivo,Dresses,5,18,61305
VE0001B,Vivo Essentials Tank Top,Vivo,Tops,7,41,60721
V092404,Vivo Mandla Side Flap A-Line Dress,Vivo,Dresses,1,12,60410
Z0724018,Zoya Shani Men's Drawstring Shorts,Zoya,Bottoms,8,50,60000
V1223058,Vivo Alika High Waist Pants,Vivo,Bottoms,2,22,58899
V1120011,Vivo Basic Nala Dolman Cowl Sweater Top,Vivo,Tops,1,20,58078
S0925059,Safari By Vivo Mens Cotton Shorts,Safari,Bottoms,7,17,57800
V1124136,Vivo Yene V Neck Slip Dress,Vivo,Dresses,6,16,56730
S0923110,Safari Kikoy 3/4 Sleeve Shirt,Safari,Tops,5,25,56703
Z0822082,Zoya Nia Off Shoulder Knee Length Dress,Zoya,Dresses,13,22,55895
Z0225008,Zoya Vasha Short Sleeve Mesh Top,Zoya,Tops,15,101,55350
Z0125023,Zoya Sadira Men's Polo T-Shirt,Zoya,Tops,8,37,54920
VE0028P,Vivo Trench Coat,Vivo,Outerwear,10,20,53780
S0824029,Safari Njano Men's Straight Leg Pants,Safari,Bottoms,4,10,53350
Z1024050,Zoya X Metamorphisized 143 Raglan Sleeve Crop Top,Zoya,Tops,13,45,52875
Z0225007,Zoya Vasha Hooded Jacket,Zoya,Outerwear,9,45,52727
S0724127,Safari Njano Wide Leg Pants,Safari,Bottoms,4,14,52645
V0323020,Vivo Basic Long Sleeve A-Line Maxi Dress,Vivo,Dresses,1,9,52522
V0224164,Vivo Kelemi A-Line Knee Length Dress,Vivo,Dresses,4,14,52301
V0424012,Vivo Pendo Puff Sleeve Shift Dress,Vivo,Dresses,4,13,51864
V0223165,Vivo Maua Sleeveless Tent Knee Length Dress,Vivo,Dresses,2,21,51532
V0424022,Vivo Saida Bishop Sleeve Top,Vivo,Tops,4,18,51405
V1223181,Vivo Basic Wide Jersey Top,Vivo,Tops,1,33,51268
V0424158,Vivo Cowl Camisole,Vivo,Tops,11,38,50774
Z0324069,Zoya Yuni Halter Tank Top,Zoya,Tops,16,57,50585
V1023154,Vivo Ava Tent Knee Length Dress,Vivo,Dresses,2,13,50059
Z0324057,Zoya Yuni Halter Dress,Zoya,Tops,8,34,49756
Z1124124,Zoya Kyro Pleated Mini Skirt,Zoya,Skirts,10,40,49580
S1124152,Safari Sizani Men's Kitenge Placket Shirt,Safari,Tops,10,13,49400
Z0125019,Zoya Sadira Ribbed Top,Zoya,Tops,5,22,49200
Z0225009,Zoya Vasha Biker Shorts,Zoya,Bottoms,15,83,48765
V1023097,Vivo Amara Sleeveless High Low Top,Vivo,Tops,4,31,48632
V1023069,Vivo Sanyu Boat Neck Midriff Top,Vivo,Tops,4,22,48020
VE0008W,Vivo Essentials Bodycon,Vivo,Dresses,6,13,47696
Z0924029,Zoya Temo Men's Knee Length Shorts,Zoya,Bottoms,7,31,47668
S0223175,Safari Mali Off,Safari,Dresses,1,12,47440
Z0324017,Zoya Taani Wide Joggers,Zoya,Bottoms,10,26,47370
V0823125,Vivo Naya One Shoulder Flounce Jumpsuit,Vivo,Bottoms,12,39,47005
Z0624006,Zoya Shani Off Shoulder Crop Top,Zoya,Tops,15,44,46945
VE0008Y,Vivo Essentials Bodycon,Vivo,Dresses,4,17,46869
S0824054,Safari Kitenge Men's Sweatshirt,Safari,Tops,7,11,46750
VE0060P,Vivo Nimali Satin Flounce Kimono,Vivo,Outerwear,2,11,46732
V1223041,Vivo Situ Side Slit Midi Kimono,Vivo,Outerwear,4,10,46615
S0425045,Shiv & Shikie X Safari Faux Collar Shirt,Third Party Brands,Tops,1,17,46480
S0124009,Safari Haya High Low Dress,Safari,Dresses,4,20,46360
Z0324052,Zoya Yuni Off Shoulder Bodysuit,Zoya,Tops,8,33,45710
S0824055,Safari Kitenge Men's Sweat Pants,Safari,Bottoms,9,10,45500
VE0060N,Vivo Nimali Satin Flounce Kimono,Vivo,Outerwear,1,9,45352
Z0822099,Zoya Nia Cargo Shorts,Zoya,Bottoms,15,34,44325
S1124116,Safari Sizani Strappy Tent Top,Safari,Tops,10,20,44060
V0624013,Vivo X Essence Asha Wide Leg Pants With Short Lining,Vivo,Bottoms,5,9,43991
V0923010,Vivo Jira Capri Leggings,Vivo,Bottoms,9,27,43779
V0220060,Zoya Capri Leggings,Zoya,Bottoms,1,35,43492
Z0125022,Zoya Sadira Midriff Polo T-Shirt,Zoya,Tops,11,29,43285
Z0724060,Zoya Banda Drop Shoulder Unisex Wide Jacket,Zoya,Outerwear,5,35,42780
V0525027,Vivo Keza Wide Satin Kimono,Vivo,Outerwear,1,8,41800
DH0001D,Denim Haven High Rise Skinny Ripped Jeans,Third Party Brands,Bottoms,5,41,41520
Z0324066,Zoya Yuni High Slit Dress,Zoya,Dresses,12,31,41380
S0623056,Safari Anga Puffy Short Sleeve Tie Top,Safari,Tops,7,33,41342
V1124110,Vivo Seli Shorts,Vivo,Bottoms,4,16,41036
V0923053,Vivo Ava Pleated Wide Leg Pants,Vivo,Bottoms,4,12,40600
Z0724054,Zoya Banda Strappy Playsuit,Zoya,Bottoms,9,36,40245
VE0032A,Vivo Wide-Leg Pants,Vivo,Bottoms,6,14,40100
V1022076,Vivo Raha Waist Tie Top,Vivo,Tops,1,14,39958
V0623071,Vivo Sani Long Sleeve Ruffle Shirt Dress,Vivo,Dresses,4,14,39613
S0925060,Safari By Vivo Mens Cotton Short Sleeve Shirt,Safari,Tops,4,9,39600
V0224229,Vivo Reba Dolman Dress,Vivo,Dresses,1,9,39121
V0322088,Vivo Jamila Halter Neck Knee Length Dress,Vivo,Dresses,5,11,39101
V0324076,Vivo Azawi Pencil Skirt,Vivo,Skirts,4,24,38731
V0124079,Vivo Situ Tulip Pants,Vivo,Bottoms,3,10,38693
Z0824048,Zoya Temo Mens Short Sleeve T-shirt,Zoya,Tops,13,48,38555
V0224166,Vivo Kelemi Layered Maxi Dress,Vivo,Dresses,4,8,38370
V1124154,Vivo Chari V-Neck Top,Vivo,Tops,1,14,38340
Z0124039,Zoya Luna Drape Tie Top,Zoya,Tops,11,33,38178
Z0324056,Zoya Yuni Off shoulder Mini Dress,Zoya,Dresses,8,33,38087
V1223020,Vivo Lero Capri Leggings,Vivo,Bottoms,9,35,37925
V1122143,Vivo Fahari Drop Shoulder Cowl Top,Vivo,Tops,4,17,37877
Sample & Sale Items,Sample & Sale Items,Vivo,Sale,4,38,37850
Z0324009,Zoya Taani Sleeveless Midriff Top,Zoya,Tops,16,97,37603
Z0125030,Zoya Sadira Bell Bottom Pants,Zoya,Bottoms,7,22,37470
V0524174,Vivo Zahari Drop Shoulder High Low Dress,Vivo,Dresses,4,8,37445
Z1124120,Zoya Kyro Strappy Vest,Zoya,Tops,9,45,37065
V0124048,Vivo Arafa Wrap Dress,Vivo,Dresses,1,15,36416
S0424035,Safari Men's Bomber Jacket,Safari,Outerwear,3,7,36400
V1223050,Vivo Situ Ruffle Neck Maxi Dress- Black / Blush Manda Print,Vivo,Dresses,2,9,35765
Z0624009,Zoya Shani Cropped Tie Top,Zoya,Tops,5,22,35468
S1123100,Safari Lira Criss,Safari,Tops,2,13,34921
Z0824047,Zoya Temo Mens Camo Shirt,Zoya,Tops,7,25,34713
Z0624005,Zoya Shani Scarf Top,Zoya,Tops,2,34,34510
Z0924065,Zoya Aridi Cropped Jacket,Zoya,Outerwear,4,22,34440
V0923008,Vivo Jira Sleeveless Waterfall,Vivo,Outerwear,2,16,34107
V0121062,Vivo Talek Lap,Vivo,Tops,4,14,33951
V0822017,Vivo Sleeveless Sweater Bodycon,Vivo,Dresses,3,8,33600
V1123125,Vivo Lero Fitness Leggings,Vivo,Bottoms,9,29,33554
Z0724061,Zoya Banda Unisex Letterman Jacket,Zoya,Outerwear,4,24,33460
VE0001T,Vivo Essentials Tank Top,Vivo,Tops,7,30,33456
VE0003W,Vivo Essentials Capri Leggings,Vivo,Bottoms,6,14,33300
Z0225011,Zoya Vasha Raglan Sleeve Playsuit,Zoya,Bottoms,11,28,33162
S0824053,Safari Men's Long Sleeve T-shirt,Safari,Tops,8,30,33070
S0324027,Safari Zene Dolman Top,Safari,Tops,1,12,33000
V0723048,Vivo Sawari Long Sleeve V-Neck Midriff Top,Vivo,Tops,6,13,32946
V0121134,Vivo Basic Nalia High Low Jersey Top,Vivo,Tops,6,25,32850
Z0824063,Zoya Temo Crop T- Shirt,Zoya,Tops,8,39,32850
Z0724069,Zoya Banda Unisex Jorts,Zoya,Bottoms,7,48,32298
Z0225004,Zoya Vasha Sleeveless Turtleneck Mini Bodycon,Zoya,Dresses,5,27,32270
V0622073,Vivo Wingu Long Sleeve Side Drape Tunic Top,Vivo,Tops,4,35,32019
VE0060L,Vivo Nimali Satin Flounce Kimono,Vivo,Outerwear,1,8,31787
V1223056,Vivo Alika Knee Length Kimono,Vivo,Outerwear,1,8,31519
S1023066,Safari Kikoy Tunic High Low Top,Safari,Tops,1,6,31500
V0523155,Vivo Sia Leisure Pants,Vivo,Bottoms,9,21,30655
JN23315,Soko Maxi Dash Necklace,Third Party Brand,Accessories,1,3,30600
VE0054R,Vivo Nimali Satin Halter Top,Vivo,Tops,11,19,30100
S0923079,Safari Kikoy Off Shoulder Crop Top,Safari,Tops,9,46,30080
Z1124121,Zoya Kyro Straight Leg Pants,Zoya,Bottoms,8,16,29963
V0923001,Vivo Soleil Sleeveless Drape Jumpsuit,Vivo,Bottoms,2,6,29884
V1123153,Vivo Mira Joggers,Vivo,Bottoms,3,17,29865
Z0125021,Zoya Sadira Halter Neck Vest,Zoya,Tops,10,35,29660
Z1123050,Zoya Party Low V-Neck Bodysuit,Zoya,Tops,5,22,29489
V1124153,Vivo Chari Basic Chiffon Bishop Sleeve Top (Double Layered),Vivo,Tops,1,10,29376
V1123168,Vivo Sakari V-Neck Drop Shoulder Top,Vivo,Tops,4,14,29287
VE0006M,Vivo Essentials Full Length Leggings,Vivo,Bottoms,6,15,29250
VE0055B,Vivo Nimali Satin Joggers,Vivo,Bottoms,6,12,29242
V0424163,Vivo Wide Leg Chiffon Pants,Vivo,Bottoms,6,10,28988
V0824073,Vivo Amai Knee Length Dresses,Vivo,Dresses,3,6,27688
Z0125031,Zoya Sadira Mens' Chino Pants,Zoya,Bottoms,4,10,27500
VE0003T,Vivo Essentials Capri Leggings,Vivo,Bottoms,6,10,27449
VE0006W,Vivo Essentials Full Length Leggings,Vivo,Bottoms,7,14,27300
V0923023,Vivo Zaria Long Sleeve Coat,Vivo,Outerwear,4,8,27230
VE0007B,Vivo Essentials High Neck Midriff Top,Vivo,Tops,8,16,26566
V0524166,Vivo Wide Leg Pants With Short Lining,Vivo,Bottoms,5,6,26462
V1123012,Vivo Hanabi Off,Vivo,Tops,3,11,26192
Z0822110,Zoya Nia Puff Sleeve Off Shoulder Romper,Zoya,Bottoms,8,10,26035
V0321048,Vivo Zanzi Wrap Circular Dress,Vivo,Dresses,3,10,25987
Z0324062,Zoya Yuni Cargo Pants,Zoya,Bottoms,5,9,25437
V1024036,Vivo Beali Wrap Shirt Dress,Vivo,Dresses,1,5,25275
V1123145,Vivo Sanali 0ff-Shoulder Knee Length Dress,Vivo,Dresses,2,7,25075
V1123062,Vivo Ajani Blouse,Vivo,Tops,1,14,24509
V0525058,Vivo Selah Palazzo Pants in Stretch Rib,Vivo,Bottoms,4,7,24500
Z0822091,Zoya Nia Crop Oversized Jacket,Zoya,Outerwear,6,14,24475
VE0003M,Vivo Essentials Capri Leggings,Vivo,Bottoms,6,9,24449
P21DD80,Cowl Lined Midi Halter Dress,Third Party Brands,Dresses,6,11,24180
P21DX83,Racer Front & Back Mini Dress,Third Party Brands,Dresses,10,30,23640
V0823168,Vivo Golf Long Sleeved Zip Up Jacket,Vivo,Outerwear,7,11,23580
V0723067,Vivo Jira Cocoon Waterfall,Vivo,Outerwear,4,10,23445
Z0624020,Zoya Shani Sarong Wrap,Zoya,Skirts,1,7,22750
V0524181,Vivo Kitenge Infinity Jumpsuit,Vivo,Bottoms,4,8,22675
Z0822092,Zoya Nia Crop Bomber Jacket,Zoya,Outerwear,3,8,22610
V0224109,Vivo X This Is Essential Short Unitard,Vivo,Bottoms,1,7,22263
VE0002B,Vivo Essentials Biker Shorts,Vivo,Bottoms,8,13,22225
Z1223009,Zoya Sitawi Square Neck Bodysuit,Zoya,Tops,13,29,21569
V0822077,Vivo Tana Puff Sleeve Bodysuit,Vivo,Tops,2,8,21474
V1120036,Vivo Everyday Cap Sleeve Top in Jersey,Vivo,,4,12,21299
V0923086,Vivo Soleil Shorts,Vivo,Bottoms,6,15,21289
Z0924064,Zoya Aridi Unisex Shacket (Corduroy),Zoya,Outerwear,4,15,21201
Z0123051,Zoya Party Strappy One Shoulder Midi Dress,Zoya,Dresses,5,20,20800
V1222169,Vivo Fitness Leggings,Vivo,Bottoms,12,75,20798
S0123089,Safari Mali 3/4 Sleeve Tie Shirt,Safari,Tops,1,10,20130
V1024003,Vivo Merika Midi Wrap Dress,Vivo,Dresses,3,4,19970
VE0061W,Vivo Nimali Satin Short Kimono,Vivo,Outerwear,2,5,19952
Z0125028,Zoya Sadira Mens' Chino Shorts,Zoya,Bottoms,4,23,19945
Z0924071,Zoya Aridi Mens Straight Leg Pants,Zoya,Bottoms,4,14,19790
V1223022,Vivo Ajani V-Neck Shift Dress,Vivo,Dresses,2,6,19638
VE0006T,Vivo Essentials Full Length Leggings,Vivo,Bottoms,4,10,19500
VE0031A,Vivo Long Sleeve Blazer,Vivo,Outerwear,3,5,19500
S0923114,Safari Kikoy Joggers,Safari,Bottoms,3,9,19310
Z0424106,Zoya Men's Round Neck T-shirt,Zoya,Tops,6,20,19110
VE0049P,Vivo Kitenge Midi Kimono,Vivo,Outerwear,4,5,18866
VE00NAT,Vivo Joggers,Vivo,Bottoms,3,5,18720
S0525067,Safari Tara Crop Shacket,Safari,Outerwear,1,5,18450
Z0824059,Zoya Temo Asymmetric Front Cut Crop Top,Zoya,Tops,14,40,18031
Z1024061,Zoya X Metamorphisized 143 Pleated Mini Skirt,Zoya,Skirts,6,14,17930
Z0324071,Zoya Yuni Contrast Stitch Mini Skirt,Zoya,Skirts,5,25,17880
V0725048,Vivo Tanda Batwing Top,Vivo,Tops,3,5,17500
Z1219015,Zoya Basic Val Tank Top,Zoya,Tops,6,14,17380
VE0001O,Vivo Essentials Tank Top,Vivo,Tops,4,11,17050
Z1123052,Zoya Party Cowl Bare Back Mini Dress,Zoya,Dresses,4,7,17050
Z1021120,Zoya Chill Spaghetti Strap Tank Top,Zoya,Tops,22,94,17044
VE0054S,Vivo Nimali Satin Halter Top,Vivo,Tops,5,12,16870
VE0072S,Vivo Essentials Jersey Top,Vivo,Tops,2,10,16725
Z0424109,Zoya Men's Cargo Pants,Zoya,Bottoms,4,5,16250
VE0044P,Vivo Kitenge Strappy Tiered Maxi Dress,Vivo,Dresses,2,4,16039
VE0054P,Vivo Nimali Satin Halter Top,Vivo,Tops,5,10,15790
Z1124151,Zoya Basic Crop Top,Zoya,Tops,6,23,15732
Z0822086,Zoya Nia Oversized Denim Shirt,Zoya,Outerwear,6,10,15525
Z0125024,Zoya Sadira Men's Long Sleeve T Shirt,Zoya,Tops,3,8,15250
VE0028S,Vivo Trench Coat,Vivo,Outerwear,4,4,15180
VE0008O,Vivo Essentials Bodycon,Vivo,Dresses,2,4,15010
V0825002,Vivo Tanda Handkerchief Drape Top,Vivo,Tops,3,4,14820
S0425044,Shiv & Shikie X Safari Boxy T Shirt,Third Party Brands,Tops,1,4,14650
S0524199,Safari Kitenge T-Shirt,Safari,Tops,7,15,14600
V0424125,Vivo Chesi Kimono,Vivo,Outerwear,1,3,14599
V1223064,Vivo Asha High Low Top,Vivo,Tops,3,7,14490
V0324072,Vivo Azawi Peplum Top,Vivo,Tops,2,10,14333
V1023099,Vivo Amara V-Neck Maxi Dress,Vivo,Dresses,2,7,14180
VE0001Y,Vivo Essentials Tank Top,Vivo,Tops,4,14,14100
V0723065,Vivo Jira Lounge Pants,Vivo,Bottoms,7,7,14010
S0923076,Safari Kikoy Long Sleeved Shirt Dress- Dark Maroon,Safari,Dresses,2,5,13928
V0824022,Vivo Maisha High Slit Kimono,Vivo,Outerwear,2,5,13900
Z0123053,Zoya Party Sleeveless Side Cut Midi Dress,Zoya,Dresses,4,12,13650
V0725047,Vivo Tanda Maxi Skirt in Stretch Rib,Vivo,Skirts,1,3,13500
V0523205,Vivo X Pinky Long Sleeve Fitness Top,Vivo,Tops,7,43,13350
VE0055G,Vivo Nimali Satin Joggers,Vivo,Bottoms,4,5,13250
S0124008,Safari Haya 0ne Shoulder Asymmetrical Side Tie Top,Safari,Tops,5,8,12963
S0923106,Safari Kikoy Wide Elastic Shorts,Safari,Bottoms,2,9,12960
VE0014T,Vivo Tulia Travel Jumpsuit,Vivo,Bottoms,3,5,12881
VE05232,Vivo Kitenge Strappy Jumpsuit,Vivo,Bottoms,2,4,12600
S0223033,Safari Nimali 3/4 Sleeve Maxi Dress,Safari,Dresses,1,2,12510
Z1124119,Zoya Kyro Women's Oversized Blazer,Zoya,Outerwear,5,7,12406
V0819120,Vivo Basic Sienna Waterfall,Vivo,Outerwear,2,5,12305
V1024030,Vivo Beali Shirred Midriff Top,Vivo,Tops,1,8,12285
V0523208,Vivo X Pinky Sleeveless Cross Back Fitness Tank Top,Vivo,Tops,7,40,11397
V0923013,Vivo Naya Strappy Midi Body-Con Dress,Vivo,Dresses,6,8,11254
VE0020T,Vivo Essentials Lounge Pants,Vivo,Bottoms,3,4,11100
S0123091,Safari Mali Wrap Lapel Top,Safari,Tops,1,4,11100
Z1123055,Zoya Party Sheer Pants,Zoya,Bottoms,5,7,10878
S0623073,Safari Anga Wide Shorts,Safari,Bottoms,2,5,10810
S0925062,Safari By Vivo Mens Cotton Long Sleeve Shirt,Safari,Tops,2,2,10800
S1123112,Safari Lira Drop Shoulder Dress,Safari,Dresses,1,3,10758
VE0060D,Vivo Nimali Satin Flounce Kimono,Vivo,Outerwear,1,2,10710
VE0002M,Vivo Essentials Biker Shorts,Vivo,Bottoms,4,6,10500
VE0055R,Vivo Nimali Satin Joggers,Vivo,Bottoms,3,5,10250
VE0054D,Vivo Nimali Satin Halter Top,Vivo,Tops,3,4,10200
V0923055,Vivo Ava Jumpsuit,Vivo,Bottoms,3,4,10164
S0124011,Safari Haya Off Shoulder Maxi Dress,Safari,Dresses,3,3,9925
V1223038,Vivo Hanabi High Low Top,Vivo,Tops,1,3,9750
VE0054L,Vivo Nimali Satin Halter Top,Vivo,Tops,5,5,9750
V1222259,Vivo Fitness Bikers,Vivo,Bottoms,3,22,9716
S0224200,Safari Tie Back Maxi Dress,Safari,Dresses,1,2,9645
VE0002W,Vivo Essentials Biker Shorts,Vivo,Bottoms,5,8,9400
V0523207,Vivo X Pinky Long Sleeve Cross Back Fitness Playsuit,Vivo,Bottoms,3,13,9300
V1019066,Vivo Basic Sleeveless Leila Bodycon Dress,Vivo,Dresses,1,4,9040
VE0017B,Vivo Essentials Bandeau,Vivo,Tops,5,12,9000
V0724019,Vivo Kelemi Satin Boat Neck Midriff Top,Vivo,Tops,1,4,9000
VE0061D,Vivo Nimali Satin Short Kimono,Vivo,Outerwear,2,3,8800
VE0002T,Vivo Essentials Biker Shorts,Vivo,Bottoms,4,5,8750
Z1124125,Zoya Kyro Cropped Shirt,Zoya,Tops,2,6,8700
V0624025,Vivo Kitenge Strappy Tie Back Top,Vivo,Tops,1,3,8700
P21DX80,Lace-Up Back Spaghetti-Strap Dress,Third Party Brands,Dresses,3,13,8528
Z1123007,Zoya Sitawi Round Neck Midriff Top,Zoya,Tops,8,12,8440
Z0822081,Zoya Nia Off Shoulder Puff Sleeve Top,Zoya,Tops,7,9,8400
DH0001L,Denim Haven High Rise Skinny Ripped Jeans,Third Party Brands,Bottoms,1,8,8260
VE0029K,Vivo Tiered Shirt Dress,Vivo,Dresses,1,2,8250
VE0029S,Vivo Tiered Shirt Dress,Vivo,Dresses,2,3,8040
RFS0125,Vivo Knee length Dress,Vivo,Sale,3,10,7950
V0923025,Vivo Zaria Pleated Sleeve Top,Vivo,Tops,1,12,7937
VE0041A,Vivo Sleeveless Blazer,Vivo,Outerwear,2,2,7900
VE0010B,Vivo Essentials Sleeveless One Shoulder Crop Top,Vivo,Tops,3,8,7733
VE0047E,Vivo Cargo Pants,Vivo,Bottoms,1,2,7650
V1123064,Vivo Arafa V-Neck Bodycon,Vivo,Dresses,1,2,7650
CXSZSX7,Anika Ribbed Pencil Skirt,Third Party Brands,Skirts,4,7,7630
V0223140,Vivo Basic Nalia Satin High Low Top,Vivo,Tops,1,4,7500
VE0003Y,Vivo Essentials Capri Leggings,Vivo,Bottoms,1,3,7500
V0224238,Vivo 2-Way Wrap Top,Vivo,Tops,2,3,7423
V0922097,Vivo Arusha Wide Drop Shoulder Tunic Top,Vivo,Tops,1,10,7404
Z1223003,Zoya Sitawi Bodycon,Zoya,Dresses,3,3,7140
V0523201,Vivo X Pinky Sleeveless Cross Back Fitness Bra,Vivo,Tops,7,25,7120
V0723054,Vivo Jira Hooded Poncho,Vivo,Outerwear,3,5,7000
V0324071,Vivo Azawi 3/4 Sleeve Top,Vivo,Tops,1,5,6970
V0323017,Vivo Basic Drop Shoulder Dolman Dress,Vivo,Dresses,2,5,6790
Z0220118,Zoya Basic Bodycon,Zoya,Dresses,4,4,6650
V1222209,Vivo Lumi Cuffed Dolman Maxi Dress,Vivo,Dresses,1,1,6550
Z0324044,Zoya Yuni Contrast Stitch Crop Jacket,Zoya,Outerwear,2,3,6467
V0523223,Vivo Taji Straight Leg Pants,Vivo,Bottoms,1,2,6400
V0524006,Vivo X Essence Ruffle Neck Jumpsuit,Vivo,Bottoms,1,1,6250
VE0029I,Vivo Tiered Shirt Dress,Vivo,Dresses,1,1,6186
VE0001W,Vivo Essentials Tank Top,Vivo,Tops,3,4,6045
V0522027,Vivo Zena Sleeveless Shawl Collar Overcoat,Vivo,Outerwear,1,5,6000
V1122055,Vivo Raha Satin Joggers,Vivo,Bottoms,5,17,5986
S0120016,Safari Reversible Shirt Jacket,Safari,,1,1,5950
V0222237,Vivo Jamila Halter Neck Maxi Dress,Vivo,Dresses,1,1,5950
V1222332,Vivo Lumi Back Pleat Maxi Dress,Vivo,Dresses,1,1,5950
V0124041,Vivo Arafa Wrap Top,Vivo,Tops,1,5,5935
V0823141,Vivo Golf Fly Front Shorts,Vivo,Bottoms,5,5,5760
S0524187,Safari Bush Sweatshirt,Safari,Tops,1,2,5750
Z0220060,Zoya Capri Leggings,Zoya,Bottoms,4,4,5550
Z1123021,Zoya Party Drawstring Hoodie,Zoya,Outerwear,2,2,5500
V0320040,Vivo Basic Boundneck Puff Sleeve Top,Vivo,Tops,3,4,5400
V0223224,Vivo Basic Shirt,Vivo,,2,2,5250
Z0124041,Zoya Luna High Slit Dress,Zoya,Dresses,4,6,5181
VE0003O,Vivo Essentials Capri Leggings,Vivo,Bottoms,1,2,5000
VE0020B,Vivo Essentials Lounge Pants,Vivo,Bottoms,1,2,4900
P21DX79,Double O-ring Cami Dress,Third Party Brands,Dresses,4,7,4840
AN00237,Anika Pleated Highwaist Aline Side Zipper Short Skater Skirt,Third Party Brands,Skirts,1,7,4700
V0424028,Vivo Saida Long Sleeve Jacket,Vivo,Outerwear,1,2,4650
V0923052,Vivo Ava Tapered Pants,Vivo,Bottoms,1,3,4650
V0222135,Vivo Basic Straight Skirt,Vivo,Skirts,2,4,4600
VE0009B,Vivo Essentials Strappy Cold Shoulder Top,Vivo,Tops,1,2,4558
S0522015,Safari Kaya Long Sleeve Collar Shirt,Safari,Tops,1,1,4550
Z0724062,Zoya Banda Unisex Shacket,Zoya,Outerwear,2,2,4500
Z0824037,Zoya Temo Pleated Skirt,Zoya,Skirts,1,3,4450
V0424030,Vivo Saida Ruffle Neck Sheath Dress,Vivo,Dresses,1,2,4450
S1124151,Safari Sizani Men's Kitenge Tuxedo Shirt,Safari,Tops,1,1,4400
S0424037,Safari Men's Shacket,Safari,Tops,1,1,4350
V0823185,Vivo Naya Flounce Sleeve Kimono,Vivo,Outerwear,1,1,4350
Z0724057,Zoya Banda Lantern Pants,Zoya,Bottoms,3,10,4342
VE0054N,Vivo Nimali Satin Halter Top,Vivo,Tops,1,3,4250
S1122042,Safari Mara Cape Top,Safari,Tops,1,2,4200
Z0124042,Zoya Luna Drawstring Maxi Dress,Zoya,Dresses,3,3,4050
P21SX70,Classic Flared Miniskirt,Third Party Brands,Skirts,3,8,3920
VE0036A,Vivo Culottes,Vivo,Bottoms,1,1,3900
VE0050S,Vivo Joggers,Vivo,Bottoms,1,2,3900
V0625028,Vivo Diella 3/4 Sleeve Pleated Dress,Vivo,Sale,1,1,3900
S0824026,Safari Njano Mens Bound Neck Shirt,Safari,Tops,1,2,3750
Z0324070,Zoya Yuni One Shoulder Crop Top,Zoya,Tops,2,5,3634
V0822006,Vivo Tana Scalloped V-Neck Top,Vivo,Tops,2,4,3624
Z0123052,Zoya Party One Sleeved Side Cut Dress,Zoya,Dresses,4,15,3470
S0622001,Safari Kaya Long Sleeve Dolman Flounce Shirt Dress,Safari,Dresses,1,1,3465
VE0050B,Vivo Joggers,Vivo,Bottoms,1,1,3445
VE0050L,Vivo Joggers,Vivo,Bottoms,1,1,3445
VE0075B,Vivo Nimali Side Flounce Top,Vivo,Tops,2,3,3380
S1122036,Safari Mara Wide Bishop Sleeve Top,Safari,Tops,1,1,3150
V0823L1,Vivo Naya One Shoulder Flounce Top,Vivo,Tops,1,3,3120
V0822004,Vivo Tana Jersey Tulip Back Waterfall,Vivo,Outerwear,2,2,2950
VE0055D,Vivo Nimali Satin Joggers,Vivo,Bottoms,1,1,2950
V0925017,Vivo Ria Waterfall,Vivo,Outerwear,1,1,2750
V0820002,Vivo Basic 3/4 Sleeve Sheath Dress,Vivo,Dresses,1,1,2750
V1123166,Vivo Sakari Cap Sleeve Drape Top,Vivo,Tops,1,1,2750
S1122050,Safari Mara 3/4 Sleeve Flounce Tunic Top,Safari,Tops,1,3,2700
VE0055W,Vivo Nimali Satin Joggers,Vivo,Bottoms,1,1,2550
VE0054W,Vivo Nimali Satin Halter Top,Vivo,Tops,1,1,2550
V0724025,Vivo Fimi Strappy Jumpsuit,Vivo,Bottoms,1,1,2400
P21TX94,Key Hole Halter with Seamed Body,Third Party Brands,Tops,3,5,2320
Z0124037,Zoya Luna Halter Neck Top,Zoya,Tops,2,2,2300
S0923075,Safari Kikoy Long Sleeve Shacket,Safari,Outerwear,1,1,2210
V0822007,Vivo Tana 3/4 Tulip Sleeve Overlap Maxi Top,Vivo,Tops,2,2,2150
V0823120,Vivo Naya Cigarette Pants,Vivo,Bottoms,1,1,2000
Z1123024,Zoya Party Sleeveless Bodysuit,Zoya,Tops,1,1,1950
V0223222,Vivo Fasi Strapless Top,Vivo,Tops,3,9,1883
V0220053,Vivo Basic May Jersey Waterfall,Vivo,Outerwear,1,1,1850
VE0078Y,Vivo Essentials Drop Shoulder Top,Vivo,Tops,1,1,1750
V0719006,Vivo Basic 3/4 Sleeve A-Line Maxi Dress,Vivo,Dresses,1,1,1750
V1222273,Vivo Fitness Shorts,Vivo,Bottoms,4,5,1397
S0524182,Safari Tie Knee Length Dress,Safari,Dresses,1,1,1350
V0321038,Vivo 3/4 Sleeve J.O Jersey A-line Knee Length Dress,Vivo,Dresses,1,1,1350
FS02231,Vivo Waterfalls & Kimonos,Vivo,Sale,1,2,1260
P21DZ77,Popular 21 Ribbed Long-Sleeve Mini Dress,Third Party Brands,Dresses,2,3,1232
S0424198,Safari Men's Short Sleeve Shirt,Safari,Tops,1,2,1190
V0523204,Vivo X Pinky Full Length Fitness Leggings,Vivo,Bottoms,2,4,1160
V0221017,Vivo Zuri Long Sleeved Blouse,Vivo,Tops,1,1,950
V0719293,Vivo Basic Faux Pocket Leisure Pants,Vivo,Bottoms,1,1,800
LOL2210,Black Leopard Print Cut-out One Shoulder Bodycon Dress,Third Party Brands,Dresses,1,2,780
VE0034M,Vivo Shorts,Vivo,Bottoms,1,1,632
Z1123026,Zoya Party Tie Back Bodycon,Zoya,Dresses,1,1,550
Z1123018,Zoya Party Turtle Neck Maxi Top,Zoya,Tops,2,2,500
V1022073,Vivo Raha Wide Leg Shorts,Vivo,Bottoms,3,3,410
Z0719149,Zoya Basic Capri Leggings,Zoya,Bottoms,1,1,350
V1222257,Vivo Fitness Spaghetti Strap Tank Top,Vivo,Tops,2,4,297
Z0123058,Zoya Party Halter Crop Top,Zoya,Tops,1,1,200
