Style Name,Style Number,Location,Units Available
Safari Bush Drop Shoulder Long Sleeve Top,S0424064,Online - Shop Zetu,6
Safari Bush Drop Shoulder Long Sleeve Top,S0424064,Retired Stock,21.0
Safari Bush Drop Shoulder Long Sleeve Top,S0424064,Warehouse Finished Goods,2.0
Safari Bush Drop Shoulder Long Sleeve Top,S0424064,Zoya Sarit,5.0
Safari By Vivo Mens Cotton Long Sleeve Shirt,S0925062,Online - Shop Zetu,4
Safari By Vivo Mens Cotton Long Sleeve Shirt,S0925062,Retired Stock,4.0
Safari By Vivo Mens Cotton Long Sleeve Shirt,S0925062,Safari Sarit,2.0
Safari By Vivo Mens Cotton Long Sleeve Shirt,S0925062,Vivo Village Market,7.0
Safari By Vivo Mens Cotton Long Sleeve Shirt,S0925062,Zoya Sarit,8.0
Safari By Vivo Mens Cotton Short Sleeve Shirt,S0925060,Online - Shop Zetu,13
Safari By Vivo Mens Cotton Short Sleeve Shirt,S0925060,Retired Stock,4.0
Safari By Vivo Mens Cotton Short Sleeve Shirt,S0925060,Vivo Village Market,4.0
Safari By Vivo Mens Cotton Short Sleeve Shirt,S0925060,Warehouse Finished Goods,2.0
Safari By Vivo Mens Cotton Short Sleeve Shirt,S0925060,Zoya Sarit,6.0
Safari Chui Cropped Jacket,S1024007,Online - Shop Zetu,9
Safari Chui Cropped Jacket,S1024007,Retired Stock,2.0
Safari Chui Cropped Jacket,S1024007,Zoya Sarit,5.0
Safari Chui Lined Jacket,S1024005,Online - Shop Zetu,10
Safari Chui Lined Jacket,S1024005,Retired Stock,6.0
Safari Chui Lined Jacket,S1024005,Safari Sarit,3.0
Safari Chui Lined Jacket,S1024005,Warehouse Finished Goods,1.0
Safari Chui Lined Jacket,S1024005,Zoya Sarit,6.0
Safari Kamari Capri Cargo Pants,S0224195,Online - Shop Zetu,14
Safari Kamari Capri Cargo Pants,S0224195,Retired Stock,4.0
Safari Kamari Capri Cargo Pants,S0224195,The Oasis Mall,1
Safari Kamari Capri Cargo Pants,S0224195,Vivo Moi Avenue,1.0
Safari Kamari Capri Cargo Pants,S0224195,Vivo Yaya,1.0
Safari Kamari Capri Cargo Pants,S0224195,Warehouse Finished Goods,2.0
Safari Kamari Capri Cargo Pants,S0224195,Zoya Sarit,2.0
Safari Kamari Drop Shoulder Top,S0224189,Online - Shop Zetu,12
Safari Kamari Drop Shoulder Top,S0224189,Retired Stock,3.0
Safari Kamari Drop Shoulder Top,S0224189,Warehouse Finished Goods,4.0
Safari Kamari Drop Shoulder Top,S0224189,Zoya Sarit,2.0
Safari Kamari Front Slit Midi Skirt,S0424080,Online - Shop Zetu,16
Safari Kamari Front Slit Midi Skirt,S0424080,Retired Stock,11.0
Safari Kamari Front Slit Midi Skirt,S0424080,Vivo Moi Avenue,1.0
Safari Kamari Front Slit Midi Skirt,S0424080,Warehouse Finished Goods,4.0
Safari Kamari Front Slit Midi Skirt,S0424080,Zoya Sarit,4.0
Safari Kamari Long Sleeve Drawstring Shacket,S0224181,Online - Shop Zetu,10
Safari Kamari Long Sleeve Drawstring Shacket,S0224181,Retired Stock,9.0
Safari Kamari Long Sleeve Drawstring Shacket,S0224181,Zoya Sarit,2.0
Safari Kamari Ribbed Top,S0424073,Online - Shop Zetu,11
Safari Kamari Ribbed Top,S0424073,Retired Stock,11.0
Safari Kamari Ribbed Top,S0424073,Vivo City Mall,1.0
Safari Kamari Ribbed Top,S0424073,Warehouse Finished Goods,4.0
Safari Kamari Ribbed Top,S0424073,Zoya Sarit,5.0
Safari Mali Bishop Sleeve Shirt Dress,S0223180,Online - Shop Zetu,9
Safari Mali Bishop Sleeve Shirt Dress,S0223180,Retired Stock,5.0
Safari Mali Bishop Sleeve Shirt Dress,S0223180,Vivo Kigali Heights,1
Safari Mali Bishop Sleeve Shirt Dress,S0223180,Zoya Sarit,15.0
Safari Mali Bishop Sleeve Tent Dress,S0223179,Online - Shop Zetu,4
Safari Mali Bishop Sleeve Tent Dress,S0223179,Retired Stock,2.0
Safari Mali Bishop Sleeve Tent Dress,S0223179,Zoya Sarit,6.0
Safari Mara Shirred Bishop Sleeve Dress,S1022008,Online - Shop Zetu,10
Safari Mara Shirred Bishop Sleeve Dress,S1022008,Retired Stock,7.0
Safari Mara Shirred Bishop Sleeve Dress,S1022008,Safari Sarit,2.0
Safari Mara Shirred Bishop Sleeve Dress,S1022008,Zoya Sarit,3.0
Safari Men's Bomber Jacket,S0424035,Online - Shop Zetu,5
Safari Men's Bomber Jacket,S0424035,Retired Stock,9.0
Safari Men's Bomber Jacket,S0424035,Warehouse Finished Goods,1.0
Safari Men's Bomber Jacket,S0424035,Zoya Sarit,7.0
Safari Men's Cargo Pants,S0424047,Online - Shop Zetu,5
Safari Men's Cargo Pants,S0424047,Retired Stock,4.0
Safari Men's Cargo Pants,S0424047,Warehouse Finished Goods,1.0
Safari Men's Cargo Pants,S0424047,Zoya Sarit,5.0
Safari Men's Chinese Collar Long Sleeve Shirt,S0423039,Online - Shop Zetu,6
Safari Men's Chinese Collar Long Sleeve Shirt,S0424039,Online - Shop Zetu,4
Safari Men's Chinese Collar Long Sleeve Shirt,S0423039,Retired Stock,2.0
Safari Men's Chinese Collar Long Sleeve Shirt,S0424039,Retired Stock,3.0
Safari Men's Chinese Collar Long Sleeve Shirt,S0424039,Warehouse Finished Goods,1.0
Safari Men's Chinese Collar Long Sleeve Shirt,S0424039,Zoya Sarit,4.0
Safari Men's Long Sleeve Shirt,S0424145,Online - Shop Zetu,10
Safari Men's Long Sleeve Shirt,S0424145,Retired Stock,4.0
Safari Men's Long Sleeve Shirt,S0424145,Vivo Village Market,5.0
Safari Men's Long Sleeve Shirt,S0424145,Warehouse Finished Goods,3.0
Safari Men's Long Sleeve Shirt,S0424145,Zoya Sarit,5.0
Safari Men's Shacket,S0424037,Online - Shop Zetu,11
Safari Men's Shacket,S0424037,Retired Stock,1.0
Safari Men's Shacket,S0424037,Warehouse Finished Goods,1.0
Safari Men's Shacket,S0424037,Zoya Sarit,4.0
Safari Men's Short Sleeve Shirt,S0424198,Online - Shop Zetu,12
Safari Men's Short Sleeve Shirt,S0424198,Retired Stock,4.0
Safari Men's Short Sleeve Shirt,S0424198,Safari Sarit,3.0
Safari Men's Short Sleeve Shirt,S0424198,Zoya Sarit,3.0
Safari Naledi Gathered Panel Maxi Skirt,S0325065,Online - Shop Zetu,9
Safari Naledi Gathered Panel Maxi Skirt,S0325065,Retired Stock,9.0
Safari Naledi Gathered Panel Maxi Skirt,S0325065,Safari Sarit,3.0
Safari Naledi Gathered Panel Maxi Skirt,S0325065,Warehouse Finished Goods,4.0
Safari Naledi Gathered Panel Maxi Skirt,S0325065,Zoya Sarit,7.0
Safari Njano Men's Easy Fit Kitenge Pants,S0925045,Online - Shop Zetu,8
Safari Njano Men's Easy Fit Kitenge Pants,S0925045,Retired Stock,8.0
Safari Njano Men's Easy Fit Kitenge Pants,S0925045,Safari Sarit,3.0
Safari Njano Men's Easy Fit Kitenge Pants,S0925045,Warehouse Finished Goods,1.0
Safari Njano Men's Easy Fit Pants,S0824028,Online - Shop Zetu,6
Safari Njano Men's Easy Fit Pants,S0824028,Retired Stock,4.0
Safari Njano Men's Easy Fit Pants,S0824028,Warehouse Finished Goods,8.0
Safari Njano Men's Easy Fit Pants,S0824028,Zoya Sarit,1.0
Safari Savannah Kitenge Midi Wrap Dress,S0824067,Online - Shop Zetu,10
Safari Savannah Kitenge Midi Wrap Dress,S0824067,Retired Stock,1.0
Safari Savannah Kitenge Midi Wrap Dress,S0824067,Warehouse Finished Goods,1.0
Safari Savannah Kitenge Midi Wrap Dress,S0824067,Zoya Sarit,3.0
Safari Sizani Men's Kitenge Tuxedo Shirt,S1124151,Online - Shop Zetu,12
Safari Sizani Men's Kitenge Tuxedo Shirt,S1124151,Retired Stock,3.0
Safari Sizani Men's Kitenge Tuxedo Shirt,S1124151,Zoya Sarit,9.0
Safari Spaghetti Tank Top,S0424062,Finished Goods Production,2.0
Safari Spaghetti Tank Top,S0424062,Online - Shop Zetu,3
Safari Spaghetti Tank Top,S0424062,Retired Stock,11.0
Safari Spaghetti Tank Top,S0424062,Vivo Moi Avenue,1.0
Safari Spaghetti Tank Top,S0424062,Warehouse Finished Goods,10.0
Safari Spaghetti Tank Top,S0424062,Zoya Sarit,3.0
Safari Tafari Shorts,S0925046,Online - Shop Zetu,38
Safari Tafari Shorts,S0925046,Retired Stock,7.0
Safari Tafari Shorts,S0925046,The Oasis Mall,6
Safari Tafari Shorts,S0925046,Vivo Acacia,5
Safari Tafari Shorts,S0925046,Vivo T- Mall,2.0
Safari Tafari Shorts,S0925046,Warehouse Finished Goods,3.0
Safari Tafari Shorts,S0925046,Zoya Sarit,6.0
Safari Tafari Wrap Top,S1025031,Online - Shop Zetu,29
Safari Tafari Wrap Top,S1025031,Retired Stock,57.0
Safari Tafari Wrap Top,S1025031,The Oasis Mall,1
Safari Tafari Wrap Top,S1025031,Vivo Hub,1.0
Safari Tafari Wrap Top,S1025031,Vivo Kisumu,1.0
Safari Tafari Wrap Top,S1025031,Warehouse Finished Goods,17.0
Safari Tafari Wrap Top,S1025031,Zoya Sarit,11.0
Safari Tiwa Barell Pants,S0325031,Online - Shop Zetu,7
Safari Tiwa Barell Pants,S0325031,Retired Stock,3.0
Safari Tiwa Barell Pants,S0325031,Safari Sarit,4.0
Safari Tiwa Barell Pants,S0325031,Vivo Kigali Heights,2
Safari Tiwa Barell Pants,S0325031,Zoya Sarit,7.0
Safari Tiwa Shirred Midi Dress,S0125056,Online - Shop Zetu,5
Safari Tiwa Shirred Midi Dress,S0125056,Retired Stock,2.0
Safari Tiwa Shirred Midi Dress,S0125056,Safari Sarit,5.0
Safari Tiwa Shirred Midi Dress,S0125056,Vivo Yaya,1.0
Safari Tiwa Shirred Midi Dress,S0125056,Warehouse Finished Goods,4.0
Safari Tiwa Shirred Midi Dress,S0125056,Zoya Sarit,6.0
Safari Zene Drop Shoulder Top,S1023059,Online - Shop Zetu,2
Safari Zene Drop Shoulder Top,S1023059,Retired Stock,2.0
Safari Zene Drop Shoulder Top,S1023059,Zoya Sarit,1.0
Safari Zene Off Shoulder Top,S1023060,Online - Shop Zetu,13
Safari Zene Off Shoulder Top,S1023060,Retired Stock,48.0
Safari Zene Off Shoulder Top,S1023060,Safari Sarit,2.0
Safari Zene Off Shoulder Top,S1023060,Vivo Moi Avenue,1.0
Safari Zene Off Shoulder Top,S1023060,Vivo Runda,1.0
Safari Zene Off Shoulder Top,S1023060,Vivo T- Mall,1.0
Safari Zene Off Shoulder Top,S1023060,Vivo TRM,2.0
Safari Zene Off Shoulder Top,S1023060,Warehouse Finished Goods,5.0
Safari Zene Off Shoulder Top,S1023060,Zoya Sarit,6.0
Safari Zene Tiered Above Knee Dress,S1023063,Online - Shop Zetu,2
Safari Zene Tiered Above Knee Dress,S1023063,Zoya Sarit,3.0
Safari by Vivo Naledi Bubble Midi Dress,S0925040,Online - Shop Zetu,11
Safari by Vivo Naledi Bubble Midi Dress,S0925040,Retired Stock,2.0
Safari by Vivo Naledi Bubble Midi Dress,S0925040,Safari Sarit,5.0
Safari by Vivo Naledi Bubble Midi Dress,S0925040,Vivo Acacia,2
Safari by Vivo Naledi Bubble Midi Dress,S0925040,Vivo Kigali Heights,2
Safari by Vivo Naledi Bubble Midi Dress,S0925040,Warehouse Finished Goods,5.0
Safari by Vivo Naledi Bubble Midi Dress,S0925040,Zoya Sarit,4.0
Shiv & Shikie X Safari Barrel Pants,S0425039,Online - Shop Zetu,16
Shiv & Shikie X Safari Barrel Pants,S0425039,Retired Stock,7.0
Shiv & Shikie X Safari Barrel Pants,S0425039,Vivo Acacia,3
Shiv & Shikie X Safari Barrel Pants,S0425039,Warehouse Finished Goods,22.0
Shiv & Shikie X Safari Barrel Pants,S0425039,Zoya Sarit,4.0
Shiv & Shikie X Safari Faux Collar Shirt,S0425045,Online - Shop Zetu,10
Shiv & Shikie X Safari Faux Collar Shirt,S0425045,Retired Stock,7.0
Shiv & Shikie X Safari Faux Collar Shirt,S0425045,Vivo Greenspan,1.0
Shiv & Shikie X Safari Faux Collar Shirt,S0425045,Warehouse Finished Goods,1.0
Shiv & Shikie X Safari Faux Collar Shirt,S0425045,Zoya Sarit,8.0
Shiv & Shikie X Safari Printed Short Sleeve Shirt,S0425041,Online - Shop Zetu,13
Shiv & Shikie X Safari Printed Short Sleeve Shirt,S0425041,Retired Stock,24.0
Shiv & Shikie X Safari Printed Short Sleeve Shirt,S0425041,Safari Sarit,2.0
Shiv & Shikie X Safari Printed Short Sleeve Shirt,S0425041,The Oasis Mall,4
Shiv & Shikie X Safari Printed Short Sleeve Shirt,S0425041,Vivo Village Market,5.0
Shiv & Shikie X Safari Printed Short Sleeve Shirt,S0425041,Warehouse Finished Goods,8.0
Shiv & Shikie X Safari Printed Short Sleeve Shirt,S0425041,Zoya Sarit,16.0
Vivo Alani High Low Dress,V0625018,Online - Shop Zetu,15
Vivo Alani High Low Dress,V0625018,Retired Stock,22.0
Vivo Alani High Low Dress,V0625018,The Oasis Mall,5
Vivo Alani High Low Dress,V0625018,Vivo City Mall,1.0
Vivo Alani High Low Dress,V0625018,Vivo Imaara,1.0
Vivo Alani High Low Dress,V0625018,Vivo Kigali Heights,2
Vivo Alani High Low Dress,V0625018,Vivo Moi Avenue,4.0
Vivo Alani High Low Dress,V0625018,Vivo TRM,3.0
Vivo Alani High Low Dress,V0625018,Vivo Yaya,4.0
Vivo Alani High Low Dress,V0625018,Warehouse Finished Goods,4.0
Vivo Alani High Low Dress,V0625018,Zoya Sarit,6.0
Vivo Aleri Trench Coat Dress,V0625059,Online - Shop Zetu,18
Vivo Aleri Trench Coat Dress,V0625059,Retired Stock,20.0
Vivo Aleri Trench Coat Dress,V0625059,The Oasis Mall,1
Vivo Aleri Trench Coat Dress,V0625059,Vivo Acacia,8
Vivo Aleri Trench Coat Dress,V0625059,Vivo Kigali Heights,4
Vivo Aleri Trench Coat Dress,V0625059,Vivo TRM,5.0
Vivo Aleri Trench Coat Dress,V0625059,Warehouse Finished Goods,8.0
Vivo Alma Short Sleeve Mini Bodycon,V0825060,Online - Shop Zetu,19
Vivo Alma Short Sleeve Mini Bodycon,V0825060,Retired Stock,69.0
Vivo Alma Short Sleeve Mini Bodycon,V0825060,Vivo Acacia,6
Vivo Alma Short Sleeve Mini Bodycon,V0825060,Vivo Kigali Heights,4
Vivo Alma Short Sleeve Mini Bodycon,V0825060,Vivo TRM,3.0
Vivo Alma Short Sleeve Mini Bodycon,V0825060,Vivo Yaya,1.0
Vivo Alma Short Sleeve Mini Bodycon,V0825060,Warehouse Finished Goods,4.0
Vivo Alma Short Sleeve Mini Bodycon,V0825060,Zoya Sarit,9.0
Vivo Ari Sleeveless Straight Maxi Slit Dress,V0725029,Online - Shop Zetu,18
Vivo Ari Sleeveless Straight Maxi Slit Dress,V0725029,Retired Stock,25.0
Vivo Ari Sleeveless Straight Maxi Slit Dress,V0725029,The Oasis Mall,10
Vivo Ari Sleeveless Straight Maxi Slit Dress,V0725029,Vivo Acacia,2
Vivo Ari Sleeveless Straight Maxi Slit Dress,V0725029,Vivo Kigali Heights,3
Vivo Ari Sleeveless Straight Maxi Slit Dress,V0725029,Warehouse Finished Goods,9.0
Vivo Ari Sleeveless Straight Maxi Slit Dress,V0725029,Zoya Sarit,12.0
Vivo Ava Front Pleat Knee Length Dress,V1124142,Online - Shop Zetu,21
Vivo Ava Front Pleat Knee Length Dress,V1124142,The Oasis Mall,4
Vivo Ava Front Pleat Knee Length Dress,V1124142,Vivo Garden City,4.0
Vivo Ava Front Pleat Knee Length Dress,V1124142,Vivo Greenspan,9.0
Vivo Ava Front Pleat Knee Length Dress,V1124142,Vivo Imaara,1.0
Vivo Ava Front Pleat Knee Length Dress,V1124142,Vivo Junction,6.0
Vivo Ava Front Pleat Knee Length Dress,V1124142,Vivo Kigali Heights,6
Vivo Ava Front Pleat Knee Length Dress,V1124142,Vivo Kileleshwa,4.0
Vivo Ava Front Pleat Knee Length Dress,V1124142,Vivo Kisumu,2.0
Vivo Ava Front Pleat Knee Length Dress,V1124142,Vivo MSA Digo Road,3.0
Vivo Ava Front Pleat Knee Length Dress,V1124142,Vivo Mama Ngina St,1.0
Vivo Ava Front Pleat Knee Length Dress,V1124142,Vivo Moi Avenue,1.0
Vivo Ava Front Pleat Knee Length Dress,V1124142,Vivo Nakuru,2.0
Vivo Ava Front Pleat Knee Length Dress,V1124142,Vivo Runda,3.0
Vivo Ava Front Pleat Knee Length Dress,V1124142,Vivo Signature Mall,1.0
Vivo Ava Front Pleat Knee Length Dress,V1124142,Vivo TRM,1.0
Vivo Ava Front Pleat Knee Length Dress,V1124142,Vivo Two Rivers,3.0
Vivo Ava Front Pleat Knee Length Dress,V1124142,Vivo Yaya,6.0
Vivo Ava Front Pleat Knee Length Dress,V1124142,Warehouse Finished Goods,19.0
Vivo Ava Front Pleat Knee Length Dress,V1124142,Zoya Sarit,3.0
Vivo Ayah Drawstring Pants,V0225003,Online - Shop Zetu,19
Vivo Ayah Drawstring Pants,V0225003,Retired Stock,5.0
Vivo Ayah Drawstring Pants,V0225003,The Oasis Mall,4
Vivo Ayah Drawstring Pants,V0225003,Vivo Moi Avenue,1.0
Vivo Ayah Drawstring Pants,V0225003,Warehouse Finished Goods,1.0
Vivo Ayah Drawstring Pants,V0225003,Zoya Sarit,2.0
Vivo Ayah Satin Pants,V0225031,Online - Shop Zetu,11
Vivo Ayah Satin Pants,V0225031,Retired Stock,13.0
Vivo Ayah Satin Pants,V0225031,Vivo City Mall,1.0
Vivo Ayah Satin Pants,V0225031,Vivo Greenspan,1.0
Vivo Ayah Satin Pants,V0225031,Warehouse Finished Goods,1.0
Vivo Ayah Satin Pants,V0225031,Zoya Sarit,2.0
Vivo Basic Ali Jacket,V0819124,Online - Shop Zetu,17
Vivo Basic Ali Jacket,V0819124,Retired Stock,8.0
Vivo Basic Ali Jacket,V0819124,Vivo Moi Avenue,1.0
Vivo Basic Ali Jacket,V0819124,Vivo Runda,1.0
Vivo Basic Ali Jacket,V0819124,Vivo Sarit,1.0
Vivo Basic Ali Jacket,V0819124,Warehouse Finished Goods,5.0
Vivo Basic Ali Jacket,V0819124,Zoya Sarit,11.0
Vivo Basic Drop Shoulder Top,V0622002,Online - Shop Zetu,25
Vivo Basic Drop Shoulder Top,V0622002,Retired Stock,174.0
Vivo Basic Drop Shoulder Top,V0622002,The Oasis Mall,8
Vivo Basic Drop Shoulder Top,V0622002,Vivo City Mall,2.0
Vivo Basic Drop Shoulder Top,V0622002,Vivo Greenspan,2.0
Vivo Basic Drop Shoulder Top,V0622002,Vivo Meru,1.0
Vivo Basic Drop Shoulder Top,V0622002,Vivo Moi Avenue,1.0
Vivo Basic Drop Shoulder Top,V0622002,Vivo Yaya,1.0
Vivo Basic Drop Shoulder Top,V0622002,Warehouse Finished Goods,11.0
Vivo Basic Drop Shoulder Top,V0622002,Zoya Sarit,20.0
Vivo Basic Hooded Kimono,V1024063,Finished Goods Production,1.0
Vivo Basic Hooded Kimono,V1024063,Online - Shop Zetu,4
Vivo Basic Hooded Kimono,V1024063,Retired Stock,3.0
Vivo Basic Hooded Kimono,V1024063,The Oasis Mall,2
Vivo Basic Liv Chiffon Top,V1019045,Online - Shop Zetu,2
Vivo Basic Liv Chiffon Top,V1019045,Retired Stock,1.0
Vivo Basic Liv Chiffon Top,V1019045,Zoya Sarit,1.0
Vivo Basic Maternity Leggings,V1022057,Online - Shop Zetu,2
Vivo Basic Maternity Leggings,V1022057,Retired Stock,5.0
Vivo Basic Maternity Leggings,V1022057,The Oasis Mall,2
Vivo Basic Maternity Leggings,V1022057,Vivo Galleria,3.0
Vivo Basic Maternity Leggings,V1022057,Vivo Greenspan,1.0
Vivo Basic Maternity Leggings,V1022057,Warehouse Finished Goods,2.0
Vivo Basic Maternity Leggings,V1022057,Zoya Sarit,4.0
Vivo Basic Sleeveless Midi Jersey Waterfall,V1122192,Online - Shop Zetu,8
Vivo Basic Sleeveless Midi Jersey Waterfall,V1122192,Retired Stock,15.0
Vivo Basic Sleeveless Midi Jersey Waterfall,V1122192,Warehouse Finished Goods,1.0
Vivo Basic Sleeveless Midi Jersey Waterfall,V1122192,Zoya Sarit,3.0
Vivo Basic Sleeveless Sienna Waterfall,V0321017,Online - Shop Zetu,5
Vivo Basic Sleeveless Sienna Waterfall,V0321017,Retired Stock,7.0
Vivo Basic Sleeveless Sienna Waterfall,V0321017,Vivo Kileleshwa,4.0
Vivo Basic Sleeveless Sienna Waterfall,V0321017,Warehouse Finished Goods,1.0
Vivo Basic Sleeveless Sienna Waterfall,V0321017,Zoya Sarit,4.0
Vivo Basic Sleeveless Tent Kimono,V1024064,Online - Shop Zetu,9
Vivo Basic Sleeveless Tent Kimono,V1024064,Retired Stock,35.0
Vivo Basic Sleeveless Tent Kimono,V1024064,Zoya Sarit,7.0
Vivo Boat Neck Dress in Ponte,V0126025,Online - Shop Zetu,46
Vivo Boat Neck Dress in Ponte,V0126025,Retired Stock,5.0
Vivo Boat Neck Dress in Ponte,V0126025,The Oasis Mall,6
Vivo Boat Neck Dress in Ponte,V0126025,Vivo Acacia,16
Vivo Boat Neck Dress in Ponte,V0126025,Vivo Junction,1.0
Vivo Boat Neck Dress in Ponte,V0126025,Vivo Kigali Heights,20
Vivo Boat Neck Dress in Ponte,V0126025,Vivo Kileleshwa,3.0
Vivo Boat Neck Dress in Ponte,V0126025,Vivo Kisumu,6.0
Vivo Boat Neck Dress in Ponte,V0126025,Vivo Mama Ngina St,4.0
Vivo Boat Neck Dress in Ponte,V0126025,Vivo TRM,4.0
Vivo Boat Neck Dress in Ponte,V0126025,Warehouse Finished Goods,262.0
Vivo Boat Neck Dress in Ponte,V0126025,Zoya Sarit,1.0
Vivo Boat Neck Top in Scuba,V0126024,Online - Shop Zetu,37
Vivo Boat Neck Top in Scuba,V0126024,Retired Stock,21.0
Vivo Boat Neck Top in Scuba,V0126024,The Oasis Mall,10
Vivo Boat Neck Top in Scuba,V0126024,Vivo Acacia,11
Vivo Boat Neck Top in Scuba,V0126024,Vivo Kigali Heights,21
Vivo Boat Neck Top in Scuba,V0126024,Vivo Mama Ngina St,2.0
Vivo Boat Neck Top in Scuba,V0126024,Vivo Runda,3.0
Vivo Boat Neck Top in Scuba,V0126024,Warehouse Finished Goods,304.0
Vivo Boat Neck Top in Scuba,V0126024,Zoya Sarit,6.0
Vivo Chiffon Shorts,V0325072,Online - Shop Zetu,9
Vivo Chiffon Shorts,V0325072,Retired Stock,10.0
Vivo Chiffon Shorts,V0325072,Vivo Kigali Heights,1
Vivo Chiffon Shorts,V0325072,Vivo T- Mall,1.0
Vivo Chiffon Shorts,V0325072,Warehouse Finished Goods,2.0
Vivo Chiffon Shorts,V0325072,Zoya Sarit,3.0
Vivo Diella 3/4 Sleeve A-Line Dress,V0425056,Online - Shop Zetu,33
Vivo Diella 3/4 Sleeve A-Line Dress,V0425056,Retired Stock,56.0
Vivo Diella 3/4 Sleeve A-Line Dress,V0425056,The Oasis Mall,2
Vivo Diella 3/4 Sleeve A-Line Dress,V0425056,Warehouse Finished Goods,3.0
Vivo Diella 3/4 Sleeve A-Line Dress,V0425056,Zoya Sarit,16.0
Vivo Drop Shoulder Shirt in Organza,RE02260,Online - Shop Zetu,6
Vivo Drop Shoulder Shirt in Organza,REO2260,Online - Shop Zetu,11
Vivo Drop Shoulder Shirt in Organza,RE02260,The Oasis Mall,2
Vivo Drop Shoulder Shirt in Organza,REO2260,The Oasis Mall,3
Vivo Drop Shoulder Shirt in Organza,RE02260,Vivo Acacia,2
Vivo Drop Shoulder Shirt in Organza,REO2260,Vivo Acacia,9
Vivo Drop Shoulder Shirt in Organza,REO2260,Vivo City Mall,5.0
Vivo Drop Shoulder Shirt in Organza,RE02260,Vivo Garden City,1.0
Vivo Drop Shoulder Shirt in Organza,REO2260,Vivo Garden City,1.0
Vivo Drop Shoulder Shirt in Organza,REO2260,Vivo Imaara,4.0
Vivo Drop Shoulder Shirt in Organza,RE02260,Vivo Junction,5.0
Vivo Drop Shoulder Shirt in Organza,REO2260,Vivo Junction,11.0
Vivo Drop Shoulder Shirt in Organza,RE02260,Vivo Kigali Heights,7
Vivo Drop Shoulder Shirt in Organza,REO2260,Vivo Kileleshwa,1.0
Vivo Drop Shoulder Shirt in Organza,RE02260,Vivo Kisumu,7.0
Vivo Drop Shoulder Shirt in Organza,RE02260,Vivo Mama Ngina St,7.0
Vivo Drop Shoulder Shirt in Organza,REO2260,Vivo Mama Ngina St,8.0
Vivo Drop Shoulder Shirt in Organza,REO2260,Vivo Sarit,6.0
Vivo Drop Shoulder Shirt in Organza,RE02260,Vivo Village Market,3.0
Vivo Drop Shoulder Shirt in Organza,REO2260,Vivo Village Market,2.0
Vivo Drop Shoulder Shirt in Organza,RE02260,Warehouse Finished Goods,23.0
Vivo Drop Shoulder Shirt in Organza,REO2260,Warehouse Finished Goods,63.0
Vivo Drop Shoulder Shirt in Organza,RE02260,Zoya Sarit,2.0
Vivo Essentials Strappy Cold Shoulder Top,VE0009B,Online - Shop Zetu,2
Vivo Essentials Strappy Cold Shoulder Top,VE0009B,Retired Stock,4.0
Vivo Essentials Strappy Cold Shoulder Top,VE0009B,Zoya Sarit,1.0
Vivo Full Length Kimono,V0224241,Online - Shop Zetu,10
Vivo Full Length Kimono,V0224241,Retired Stock,7.0
Vivo Full Length Kimono,V0224241,Warehouse Finished Goods,2.0
Vivo Full Length Kimono,V0224241,Zoya Sarit,7.0
Vivo Imara Cap Sleeve Sheath Dress,V0123007,Online - Shop Zetu,6
Vivo Imara Cap Sleeve Sheath Dress,V0123007,Retired Stock,19.0
Vivo Imara Cap Sleeve Sheath Dress,V0123007,The Oasis Mall,4
Vivo Imara Cap Sleeve Sheath Dress,V0123007,Vivo Acacia,2
Vivo Imara Cap Sleeve Sheath Dress,V0123007,Vivo City Mall,3.0
Vivo Imara Cap Sleeve Sheath Dress,V0123007,Vivo MSA Digo Road,2.0
Vivo Imara Cap Sleeve Sheath Dress,V0123007,Vivo Mama Ngina St,2.0
Vivo Imara Cap Sleeve Sheath Dress,V0123007,Vivo Nakuru,1.0
Vivo Imara Cap Sleeve Sheath Dress,V0123007,Warehouse Finished Goods,2.0
Vivo Imara Cap Sleeve Sheath Dress,V0123007,Zoya Sarit,6.0
Vivo Iyana Bubble Midi Skirt,V0625043,Online - Shop Zetu,16
Vivo Iyana Bubble Midi Skirt,V0625043,Retired Stock,10.0
Vivo Iyana Bubble Midi Skirt,V0625043,The Oasis Mall,2
Vivo Iyana Bubble Midi Skirt,V0625043,Warehouse Finished Goods,4.0
Vivo Iyana Bubble Midi Skirt,V0625043,Zoya Sarit,12.0
Vivo Iyana Tank Top,V0625044,Online - Shop Zetu,16
Vivo Iyana Tank Top,V0625044,Retired Stock,18.0
Vivo Iyana Tank Top,V0625044,The Oasis Mall,7
Vivo Iyana Tank Top,V0625044,Vivo Acacia,3
Vivo Iyana Tank Top,V0625044,Vivo Kigali Heights,1
Vivo Iyana Tank Top,V0625044,Vivo T- Mall,1.0
Vivo Iyana Tank Top,V0625044,Warehouse Finished Goods,6.0
Vivo Iyana Tank Top,V0625044,Zoya Sarit,11.0
Vivo J.O V-Neck Sheath Dress,V0621001,Online - Shop Zetu,5
Vivo J.O V-Neck Sheath Dress,V0621001,Retired Stock,25.0
Vivo J.O V-Neck Sheath Dress,V0621001,The Oasis Mall,1
Vivo J.O V-Neck Sheath Dress,V0621001,Vivo Kigali Heights,2
Vivo J.O V-Neck Sheath Dress,V0621001,Vivo Moi Avenue,1.0
Vivo J.O V-Neck Sheath Dress,V0621001,Vivo Runda,1.0
Vivo J.O V-Neck Sheath Dress,V0621001,Vivo Sarit,1.0
Vivo J.O V-Neck Sheath Dress,V0621001,Warehouse Finished Goods,4.0
Vivo J.O V-Neck Sheath Dress,V0621001,Zoya Sarit,5.0
Vivo Jersey Drop Shoulder Top,V1125001,Online - Shop Zetu,7
Vivo Jersey Drop Shoulder Top,V1125001,Retired Stock,1.0
Vivo Jersey Drop Shoulder Top,V1125001,The Oasis Mall,3
Vivo Jersey Drop Shoulder Top,V1125001,Vivo Acacia,1
Vivo Jersey Drop Shoulder Top,V1125001,Vivo Capital Centre,2.0
Vivo Jersey Drop Shoulder Top,V1125001,Vivo City Mall,1.0
Vivo Jersey Drop Shoulder Top,V1125001,Vivo Galleria,1.0
Vivo Jersey Drop Shoulder Top,V1125001,Vivo Garden City,1.0
Vivo Jersey Drop Shoulder Top,V1125001,Vivo Greenspan,1.0
Vivo Jersey Drop Shoulder Top,V1125001,Vivo Imaara,1.0
Vivo Jersey Drop Shoulder Top,V1125001,Vivo Junction,2.0
Vivo Jersey Drop Shoulder Top,V1125001,Vivo Kisumu,2.0
Vivo Jersey Drop Shoulder Top,V1125001,Vivo Mama Ngina St,7.0
Vivo Jersey Drop Shoulder Top,V1125001,Vivo Meru,6.0
Vivo Jersey Drop Shoulder Top,V1125001,Vivo Moi Avenue,2.0
Vivo Jersey Drop Shoulder Top,V1125001,Vivo Runda,1.0
Vivo Jersey Drop Shoulder Top,V1125001,Warehouse Finished Goods,6.0
Vivo Jersey Drop Shoulder Top,V1125001,Zoya Sarit,4.0
Vivo Kelemi 4.0 Kimono,V0325041,Online - Shop Zetu,17
Vivo Kelemi 4.0 Kimono,V0325041,Retired Stock,9.0
Vivo Kelemi 4.0 Kimono,V0325041,Warehouse Finished Goods,6.0
Vivo Kelemi 4.0 Kimono,V0325041,Zoya Sarit,6.0
Vivo Kelemi 4.0 Sleeveless Top,V0325043,Online - Shop Zetu,17
Vivo Kelemi 4.0 Sleeveless Top,V0325043,Retired Stock,25.0
Vivo Kelemi 4.0 Sleeveless Top,V0325043,Vivo Moi Avenue,4.0
Vivo Kelemi 4.0 Sleeveless Top,V0325043,Vivo TRM,2.0
Vivo Kelemi 4.0 Sleeveless Top,V0325043,Warehouse Finished Goods,4.0
Vivo Kelemi 4.0 Sleeveless Top,V0325043,Zoya Sarit,3.0
Vivo Kitenge Wide Leg Pants,VE0032P,Online - Shop Zetu,19
Vivo Kitenge Wide Leg Pants,VE0032P,Retired Stock,15.0
Vivo Kitenge Wide Leg Pants,VE0032P,Vivo Junction,1.0
Vivo Kitenge Wide Leg Pants,VE0032P,Vivo T- Mall,1.0
Vivo Kitenge Wide Leg Pants,VE0032P,Warehouse Finished Goods,4.0
Vivo Kitenge Wide Leg Pants,VE0032P,Zoya Sarit,5.0
Vivo Kitenge Wrap Skirt,VE00301,Online - Shop Zetu,8
Vivo Kitenge Wrap Skirt,VE00301,Retired Stock,1.0
Vivo Kitenge Wrap Skirt,VE00301,Zoya Sarit,2.0
Vivo Leila 3/4 Sleeve Tent Knee Length Dress,V0423056,Online - Shop Zetu,9
Vivo Leila 3/4 Sleeve Tent Knee Length Dress,V0423056,Retired Stock,20.0
Vivo Leila 3/4 Sleeve Tent Knee Length Dress,V0423056,Vivo MSA Digo Road,1.0
Vivo Leila 3/4 Sleeve Tent Knee Length Dress,V0423056,Zoya Sarit,5.0
Vivo Leila Cap Sleeve Tent Knee Length Dress,V0423055,Online - Shop Zetu,5
Vivo Leila Cap Sleeve Tent Knee Length Dress,V0423055,Retired Stock,3.0
Vivo Leila Cap Sleeve Tent Knee Length Dress,V0423055,Vivo Kigali Heights,1
Vivo Leila Cap Sleeve Tent Knee Length Dress,V0423055,Warehouse Finished Goods,2.0
Vivo Leila Cap Sleeve Tent Knee Length Dress,V0423055,Zoya Sarit,3.0
Vivo Liora Shorts,V0925026,Online - Shop Zetu,17
Vivo Liora Shorts,V0925026,Retired Stock,28.0
Vivo Liora Shorts,V0925026,The Oasis Mall,5
Vivo Liora Shorts,V0925026,Vivo Acacia,12
Vivo Liora Shorts,V0925026,Vivo Kigali Heights,4
Vivo Liora Shorts,V0925026,Warehouse Finished Goods,8.0
Vivo Liora Shorts,V0925026,Zoya Sarit,6.0
Vivo Long Sleeve Blazer,VE0031A,Online - Shop Zetu,1
Vivo Long Sleeve Blazer,VE0031S,Online - Shop Zetu,4
Vivo Long Sleeve Blazer,VE0031S,Zoya Sarit,4.0
Vivo Lulu Cotton Barrel Pants,V1125006,Online - Shop Zetu,26
Vivo Lulu Cotton Barrel Pants,V1125006,Retired Stock,34.0
Vivo Lulu Cotton Barrel Pants,V1125006,The Oasis Mall,6
Vivo Lulu Cotton Barrel Pants,V1125006,Vivo Acacia,10
Vivo Lulu Cotton Barrel Pants,V1125006,Vivo Imaara,5.0
Vivo Lulu Cotton Barrel Pants,V1125006,Vivo Junction,2.0
Vivo Lulu Cotton Barrel Pants,V1125006,Vivo Kigali Heights,7
Vivo Lulu Cotton Barrel Pants,V1125006,Vivo Runda,1.0
Vivo Lulu Cotton Barrel Pants,V1125006,Vivo Sarit,5.0
Vivo Lulu Cotton Barrel Pants,V1125006,Vivo TRM,1.0
Vivo Lulu Cotton Barrel Pants,V1125006,Vivo Village Market,1.0
Vivo Lulu Cotton Barrel Pants,V1125006,Warehouse Finished Goods,17.0
Vivo Lulu Cotton Barrel Pants,V1125006,Zoya Sarit,18.0
Vivo Mira Reversible Wrap Top,V1123158,Finished Goods Production,1.0
Vivo Mira Reversible Wrap Top,V1123158,Online - Shop Zetu,5
Vivo Mira Reversible Wrap Top,V1123158,Retired Stock,4.0
Vivo Mira Reversible Wrap Top,V1123158,Zoya Sarit,1.0
Vivo Mistari 3/4 Sleeve V,V0622041,Online - Shop Zetu,7
Vivo Mistari 3/4 Sleeve V,V0622041,Retired Stock,7.0
Vivo Mistari 3/4 Sleeve V,V0622041,Zoya Sarit,3.0
Vivo Niari straight leg Pants,V0225011,Online - Shop Zetu,10
Vivo Niari straight leg Pants,V0225011,Retired Stock,5.0
Vivo Niari straight leg Pants,V0225011,The Oasis Mall,1
Vivo Niari straight leg Pants,V0225011,Vivo Junction,2.0
Vivo Niari straight leg Pants,V0225011,Warehouse Finished Goods,3.0
Vivo Niari straight leg Pants,V0225011,Zoya Sarit,6.0
Vivo Nora 3/4 Sleeve Peplum Top,V0825009,Online - Shop Zetu,20
Vivo Nora 3/4 Sleeve Peplum Top,V0825009,Retired Stock,54.0
Vivo Nora 3/4 Sleeve Peplum Top,V0825009,The Oasis Mall,1
Vivo Nora 3/4 Sleeve Peplum Top,V0825009,Vivo Acacia,5
Vivo Nora 3/4 Sleeve Peplum Top,V0825009,Vivo Kigali Heights,3
Vivo Nora 3/4 Sleeve Peplum Top,V0825009,Warehouse Finished Goods,2.0
Vivo Nora 3/4 Sleeve Peplum Top,V0825009,Zoya Sarit,10.0
Vivo Nora Front Pleat Knee Length Dress,V0825014,Online - Shop Zetu,31
Vivo Nora Front Pleat Knee Length Dress,V0825014,Retired Stock,21.0
Vivo Nora Front Pleat Knee Length Dress,V0825014,The Oasis Mall,8
Vivo Nora Front Pleat Knee Length Dress,V0825014,Vivo Acacia,10
Vivo Nora Front Pleat Knee Length Dress,V0825014,Vivo Imaara,2.0
Vivo Nora Front Pleat Knee Length Dress,V0825014,Vivo Kigali Heights,1
Vivo Nora Front Pleat Knee Length Dress,V0825014,Vivo Moi Avenue,22.0
Vivo Nora Front Pleat Knee Length Dress,V0825014,Vivo TRM,3.0
Vivo Nora Front Pleat Knee Length Dress,V0825014,Warehouse Finished Goods,2.0
Vivo Nora Front Pleat Knee Length Dress,V0825014,Zoya Sarit,15.0
Vivo Nora Front Slit Knee Length Skirt,V0825012,Online - Shop Zetu,31
Vivo Nora Front Slit Knee Length Skirt,V0825012,Retired Stock,136.0
Vivo Nora Front Slit Knee Length Skirt,V0825012,The Oasis Mall,5
Vivo Nora Front Slit Knee Length Skirt,V0825012,Vivo Acacia,8
Vivo Nora Front Slit Knee Length Skirt,V0825012,Vivo Kigali Heights,5
Vivo Nora Front Slit Knee Length Skirt,V0825012,Vivo Yaya,2.0
Vivo Nora Front Slit Knee Length Skirt,V0825012,Warehouse Finished Goods,10.0
Vivo Nora Front Slit Knee Length Skirt,V0825012,Zoya Sarit,14.0
Vivo Nuru Maxi Kimono,V0725020,Online - Shop Zetu,11
Vivo Nuru Maxi Kimono,V0725020,Retired Stock,116.0
Vivo Nuru Maxi Kimono,V0725020,Vivo Kigali Heights,2
Vivo Nuru Maxi Kimono,V0725020,Vivo Runda,2.0
Vivo Nuru Maxi Kimono,V0725020,Vivo T- Mall,2.0
Vivo Nuru Maxi Kimono,V0725020,Warehouse Finished Goods,19.0
Vivo Nuru Maxi Kimono,V0725020,Zoya Sarit,7.0
Vivo Pelia Kimono,V1024045,Online - Shop Zetu,3
Vivo Pelia Kimono,V1024045,Retired Stock,3.0
Vivo Pelia Kimono,V1024045,Warehouse Finished Goods,1.0
Vivo Pelia Kimono,V1024045,Zoya Sarit,2.0
Vivo Rayon Jersey Slip Dress,V1025038,Online - Shop Zetu,27
Vivo Rayon Jersey Slip Dress,V1025038,Retired Stock,75.0
Vivo Rayon Jersey Slip Dress,V1025038,The Oasis Mall,15
Vivo Rayon Jersey Slip Dress,V1025038,Vivo Acacia,2
Vivo Rayon Jersey Slip Dress,V1025038,Vivo Imaara,1.0
Vivo Rayon Jersey Slip Dress,V1025038,Vivo Junction,2.0
Vivo Rayon Jersey Slip Dress,V1025038,Vivo Kigali Heights,2
Vivo Rayon Jersey Slip Dress,V1025038,Vivo MSA Digo Road,4.0
Vivo Rayon Jersey Slip Dress,V1025038,Vivo Signature Mall,1.0
Vivo Rayon Jersey Slip Dress,V1025038,Vivo TRM,4.0
Vivo Rayon Jersey Slip Dress,V1025038,Warehouse Finished Goods,25.0
Vivo Rayon Jersey Slip Dress,V1025038,Zoya Sarit,4.0
Vivo Reba Gathered Dress,V0224221,Online - Shop Zetu,6
Vivo Reba Gathered Dress,V0224221,Retired Stock,1.0
Vivo Reba Gathered Dress,V0224221,Vivo TRM,4.0
Vivo Reba Gathered Dress,V0224221,Zoya Sarit,2.0
Vivo Ria Mock Neck Top,V0725045,Online - Shop Zetu,22
Vivo Ria Mock Neck Top,V0725045,Retired Stock,15.0
Vivo Ria Mock Neck Top,V0725045,The Oasis Mall,2
Vivo Ria Mock Neck Top,V0725045,Vivo Runda,2.0
Vivo Ria Mock Neck Top,V0725045,Warehouse Finished Goods,1.0
Vivo Ria Mock Neck Top,V0725045,Zoya Sarit,5.0
Vivo Safa Skirt,V0325007,Online - Shop Zetu,27
Vivo Safa Skirt,V0325007,Retired Stock,26.0
Vivo Safa Skirt,V0325007,The Oasis Mall,5
Vivo Safa Skirt,V0325007,Vivo Kigali Heights,1
Vivo Safa Skirt,V0325007,Vivo Moi Avenue,1.0
Vivo Safa Skirt,V0325007,Warehouse Finished Goods,4.0
Vivo Safa Skirt,V0325007,Zoya Sarit,18.0
Vivo Samira Maxi Kimono,V0525043,Finished Goods Production,1.0
Vivo Samira Maxi Kimono,V0525043,Online - Shop Zetu,10
Vivo Samira Maxi Kimono,V0525043,Retired Stock,11.0
Vivo Samira Maxi Kimono,V0525043,Vivo Acacia,1
Vivo Samira Maxi Kimono,V0525043,Vivo Kigali Heights,3
Vivo Samira Maxi Kimono,V0525043,Warehouse Finished Goods,6.0
Vivo Seli Strappy Tent Top,V0125047,Online - Shop Zetu,10
Vivo Seli Strappy Tent Top,V0125047,Retired Stock,8.0
Vivo Seli Strappy Tent Top,V0125047,Vivo Kigali Heights,2
Vivo Seli Strappy Tent Top,V0125047,Vivo Moi Avenue,7.0
Vivo Seli Strappy Tent Top,V0125047,Warehouse Finished Goods,6.0
Vivo Seli Strappy Tent Top,V0125047,Zoya Sarit,11.0
Vivo Sierra Bishop Sleeve Top,V0121031,Online - Shop Zetu,10
Vivo Sierra Bishop Sleeve Top,V0121031,Retired Stock,9.0
Vivo Sierra Bishop Sleeve Top,V0121031,Vivo Imaara,4.0
Vivo Sierra Bishop Sleeve Top,V0121031,Vivo Kigali Heights,1
Vivo Sierra Bishop Sleeve Top,V0121031,Warehouse Finished Goods,5.0
Vivo Sierra Bishop Sleeve Top,V0121031,Zoya Sarit,5.0
Vivo Studio 2-piece in Mixed Media,V0925053,Online - Shop Zetu,29
Vivo Studio 2-piece in Mixed Media,V0925053,Retired Stock,16.0
Vivo Studio 2-piece in Mixed Media,V0925053,The Oasis Mall,18
Vivo Studio 2-piece in Mixed Media,V0925053,Vivo Acacia,6
Vivo Studio 2-piece in Mixed Media,V0925053,Vivo Kigali Heights,4
Vivo Studio 2-piece in Mixed Media,V0925053,Vivo Moi Avenue,1.0
Vivo Studio 2-piece in Mixed Media,V0925053,Warehouse Finished Goods,153.0
Vivo Studio 2-piece in Mixed Media,V0925053,Zoya Sarit,6.0
Vivo Studio Longline Shorts in Crepe,V1225011,Online - Shop Zetu,35
Vivo Studio Longline Shorts in Crepe,V1225011,Retired Stock,2.0
Vivo Studio Longline Shorts in Crepe,V1225011,The Oasis Mall,9
Vivo Studio Longline Shorts in Crepe,V1225011,Vivo Acacia,9
Vivo Studio Longline Shorts in Crepe,V1225011,Vivo Kigali Heights,27
Vivo Studio Longline Shorts in Crepe,V1225011,Warehouse Finished Goods,240.0
Vivo Studio Longline Shorts in Crepe,V1225011,Zoya Sarit,6.0
Vivo Tahisa Straight Leg Pants,V1124102,Online - Shop Zetu,21
Vivo Tahisa Straight Leg Pants,V1124102,Retired Stock,7.0
Vivo Tahisa Straight Leg Pants,V1124102,Staff purchases,1.0
Vivo Tahisa Straight Leg Pants,V1124102,The Oasis Mall,1
Vivo Tahisa Straight Leg Pants,V1124102,Vivo Junction,1.0
Vivo Tahisa Straight Leg Pants,V1124102,Warehouse Finished Goods,1.0
Vivo Tahisa Straight Leg Pants,V1124102,Zoya Sarit,5.0
Vivo Tana Puff Sleeve Bodysuit,V0822077,Online - Shop Zetu,30
Vivo Tana Puff Sleeve Bodysuit,V0822077,Retired Stock,83.0
Vivo Tana Puff Sleeve Bodysuit,V0822077,The Oasis Mall,10
Vivo Tana Puff Sleeve Bodysuit,V0822077,Vivo Acacia,19
Vivo Tana Puff Sleeve Bodysuit,V0822077,Vivo Capital Centre,8.0
Vivo Tana Puff Sleeve Bodysuit,V0822077,Vivo City Mall,8.0
Vivo Tana Puff Sleeve Bodysuit,V0822077,Vivo Galleria,5.0
Vivo Tana Puff Sleeve Bodysuit,V0822077,Vivo Imaara,4.0
Vivo Tana Puff Sleeve Bodysuit,V0822077,Vivo Junction,1.0
Vivo Tana Puff Sleeve Bodysuit,V0822077,Vivo Kigali Heights,5
Vivo Tana Puff Sleeve Bodysuit,V0822077,Vivo MSA Digo Road,8.0
Vivo Tana Puff Sleeve Bodysuit,V0822077,Vivo Mama Ngina St,16.0
Vivo Tana Puff Sleeve Bodysuit,V0822077,Vivo Runda,8.0
Vivo Tana Puff Sleeve Bodysuit,V0822077,Vivo Signature Mall,1.0
Vivo Tana Puff Sleeve Bodysuit,V0822077,Vivo TRM,1.0
Vivo Tana Puff Sleeve Bodysuit,V0822077,Vivo Two Rivers,1.0
Vivo Tana Puff Sleeve Bodysuit,V0822077,Vivo Village Market,9.0
Vivo Tana Puff Sleeve Bodysuit,V0822077,Vivo Yaya,4.0
Vivo Tana Puff Sleeve Bodysuit,V0822077,Warehouse Finished Goods,113.0
Vivo Tana Puff Sleeve Bodysuit,V0822077,Zoya Sarit,23.0
Vivo Waridi Sleeveless Overcoat,V1020056,Online - Shop Zetu,17
Vivo Waridi Sleeveless Overcoat,V1020056,Retired Stock,41.0
Vivo Waridi Sleeveless Overcoat,V1020056,The Oasis Mall,3
Vivo Waridi Sleeveless Overcoat,V1020056,Vivo Kigali Heights,6
Vivo Waridi Sleeveless Overcoat,V1020056,Vivo Kisumu,2.0
Vivo Waridi Sleeveless Overcoat,V1020056,Vivo Mama Ngina St,2.0
Vivo Waridi Sleeveless Overcoat,V1020056,Warehouse Finished Goods,10.0
Vivo Waridi Sleeveless Overcoat,V1020056,Zoya Sarit,17.0
Vivo X This Is Essential Raceback Bralette,V0424116,Online - Shop Zetu,4
Vivo X This Is Essential Raceback Bralette,V0424116,Retired Stock,29.0
Vivo X This Is Essential Raceback Bralette,V0424116,Zoya Sarit,10.0
Vivo Yene Wide Leg Pants,V1124138,Online - Shop Zetu,20
Vivo Yene Wide Leg Pants,V1124138,Retired Stock,7.0
Vivo Yene Wide Leg Pants,V1124138,Vivo TRM,1.0
Vivo Yene Wide Leg Pants,V1124138,Warehouse Finished Goods,2.0
Vivo Yene Wide Leg Pants,V1124138,Zoya Sarit,3.0
Vivo Zahari Sweatheart Neck Jumpsuit,V0623013,Online - Shop Zetu,4
Vivo Zahari Sweatheart Neck Jumpsuit,V0623013,Retired Stock,1.0
Vivo Zahari Sweatheart Neck Jumpsuit,V0623013,Vivo Kigali Heights,3
Vivo Zahari Sweatheart Neck Jumpsuit,V0623013,Vivo TRM,2.0
Vivo Zahari Sweatheart Neck Jumpsuit,V0623013,Zoya Sarit,5.0
