Style Number,Style Name,Brand,Category,Subcategory,Status,Highest Sold Price (KES),Current Price (KES),Warehouse,Retired Location,Stores,Online,Total SOH
V0719112,Vivo Basic Long Sleeved Bodysuit,Vivo,Tops,Bodysuits,Retired,2900.0,2900.0,129.0,0,268.0,40,440
V0126037,Vivo Basic Knee Length Dress In Chiffon,Vivo,Dresses,Knee Length Dresses,Retired,5500.0,5500.0,157.0,0,175.0,34,366
V0623042,Vivo Cowl Neck Knit Sweater,Vivo,Outerwear,Sweaters & Ponchos,Retired,5550.0,5550.0,148.0,0,175.0,31,354
V0423078,Vivo Basic Leila Short Waterfall,Vivo,Outerwear,Waterfalls & Kimonos,Retired,3700.0,3700.0,59.0,2.0,229.0,25,315
V0625049,Vivo Iyana Cape Top,Vivo,Tops,Loose Tops,Retired,3900.0,3900.0,110.0,0,176.0,23,313
V0224250,Vivo Reversible Printed Poncho,Vivo,Outerwear,Sweaters & Ponchos,Retired,6550.0,6550.0,36.0,0,228.0,30,294
V0625016,Vivo Diella Wide Leg Pants in Crepe,Vivo,Bottoms,Full Length Pants,Retired,4700.0,3150.0,48.0,1.0,175.0,23,251
V0920021,Vivo Basic Tolani Jersey Dress,Vivo,Dresses,Knee Length Dresses,Retired,4950.0,4900.0,30.0,108.0,67.0,44,249
V0719693,Vivo Side Twist Dress,Vivo,Dresses,Knee Length Dresses,Retired,4500.0,4500.0,17.0,0,165.0,60,244
V1225012,Vivo Studio Mini Pencil Skirt in Ponte,Vivo,Skirts,Short & Mini Skirts,Retired,2900.0,2900.0,141.0,0,74.0,19,234
V0925053,Vivo Studio 2-piece in Mixed Media,Vivo,Two-Piece Sets,Skirts & Top Set,Retired,6900.0,6900.0,151.0,23.0,30.0,30,234
V0819126,Vivo Basic Tulip Sweater,Vivo,Outerwear,Sweaters & Ponchos,Retired,3900.0,3900.0,6.0,0,191.0,17,217
V0825025,Vivo Anavi Maxi Dress In Jersey,Vivo,Dresses,Maxi Dresses,Retired,6500.0,6500.0,170.0,0,15.0,28,213
V0825012,Vivo Nora Front Slit Knee Length Skirt,Vivo,Skirts,Knee Length Skirts,Retired,3500.0,3500.0,10.0,150.0,21.0,31,212
V0225026,Vivo Chela Tank Top in Stretch Rib,Vivo,Tops,T-shirts & Tank Tops,Retired,1550.0,1500.0,29.0,16.0,132.0,25,202
V1025012,Vivo Anavi Cascade Waterfall,Vivo,Outerwear,Waterfalls & Kimonos,Retired,4500.0,4500.0,120.0,0,48.0,28,196
V0725022,Vivo Essi Wide Leg Pants in Satin,Vivo,Bottoms,Full Length Pants,Retired,4900.0,4900.0,35.0,7.0,70.0,20,172
V1025038,Vivo Rayon Jersey Slip Dress,Vivo,Dresses,Short & Mini Dresses,Retired,2800.0,2800.0,13.0,79.0,36.0,27,155
V0625016,Vivo Diella Wide Leg Pants in Crepe,Vivo,Bottoms,Full Length Pants,Retired,4700.0,4700.0,36.0,0,86.0,22,149
V0925031,Vivo Anavi Short Sleeve Top,Vivo,Tops,T-shirts & Tank Tops,Retired,2500.0,2500.0,93.0,0,27.0,26,146
V1025029,Vivo liora Satin Midi Dress,Vivo,Dresses,Midi & Capri Dresses,Retired,6200.0,6200.0,86.0,1.0,40.0,14,141
V1125006,Vivo Lulu Cotton Barrel Pants,Vivo,Bottoms,Full Length Pants,Retired,4900.0,4900.0,16.0,58.0,39.0,26,139
V1025009,Vivo Liora Wide Leg Pants,Vivo,Bottoms,Full Length Pants,Retired,4900.0,4900.0,9.0,0,92.0,20,121
S1025031,Safari Tafari Wrap Top,Safari,Tops,Midriff & Crop Tops,Retired,3400.0,3400.0,17.0,69.0,6.0,29,121
V0825060,Vivo Alma Short Sleeve Mini Bodycon,Vivo,Dresses,Short & Mini Dresses,Retired,3500.0,3500.0,4.0,78.0,16.0,19,117
V0725046,Vivo Alma Skirt & Top Set,Vivo,Two-Piece Sets,Skirts & Top Set,Retired,2500.0,2500.0,91.0,0,7.0,18,116
S0825052,Safari by Vivo Zehra Cotton High Low Shirt,Safari,Tops,Fitted Tops,Retired,5800.0,5800.0,31.0,0,58.0,24,113
V0425056,Vivo Diella 3/4 Sleeve A-Line Dress,Vivo,Dresses,Knee Length Dresses,Retired,4500.0,4500.0,3.0,73.0,2,33,111
V0823134,Vivo Basic Long Sleeve Bodysuit (Seamless),Vivo,Tops,Bodysuits,Retired,2900.0,2900.0,11.0,0,81.0,17,109
V0223225,Vivo Basic Open Kaftan,Vivo,Outerwear,Waterfalls & Kimonos,Retired,5500.0,5500.0,41.0,1.0,34.0,27,103
V0825009,Vivo Nora 3/4 Sleeve Peplum Top,Vivo,Tops,Fitted Tops,Retired,2900.0,2900.0,2.0,63.0,10,15,90
V0620079,Vivo Basic Trench Coat,Vivo,Outerwear,Jackets & Coats,Retired,4950.0,4950.0,22.0,0,54.0,14,90
V0821064,Vivo Basic Crepe Cap Sleeved Top,Vivo,Tops,Fitted Tops,Retired,2550.0,2500.0,13.0,0,49.0,27,89
V0324028,Vivo Amai Asymmetrical Cape,Vivo,Tops,Loose Tops,Retired,4700.0,4700.0,16.0,1.0,54.0,15,86
V0325007,Vivo Safa Skirt,Vivo,Skirts,Midi & Capri Skirts,Retired,2950.0,2950.0,3.0,43.0,10.0,28,84
V0819036,Vivo Basic Bodycon,Vivo,Dresses,Knee Length Dresses,Retired,3950.0,3900.0,6.0,0,66.0,9,82
S0425041,Shiv & Shikie X Safari Printed Short Sleeve Shirt,Third Party Brands,Tops,Men's Tops,Retired,4800.0,4800.0,8.0,41.0,20.0,11,80
V0525058,Vivo Selah Palazzo Pants in Stretch Rib,Vivo,Bottoms,Full Length Pants,Retired,3500.0,3500.0,15.0,0,52.0,11,78
V0725029,Vivo Ari Sleeveless Straight Maxi Slit Dress,Vivo,Dresses,Maxi Dresses,Retired,4900.0,4900.0,8.0,37.0,14,18,77
V0825033,Vivo Nuru Strappy Top,Vivo,Tops,Fitted Tops,Retired,2900.0,2900.0,62.0,0,2,11,75
V0925026,Vivo Liora Shorts,Vivo,Bottoms,Shorts & Skorts,Retired,2500.0,2500.0,2.0,34.0,21,17,74
S1124116,Safari Sizani Strappy Tent Top,Safari,Tops,Loose Tops,Retired,2950.0,2950.0,7.0,25.0,19.0,21,72
S0925046,Safari Tafari Shorts,Safari,Bottoms,Shorts & Skorts,Retired,2800.0,2800.0,3.0,14.0,20.0,34,71
V0625059,Vivo Aleri Trench Coat Dress,Vivo,Dresses,Knee Length Dresses,Retired,5900.0,5900.0,6.0,20.0,18.0,18,62
V0625044,Vivo Iyana Tank Top,Vivo,Tops,Midriff & Crop Tops,Retired,1900.0,1900.0,6.0,28.0,12.0,14,60
V1125001,Vivo Jersey Drop Shoulder Top,Vivo,Tops,T-shirts & Tank Tops,Retired,2500.0,2500.0,6.0,5.0,41.0,7,59
V0125047,Vivo Seli Strappy Tent Top,Vivo,Tops,Loose Tops,Retired,2250.0,750.0,6.0,21.0,20.0,11,58
V0823158,Vivo X This Is Essential Sleeveless Scooped Neck Bodysuit,Vivo,Tops,Bodysuits,Retired,1950.0,1950.0,2.0,34.0,0,20,56
V0925010,Vivo Basic Crepe Bishop Sleeve Top,Vivo,Tops,Fitted Tops,Retired,3500.0,3500.0,10.0,0,31.0,15,56
S0425039,Shiv & Shikie X Safari Barrel Pants,Third Party Brands,Bottoms,Full Length Pants,Retired,4800.0,4800.0,22.0,11.0,3,16,52
V0223139,Vivo Izzy Satin Bishop Sleeve Top,Vivo,Tops,Fitted Tops,Retired,3750.0,2450.0,33.0,0,7.0,10,50
V0524004,Vivo X This Is Essential One Shoulder Bodysuit,Vivo,Tops,Bodysuits,Retired,2250.0,2250.0,0,41.0,0,8,49
V0625018,Vivo Alani High Low Dress,Vivo,Dresses,Knee Length Dresses,Retired,5500.0,2850.0,3.0,15.0,13.0,12,43
V0424116,Vivo X This Is Essential Raceback Bralette,Vivo,Tops,Midriff & Crop Tops,Retired,1500.0,1500.0,0,39.0,0,4,43
Z0125031,Zoya Sadira Mens' Chino Pants,Zoya,Bottoms,Men's Bottoms,Retired,2950.0,1950.0,0,0,15.0,27,42
S0724009,Safari Savannah Wrap Top,Safari,Tops,Fitted Tops,Retired,5250.0,5250.0,3.0,10.0,0,28,41
S1124144,Safari Sizani 2 Way Wrap Top,Safari,Tops,Midriff & Crop Tops,Retired,6250.0,3250.0,0,30.0,1.0,9,40
V0822022,Vivo Basic Sleeveless Tent Dress,Vivo,Dresses,Knee Length Dresses,Retired,4900.0,4900.0,2.0,0,35.0,3,40
S0424145,Safari Men's Long Sleeve Shirt,Safari,Tops,Men's Tops,Retired,4250.0,1250.0,3.0,10.0,16.0,10,39
V0623033,Vivo Basic Spaghetti Strap Tank Top,Vivo,Tops,T-shirts & Tank Tops,Retired,1550.0,450.0,1.0,25.0,4.0,8,38
V0819124,Vivo Basic Ali Jacket,Vivo,Outerwear,Jackets & Coats,Retired,2950.0,2950.0,5.0,19.0,3.0,11,38
S0925041,Safari Njano Men's Short Sleeve Shirt,Safari,Tops,Men's Tops,Retired,5800.0,5800.0,5.0,1.0,12.0,19,37
Z0324012,Zoya Taani Maxi Dress,Zoya,Dresses,Maxi Dresses,Retired,3250.0,1100.0,0,11.0,1.0,23,35
S0925060,Safari By Vivo Mens Cotton Short Sleeve Shirt,Safari,Tops,Men's Tops,Retired,4400.0,4400.0,2.0,10.0,10.0,13,35
V0621001,Vivo J.O V-Neck Sheath Dress,Vivo,Dresses,Knee Length Dresses,Retired,4250.0,4250.0,3.0,30.0,2.0,0,35
S0325065,Safari Naledi Gathered Panel Maxi Skirt,Safari,Skirts,Maxi Skirts,Retired,6400.0,6400.0,3.0,17.0,8.0,6,34
V0719105,Vivo Basic A-line Maxi Skirt,Vivo,Skirts,Maxi Skirts,Retired,4500.0,4250.0,12.0,3.0,12.0,6,33
S0925059,Safari By Vivo Mens Cotton Shorts,Safari,Bottoms,Men's Bottoms,Retired,3400.0,3400.0,1.0,2.0,19.0,11,33
V0324021,Vivo X This Is Essential Scooped Neck Bralette,Vivo,Tops,Midriff & Crop Tops,Retired,1500.0,1500.0,0,24.0,0,8,32
S0424064,Safari Bush Drop Shoulder Long Sleeve Top,Safari,Tops,T-shirts & Tank Tops,Retired,2750.0,1750.0,2.0,22.0,3.0,4,31
S0925062,Safari By Vivo Mens Cotton Long Sleeve Shirt,Safari,Tops,Men's Tops,Retired,5400.0,5400.0,0,12.0,15.0,4,31
V0825015,Vivo Lena Slim Fit Pants in Pinstripe,Vivo,Bottoms,Full Length Pants,Retired,3900.0,3900.0,3.0,0,17.0,9,30
V0525071,Vivo Maisha Straight Leg Pants in Crepe,Vivo,Bottoms,Full Length Pants,Retired,5900.0,4200.0,4.0,0,15.0,11,30
V1024064,Vivo Basic Sleeveless Tent Kimono,Vivo,Outerwear,Waterfalls & Kimonos,Retired,3250.0,3250.0,0,20.0,4.0,5,29
V0224238,Vivo 2-Way Wrap Top,Vivo,Tops,Fitted Tops,Retired,3250.0,3250.0,0,23.0,0,6,29
V1024064,Vivo Basic Sleeveless Tent Kimono,Vivo,Outerwear,Waterfalls & Kimonos,Retired,3250.0,1950.0,0,22.0,3.0,4,29
V1124138,Vivo Yene Wide Leg Pants,Vivo,Bottoms,Full Length Pants,Retired,3950.0,1550.0,0,8.0,4.0,17,29
V0525043,Vivo Samira Maxi Kimono,Vivo,Outerwear,Waterfalls & Kimonos,Retired,5900.0,5900.0,4.0,11.0,3,10,29
S0925040,Safari by Vivo Naledi Bubble Midi Dress,Safari,Dresses,Midi & Capri Dresses,Retired,5800.0,5800.0,4.0,7.0,8.0,10,29
V0825033,Vivo Nuru Strappy Top,Vivo,Tops,Fitted Tops,Retired,2900.0,2250.0,22.0,0,0,6,28
VE0032P,Vivo Kitenge Wide Leg Pants,Vivo,Bottoms,Full Length Pants,Retired,4550.0,4500.0,0,17.0,0,11,28
V0523033,Vivo Maisha Drop Shoulder Maxi Dress In Rayon,Vivo,Dresses,Maxi Dresses,Retired,5900.0,5900.0,6.0,0,16.0,5,27
S0224190,Safari Kamari Halter Shirt,Safari,Tops,Fitted Tops,Retired,3750.0,1150.0,2.0,5.0,7.0,13,27
V0325072,Vivo Chiffon Shorts,Vivo,Bottoms,Shorts & Skorts,Retired,3550.0,3550.0,2.0,14.0,2.0,9,27
V0224241,Vivo Full Length Kimono,Vivo,Outerwear,Waterfalls & Kimonos,Retired,5900.0,5900.0,2.0,14.0,1.0,10,27
S0424035,Safari Men's Bomber Jacket,Safari,Outerwear,Jackets & Coats,Retired,5950.0,4200.0,1.0,16.0,4.0,4,25
S1124151,Safari Sizani Men's Kitenge Tuxedo Shirt,Safari,Tops,Men's Tops,Retired,4400.0,4400.0,0,13.0,0,12,25
V0625043,Vivo Iyana Bubble Midi Skirt,Vivo,Skirts,Midi & Capri Skirts,Retired,4900.0,4050.0,4.0,10.0,3.0,8,25
Z0125030,Zoya Sadira Bell Bottom Pants,Zoya,Bottoms,Full Length Pants,Retired,1950.0,1950.0,0,2.0,11.0,12,25
S0125056,Safari Tiwa Shirred Midi Dress,Safari,Dresses,Midi & Capri Dresses,Retired,5800.0,5800.0,4.0,8.0,7.0,5,24
Z0924029,Zoya Temo Men's Knee Length Shorts,Zoya,Bottoms,Men's Bottoms,Retired,1950.0,1450.0,0,0,14.0,10,24
V1122192,Vivo Basic Sleeveless Midi Jersey Waterfall,Vivo,Outerwear,Waterfalls & Kimonos,Retired,3250.0,2000.0,0,17.0,1.0,6,24
S0325031,Safari Tiwa Barell Pants,Safari,Bottoms,Full Length Pants,Retired,5400.0,5400.0,0,11.0,5.0,7,23
VE0055G,Vivo Nimali Satin Joggers,Vivo,Bottoms,Full Length Pants,Retired,2950.0,1450.0,4.0,6.0,0,13,23
S0424073,Safari Kamari Ribbed Top,Safari,Tops,T-shirts & Tank Tops,Retired,3550.0,1100.0,0,11.0,5.0,7,23
V0625018,Vivo Alani High Low Dress,Vivo,Dresses,Knee Length Dresses,Retired,5500.0,2250.0,0,13.0,7.0,3,23
S0924024,Safari Mansi Mens Summer Shirt,Safari,Tops,Men's Tops,Retired,4250.0,1250.0,1.0,1.0,2.0,19,23
S0724125,Safari Savannah Men's Short Sleeve Shirt,Safari,Tops,Men's Tops,Retired,5950.0,5950.0,1.0,10.0,4.0,8,23
S0224196,Safari Kamari Wide Leg Pants,Safari,Bottoms,Full Length Pants,Retired,4750.0,4750.0,11.0,0,7.0,4,22
V0225003,Vivo Ayah Drawstring Pants,Vivo,Bottoms,Full Length Pants,Retired,4900.0,4900.0,0,7.0,2.0,13,22
S0425036,Shiv & Shikie X Safari Drawstring Shorts,Third Party Brands,Bottoms,Men's Bottoms,Retired,3400.0,3400.0,5.0,0,7.0,10,22
Z0125028,Zoya Sadira Mens' Chino Shorts,Zoya,Bottoms,Men's Bottoms,Retired,1750.0,850.0,0,0,7.0,15,22
V0825019,Vivo Nora Wide Leg Pants,Vivo,Bottoms,Full Length Pants,Retired,4900.0,1950.0,4.0,0,14.0,4,22
S1125033,Safari by Vivo Zehra Kitenge Shorts,Safari,Bottoms,Shorts & Skorts,Retired,2800.0,2800.0,6.0,0,10.0,6,22
S0525005,Shiv & Shikie X Safari Faux Collar Printed Shirt,Third Party Brands,Tops,Midriff & Crop Tops,Retired,2800.0,2800.0,2.0,14.0,0,5,21
S0824054,Safari Kitenge Men's Sweatshirt,Safari,Tops,Men's Tops,Retired,4250.0,4250.0,0,5.0,7.0,9,21
V0220007,Vivo Basic Double Layered Long Sleeved Bodysuit,Vivo,Tops,Bodysuits,Retired,2900.0,2900.0,11.0,0,1.0,9,21
V0625043,Vivo Iyana Bubble Midi Skirt,Vivo,Skirts,Midi & Capri Skirts,Retired,4900.0,4900.0,0,12.0,1,8,21
S0624022,Safari Savannah Men's Drawstring Shorts (Regular),Safari,Bottoms,Men's Bottoms,Retired,5550.0,1650.0,4.0,2.0,12.0,3,21
V0325019,Vivo Chela Basic Cap Sleeve Top,Vivo,Tops,Midriff & Crop Tops,Retired,2250.0,2250.0,0,5.0,1,15,21
V0225011,Vivo Niari straight leg Pants,Vivo,Bottoms,Full Length Pants,Retired,3950.0,3950.0,3.0,10.0,0,8,21
S0925061,Safari By Vivo Mens Cotton Pants,Safari,Bottoms,Men's Bottoms,Retired,4800.0,4800.0,2.0,6.0,5.0,8,21
S1024007,Safari Chui Cropped Jacket,Safari,Outerwear,Jackets & Coats,Retired,6250.0,6250.0,0,7.0,5.0,9,21
S0824055,Safari Kitenge Men's Sweat Pants,Safari,Bottoms,Men's Bottoms,Retired,4550.0,4550.0,1.0,3.0,5.0,12,21
V0424161,Vivo Sarong Skirt,Vivo,Skirts,Midi & Capri Skirts,Retired,3900.0,1550.0,4.0,1.0,14.0,1,20
Z0822082,Zoya Nia Off Shoulder Knee Length Dress,Zoya,Dresses,Knee Length Dresses,Retired,3550.0,3550.0,0,2.0,0,18,20
S0424041,Safari Men's Kitenge Drawstring Shorts,Safari,Bottoms,Men's Bottoms,Retired,3550.0,1800.0,1.0,2.0,4.0,13,20
S0424041,Safari Men's Kitenge Drawstring Shorts,Safari,Bottoms,Men's Bottoms,Retired,3550.0,2050.0,1.0,5.0,8.0,6,20
V0719112,Vivo Basic Long Sleeved Bodysuit,Vivo,Tops,Bodysuits,Retired,2900.0,2550.0,9.0,0,10.0,1,20
V0524005,Vivo X This Is Essential Ruched Bodysuit,Vivo,Tops,Bodysuits,Retired,4250.0,4250.0,0,18.0,0,2,20
S0925045,Safari Njano Men's Easy Fit Kitenge Pants,Safari,Bottoms,Men's Bottoms,Retired,4800.0,4800.0,1.0,8.0,3.0,8,20
S0224181,Safari Kamari Long Sleeve Drawstring Shacket,Safari,Outerwear,Jackets & Coats,Retired,5550.0,5550.0,0,11.0,0,8,19
V0719113,Vivo Basic Long Sleeved Top,Vivo,Tops,T-shirts & Tank Tops,Retired,2535.0,1750.0,1.0,6.0,0,11,19
S0424039,Safari Men's Chinese Collar Long Sleeve Shirt,Safari,Tops,Men's Tops,Retired,5250.0,1150.0,1.0,8.0,6.0,4,19
V0623013,Vivo Zahari Sweatheart Neck Jumpsuit,Vivo,Bottoms,Jumpsuits & Playsuits,Retired,6750.0,2450.0,0,8.0,7.0,3,18
V0224125,Vivo Nala Shirt Dress,Vivo,Dresses,Knee Length Dresses,Retired,5750.0,5750.0,2.0,8.0,0,8,18
V0822077,Vivo Tana Puff Sleeve Bodysuit,Vivo,Tops,Bodysuits,Retired,2700.0,2700.0,2.0,2.0,11.0,3,18
Z0821148,Zoya Essentials Mini Bodycon,Zoya,Dresses,Short & Mini Dresses,Retired,2750.0,2750.0,1.0,7.0,1.0,8,17
S0525069,Safari Tara Bishop Sleeve Dress,Safari,Dresses,Knee Length Dresses,Retired,6400.0,6400.0,0,6.0,0,11,17
V1022057,Vivo Basic Maternity Leggings,Vivo,Bottoms,Full Length Pants,Retired,2750.0,2750.0,1.0,8.0,6.0,2,17
V0525076,Vivo Diella V-Neck Jumpsuit,Vivo,Bottoms,Jumpsuits & Playsuits,Retired,5900.0,2350.0,4.0,3.0,4.0,6,17
V0924049,Vivo Hari Flared Sleeve Tunic,Vivo,Tops,Fitted Tops,Retired,3950.0,1550.0,0,5.0,7.0,5,17
S0424047,Safari Men's Cargo Pants,Safari,Bottoms,Men's Bottoms,Retired,5950.0,1750.0,1.0,9.0,4.0,3,17
S1124152,Safari Sizani Men's Kitenge Placket Shirt,Safari,Tops,Men's Tops,Retired,3800.0,3800.0,0,0,15.0,2,17
S0223180,Safari Mali Bishop Sleeve Shirt Dress,Safari,Dresses,Knee Length Dresses,Retired,4950.0,3500.0,0,13.0,0,4,17
V0624025,Vivo Kitenge Strappy Tie Back Top,Vivo,Tops,Loose Tops,Retired,2900.0,2900.0,0,10.0,2,4,16
V0623033,Vivo Basic Spaghetti Strap Tank Top,Vivo,Tops,T-shirts & Tank Tops,Retired,1550.0,550.0,0,10.0,2.0,4,16
V0625041,Vivo Iyana Wide Leg Pants,Vivo,Bottoms,Full Length Pants,Retired,4900.0,4900.0,0,7.0,2.0,7,16
V0424156,Vivo Solei Shorts(without lining),Vivo,Bottoms,Shorts & Skorts,Retired,3550.0,3450.0,1.0,1.0,8.0,6,16
S0924017,Safari Mansi Straight Leg Pants,Safari,Bottoms,Full Length Pants,Retired,4950.0,4950.0,2.0,5.0,0,9,16
S0424062,Safari Spaghetti Tank Top,Safari,Tops,T-shirts & Tank Tops,Retired,1750.0,1750.0,2.0,9.0,2.0,1,16
S1124144,Safari Sizani 2 Way Wrap Top,Safari,Tops,Midriff & Crop Tops,Retired,6250.0,1850.0,1.0,1.0,6.0,8,16
S0224199,Safari Kamari Mini Skirt,Safari,Skirts,Short & Mini Skirts,Retired,3000.0,250.0,2.0,7.0,3.0,4,16
V1124086,Vivo Lalani Turtle Neck Sweater Dress,Vivo,Dresses,Knee Length Dresses,Retired,5550.0,2250.0,4.0,0,5.0,7,16
V0224109,Vivo X This Is Essential Short Unitard,Vivo,Bottoms,Jumpsuits & Playsuits,Retired,3250.0,3250.0,8.0,4.0,0,4,16
Z0125026,Zoya Sadira Mini Cargo Skirt,Zoya,Skirts,Short & Mini Skirts,Retired,1950.0,1950.0,0,2.0,0,14,16
Z0824044,Zoya Temo Mens Zipped Overshirt,Zoya,Tops,Men's Tops,Retired,1750.0,1300.0,0,1.0,0,15,16
S0824030,Safari Njano Men's Knee Length Shorts,Safari,Bottoms,Men's Bottoms,Retired,5550.0,1150.0,0,9.0,2.0,5,16
V0325047,Vivo Kelemi 4.0 Frilled Wide Top,Vivo,Tops,Loose Tops,Retired,5950.0,2350.0,0,9.0,1.0,5,15
VE0032P,Vivo Kitenge Wide Leg Pants,Vivo,Bottoms,Full Length Pants,Retired,4550.0,2250.0,3.0,3.0,4.0,5,15
Z0324071,Zoya Yuni Contrast Stitch Mini Skirt,Zoya,Skirts,Short & Mini Skirts,Retired,2550.0,350.0,0,5.0,0,10,15
V0325019,Vivo Chela Basic Cap Sleeve Top,Vivo,Tops,Midriff & Crop Tops,Retired,2250.0,1850.0,1.0,2.0,6.0,6,15
S0824067,Safari Savannah Kitenge Midi Wrap Dress,Safari,Dresses,Midi & Capri Dresses,Retired,8950.0,8950.0,1.0,6.0,0,7,14
S0223180,Safari Mali Bishop Sleeve Shirt Dress,Safari,Dresses,Knee Length Dresses,Retired,4950.0,4950.0,0,8.0,1,5,14
S0624027,Safari Savannah Men's Straight Leg Pants,Safari,Bottoms,Men's Bottoms,Retired,6750.0,4800.0,4.0,5.0,2,3,14
V0622041,Vivo Mistari 3/4 Sleeve V,Vivo,Tops,Loose Tops,Retired,3550.0,3550.0,0,9.0,0,5,14
Z0724069,Zoya Banda Unisex Jorts,Zoya,Bottoms,Shorts & Skorts,Retired,2950.0,550.0,0,5.0,0,9,14
V0223139,Vivo Izzy Satin Bishop Sleeve Top,Vivo,Tops,Fitted Tops,Retired,3750.0,3500.0,9.0,0,0,5,14
Z0220060,Zoya Capri Leggings,Zoya,Bottoms,Leggings,Retired,1950.0,1200.0,1.0,0,13.0,0,14
V1123158,Vivo Mira Reversible Wrap Top,Vivo,Tops,Fitted Tops,Retired,2750.0,950.0,1.0,3.0,3.0,6,14
V0923060,Vivo X This Is Essential Short Sleeve Bodysuit,Vivo,Tops,Bodysuits,Retired,2750.0,2750.0,2.0,4.0,0,7,13
V1123047,Vivo Hanabi Wrap Maxi Dress,Vivo,Dresses,Maxi Dresses,Retired,6950.0,5750.0,6.0,0,0,7,13
Z0124037,Zoya Luna Halter Neck Top,Zoya,Tops,Midriff & Crop Tops,Retired,1750.0,1750.0,0,5.0,0,8,13
S0824028,Safari Njano Men's Easy Fit Pants,Safari,Bottoms,Men's Bottoms,Retired,6750.0,2050.0,4.0,4.0,2.0,3,13
S0624022,Safari Savannah Men's Drawstring Shorts (Regular),Safari,Bottoms,Men's Bottoms,Retired,5550.0,3900.0,4.0,0,6.0,3,13
V1223014,Vivo Dua Satin Bishop Sleeve Top,Vivo,Tops,Loose Tops,Retired,3550.0,1250.0,7.0,0,3.0,3,13
S0424041,Safari Men's Kitenge Drawstring Shorts,Safari,Bottoms,Men's Bottoms,Retired,3550.0,1050.0,1.0,1.0,4.0,7,13
S0924026,Safari Mansi Mens Shorts,Safari,Bottoms,Men's Bottoms,Retired,3300.0,3300.0,0,2.0,3.0,8,13
V1223037,Vivo X This Is Essentials Long Sleeve Crew Neck Bodysuit,Vivo,Tops,Bodysuits,Retired,3800.0,3800.0,0,10.0,0,3,13
Z1123024,Zoya Party Sleeveless Bodysuit,Zoya,Tops,Bodysuits,Retired,1950.0,1950.0,0,1.0,0,12,13
S0325033,Safari Tiwa Straight Leg Pants,Safari,Bottoms,Full Length Pants,Retired,4800.0,4800.0,3.0,0,7.0,3,13
VE0001Y,Vivo Essentials Tank Top,Vivo,Tops,T-shirts & Tank Tops,Retired,1550.0,750.0,0,6.0,3.0,4,13
Z1223003,Zoya Sitawi Bodycon,Zoya,Dresses,Short & Mini Dresses,Retired,2550.0,2550.0,0,3.0,1.0,8,12
V0125005,Vivo Yene One Shoulder Kaftan,Vivo,Dresses,Maxi Dresses,Retired,5550.0,2250.0,2.0,3.0,0,7,12
V0425007,Vivo Rema High Low Maxi Dress,Vivo,Dresses,Midi & Capri Dresses,Retired,3900.0,3550.0,0,3.0,0,9,12
V0719105,Vivo Basic A-line Maxi Skirt,Vivo,Skirts,Maxi Skirts,Retired,4500.0,4500.0,5.0,0,7.0,0,12
V0923047,Vivo Ava Tent Flounce Maxi Dress,Vivo,Dresses,Maxi Dresses,Retired,6900.0,6900.0,0,0,0,12,12
VE0001M,Vivo Essentials Tank Top,Vivo,Tops,T-shirts & Tank Tops,Retired,1550.0,1550.0,0,3.0,4.0,5,12
VE0055L,Vivo Nimali Satin Joggers,Vivo,Bottoms,Full Length Pants,Retired,0,1450.0,5.0,0,1.0,6,12
VE0055R,Vivo Nimali Satin Joggers,Vivo,Bottoms,Full Length Pants,Retired,2950.0,1450.0,2.0,1.0,0,9,12
Z1024087,Zoya X Metamorphisized 143 Pleated Flannel Mini Skirt,Zoya,Skirts,Short & Mini Skirts,Retired,1950.0,1950.0,0,0,5.0,7,12
Z0724071,Zoya Banda Men's Cargo Pants,Zoya,Bottoms,Men's Bottoms,Retired,3950.0,1150.0,0,0,0,11,11
Z0424106,Zoya Men's Round Neck T-shirt,Zoya,Tops,Men's Tops,Retired,1550.0,1550.0,0,0,6.0,5,11
S0424062,Safari Spaghetti Tank Top,Safari,Tops,T-shirts & Tank Tops,Retired,1750.0,650.0,1.0,6.0,2.0,2,11
V0625032,Vivo Aleri A-Line Pleated Dress,Vivo,Dresses,Knee Length Dresses,Retired,5500.0,5500.0,6.0,1.0,1,3,11
V0325021,Vivo Basic Jeggings,Vivo,Bottoms,Full Length Pants,Retired,3550.0,3550.0,0,7.0,0,4,11
S0824029,Safari Njano Men's Straight Leg Pants,Safari,Bottoms,Men's Bottoms,Retired,6250.0,6250.0,1.0,4.0,1.0,5,11
V1024045,Vivo Pelia Kimono,Vivo,Outerwear,Waterfalls & Kimonos,Retired,3250.0,950.0,1.0,7.0,0,3,11
V0723033,Vivo Basic Long Sleeve Cascade Waterfall,Vivo,Outerwear,Waterfalls & Kimonos,Retired,5250.0,1950.0,4.0,2.0,1,4,11
S0724125,Safari Savannah Men's Short Sleeve Shirt,Safari,Tops,Men's Tops,Retired,5950.0,4200.0,0,3.0,2.0,6,11
VE0001T,Vivo Essentials Tank Top,Vivo,Tops,T-shirts & Tank Tops,Retired,1550.0,750.0,0,6.0,2.0,3,11
S1024019,Safari Chui Jodhpur Pants,Safari,Bottoms,Full Length Pants,Retired,6250.0,6250.0,6.0,0,3.0,2,11
S0325016,Safari Tawi Off-Shoulder Top,Safari,Tops,Loose Tops,Retired,2950.0,1150.0,0,1.0,7.0,3,11
Z1123052,Zoya Party Cowl Bare Back Mini Dress,Zoya,Dresses,Short & Mini Dresses,Retired,2750.0,2750.0,0,0,0,10,10
S0824053,Safari Men's Long Sleeve T-shirt,Safari,Tops,Men's Tops,Retired,2250.0,650.0,1.0,2.0,0,7,10
V0719112,Vivo Basic Long Sleeved Bodysuit,Vivo,Tops,Bodysuits,Retired,2900.0,2050.0,6.0,2.0,1.0,0,10
Z0724101,Zoya Basic Halter Tie Top,Zoya,Tops,Midriff & Crop Tops,Retired,1250.0,1250.0,0,3.0,1.0,6,10
S0623035,Safari Hawi Cargo Pants,Safari,Bottoms,Full Length Pants,Retired,5250.0,5250.0,0,3.0,3.0,4,10
V0823134,Vivo Basic Long Sleeve Bodysuit (Seamless),Vivo,Tops,Bodysuits,Retired,2900.0,2000.0,6.0,0,0,4,10
Z1019075,Zoya Basic Jersey Bandeau,Zoya,Tops,Midriff & Crop Tops,Retired,975.0,750.0,0,0,10.0,0,10
S0424041,Safari Men's Kitenge Drawstring Shorts,Safari,Bottoms,Men's Bottoms,Retired,3550.0,3400.0,1.0,0,8.0,1,10
Z0125019,Zoya Sadira Ribbed Top,Zoya,Tops,Fitted Tops,Retired,2250.0,2250.0,0,5.0,0,5,10
Z1123021,Zoya Party Drawstring Hoodie,Zoya,Outerwear,Hoodies & Sweatshirts,Retired,0,2750.0,0,0,0,10,10
V0225003,Vivo Ayah Drawstring Pants,Vivo,Bottoms,Full Length Pants,Retired,4900.0,3450.0,0,0,4,6,10
Z0724051,Zoya Banda Bandeau Asymmetrical Crop Top,Zoya,Tops,Midriff & Crop Tops,Retired,1550.0,350.0,0,1.0,1.0,8,10
V1122193,Vivo Basic Sleeveless Extra Long Lily Waterfall,Vivo,Outerwear,Waterfalls & Kimonos,Retired,4950.0,1950.0,2.0,5.0,0,3,10
Z0424111,Zoya Yuni Men's Fleece Sweat Pants,Zoya,Bottoms,Men's Bottoms,Retired,2950.0,1500.0,0,0,3.0,7,10
V0424158,Vivo Cowl Camisole,Vivo,Tops,Loose Tops,Retired,2550.0,1050.0,2.0,1.0,1,6,10
DH0001D,Denim Haven High Rise Skinny Ripped Jeans,Third Party Brands,Bottoms,Full Length Pants,Retired,3500.0,700.0,0,0,10.0,0,10
Z0124039,Zoya Luna Drape Tie Top,Zoya,Tops,Loose Tops,Retired,2950.0,1050.0,0,0,1.0,9,10
V0719261,Vivo Basic Long Sleeved Double Layered Bodycon,Vivo,Dresses,Knee Length Dresses,Retired,4250.0,4250.0,3.0,1.0,6.0,0,10
V0924031,Vivo Lalani Lounge Pants,Vivo,Bottoms,Full Length Pants,Retired,5250.0,1050.0,0,0,3.0,7,10
VE0055P,Vivo Nimali Satin Joggers,Vivo,Bottoms,Full Length Pants,Retired,0,1450.0,3.0,2.0,0,5,10
Z0824059,Zoya Temo Asymmetric Front Cut Crop Top,Zoya,Tops,Fitted Tops,Retired,950.0,250.0,0,0,0,10,10
V0625030,Vivo Aleri Coat,Vivo,Outerwear,Jackets & Coats,Retired,5900.0,5900.0,1.0,0,8.0,0,9
Z1123055,Zoya Party Sheer Pants,Zoya,Bottoms,Full Length Pants,Retired,0,2250.0,0,1.0,0,8,9
V1223037,Vivo X This Is Essentials Long Sleeve Crew Neck Bodysuit,Vivo,Tops,Bodysuits,Retired,3800.0,3750.0,0,8.0,0,1,9
S0824030,Safari Njano Men's Knee Length Shorts,Safari,Bottoms,Men's Bottoms,Retired,5550.0,1650.0,0,1.0,5.0,3,9
S1123111,Safari Lira Front Panelled Shirt Dress,Safari,Dresses,Knee Length Dresses,Retired,4950.0,2320.0,1.0,1.0,1.0,6,9
S0223179,Safari Mali Bishop Sleeve Tent Dress,Safari,Dresses,Knee Length Dresses,Retired,5950.0,5950.0,0,7.0,0,2,9
S1123109,Safari Lira Panelled Camisole Top,Safari,Tops,Fitted Tops,Retired,2550.0,250.0,0,0,9.0,0,9
V0423055,Vivo Leila Cap Sleeve Tent Knee Length Dress,Vivo,Dresses,Knee Length Dresses,Retired,4550.0,4550.0,0,6.0,0,3,9
S0424064,Safari Bush Drop Shoulder Long Sleeve Top,Safari,Tops,T-shirts & Tank Tops,Retired,2750.0,2000.0,0,4.0,1.0,4,9
S0624019,Safari Savannah Men's Half Placket Shirt,Safari,Tops,Men's Tops,Retired,6250.0,4550.0,2.0,3.0,1.0,3,9
S0623047,Safari Basic Shirt Tent Dress,Safari,Dresses,Knee Length Dresses,Retired,5250.0,5250.0,2.0,3.0,0,4,9
V0825019,Vivo Nora Wide Leg Pants,Vivo,Bottoms,Full Length Pants,Retired,4900.0,2450.0,0,0,8.0,1,9
VE0031S,Vivo Long Sleeve Blazer,Vivo,Outerwear,Jackets & Coats,Retired,0,3900.0,0,5.0,0,4,9
S0924026,Safari Mansi Mens Shorts,Safari,Bottoms,Men's Bottoms,Retired,3300.0,950.0,0,4.0,1.0,4,9
S0425037,Shiv & Shikie X Safari Cargo Pants,Third Party Brands,Bottoms,Men's Bottoms,Retired,5800.0,5800.0,1.0,1.0,1.0,6,9
VE0055B,Vivo Nimali Satin Joggers,Vivo,Bottoms,Full Length Pants,Retired,2950.0,1450.0,4.0,0,0,5,9
Z0624103,Zoya Yuni Men's Long Sleeve T-shirt,Zoya,Tops,Men's Tops,Retired,1950.0,1400.0,0,0,3.0,6,9
Z0724018,Zoya Shani Men's Drawstring Shorts,Zoya,Bottoms,Men's Bottoms,Retired,2550.0,650.0,0,0,5.0,4,9
Z1123021,Zoya Party Drawstring Hoodie,Zoya,Outerwear,Hoodies & Sweatshirts,Retired,0,1050.0,0,0,3.0,6,9
V0224240,Vivo Must Have Shorts,Vivo,Bottoms,Shorts & Skorts,Retired,3550.0,3550.0,0,2.0,1,6,9
V0325003,Vivo Niari Boat Neck Dress,Vivo,Dresses,Knee Length Dresses,Retired,4950.0,4950.0,0,3.0,0,6,9
V0823155,Vivo X This Is Essential Strappy Bodysuit,Vivo,Tops,Bodysuits,Retired,2250.0,2250.0,1.0,5.0,0,3,9
V1024043,Vivo Beali Two Way Wrap Top,Vivo,Tops,Midriff & Crop Tops,Retired,3250.0,1350.0,3.0,0,2.0,4,9
V0425003,Vivo Rema Waterfall,Vivo,Outerwear,Waterfalls & Kimonos,Retired,3900.0,3900.0,2.0,3.0,0,4,9
S0724088,Safari Savannah Midi Wrap Dress,Safari,Dresses,Midi & Capri Dresses,Retired,9250.0,9250.0,4.0,0,1.0,4,9
VE0008O,Vivo Essentials Bodycon,Vivo,Dresses,Knee Length Dresses,Retired,3950.0,3950.0,0,5.0,0,4,9
Z0724062,Zoya Banda Unisex Shacket,Zoya,Outerwear,Jackets & Coats,Retired,2500.0,2500.0,0,1.0,0,8,9
Z0124037,Zoya Luna Halter Neck Top,Zoya,Tops,Midriff & Crop Tops,Retired,1750.0,900.0,0,4.0,0,5,9
Z0125020,Zoya Sadira Strappy Bodysuit,Zoya,Tops,Bodysuits,Retired,1950.0,1950.0,0,1.0,0,7,8
Z0624006,Zoya Shani Off Shoulder Crop Top,Zoya,Tops,Midriff & Crop Tops,Retired,2250.0,450.0,0,3.0,0,5,8
V0722034,Vivo Basic Julia 3/4 Sleeve Back Pleat Knee Length Dress,Vivo,Dresses,Knee Length Dresses,Retired,4250.0,4250.0,4.0,0,1,3,8
S0123088,Safari Mali 3/4 Bishop Sleeve Tie Top,Safari,Tops,Fitted Tops,Retired,4250.0,4250.0,0,1.0,0,7,8
V0225032,Vivo Ayah Shirred Cuff Loose Top,Vivo,Tops,Fitted Tops,Retired,3550.0,3550.0,0,3.0,0,5,8
V0125033,Vivo Yene Front Tie Tunic Top,Vivo,Tops,Fitted Tops,Retired,3550.0,3550.0,3.0,0,0,5,8
V0622079,Vivo Wingu Three Tiered Knee Length Dress,Vivo,Dresses,Knee Length Dresses,Retired,5500.0,2250.0,1.0,2.0,4.0,1,8
S0824028,Safari Njano Men's Easy Fit Pants,Safari,Bottoms,Men's Bottoms,Retired,6750.0,4800.0,4.0,1.0,0,3,8
V0825009,Vivo Nora 3/4 Sleeve Peplum Top,Vivo,Tops,Fitted Tops,Retired,2900.0,2250.0,0,3.0,0,5,8
V0225027,Vivo Niari Shorts,Vivo,Bottoms,Shorts & Skorts,Retired,2950.0,850.0,0,1.0,5.0,2,8
V0323019,Vivo Basic V-neck Cap Sleeve Top,Vivo,Tops,T-shirts & Tank Tops,Retired,2550.0,1350.0,0,2.0,0,6,8
S0623056,Safari Anga Puffy Short Sleeve Tie Top,Safari,Tops,Midriff & Crop Tops,Retired,3250.0,960.0,0,2.0,0,6,8
V0719553,Vivo Mock Neck Tent Maxi Dress,Vivo,Dresses,Maxi Dresses,Retired,4750.0,4750.0,0,4.0,0,3,7
S0824053,Safari Men's Long Sleeve T-shirt,Safari,Tops,Men's Tops,Retired,2250.0,1200.0,0,2.0,1.0,4,7
Z0324067,Zoya Yuni Sleeveless Turtle Neck Maxi Top,Zoya,Tops,Fitted Tops,Retired,2250.0,2250.0,0,1.0,0,6,7
V0220007,Vivo Basic Double Layered Long Sleeved Bodysuit,Vivo,Tops,Bodysuits,Retired,2900.0,2050.0,0,0,7,0,7
V0121134,Vivo Basic Nalia High Low Jersey Top,Vivo,Tops,T-shirts & Tank Tops,Retired,3250.0,1350.0,0,3.0,4.0,0,7
Z0924065,Zoya Aridi Cropped Jacket,Zoya,Outerwear,Jackets & Coats,Retired,2250.0,1600.0,0,0,0,7,7
V1026039,Vivo High Low Top In Crepe,Vivo,Tops,Loose Tops,Retired,4200.0,4200.0,0,0,5.0,2,7
V0724132,Vivo Situ Off-Shoulder Tie Maxi Dress,Vivo,Dresses,Maxi Dresses,Retired,5900.0,5900.0,2.0,0,0,5,7
VE0001O,Vivo Essentials Tank Top,Vivo,Tops,T-shirts & Tank Tops,Retired,1550.0,1550.0,0,3.0,0,4,7
V0722034,Vivo Basic Julia 3/4 Sleeve Back Pleat Knee Length Dress,Vivo,Dresses,Knee Length Dresses,Retired,4250.0,2200.0,2.0,0,2.0,3,7
V0823125,Vivo Naya One Shoulder Flounce Jumpsuit,Vivo,Bottoms,Jumpsuits & Playsuits,Retired,6250.0,1100.0,0,2.0,1.0,4,7
VE0008W,Vivo Essentials Bodycon,Vivo,Dresses,Knee Length Dresses,Retired,3950.0,3950.0,3.0,0,1.0,3,7
V0225023,Vivo Chela Scalloped Sleeveless Top,Vivo,Tops,Loose Tops,Retired,2900.0,2050.0,1.0,1.0,1.0,4,7
V0823129,Vivo Naya One Shoulder Flounce Top,Vivo,Tops,Fitted Tops,Retired,3550.0,700.0,0,4.0,0,3,7
VE0009B,Vivo Essentials Strappy Cold Shoulder Top,Vivo,Tops,Loose Tops,Retired,0,2600.0,0,5.0,0,2,7
VE0010B,Vivo Essentials Sleeveless One Shoulder Crop Top,Vivo,Tops,Midriff & Crop Tops,Retired,700.0,455.0,0,0,7,0,7
Z0824048,Zoya Temo Mens Short Sleeve T-shirt,Zoya,Tops,Men's Tops,Retired,1250.0,700.0,0,1.0,0,6,7
Z0824047,Zoya Temo Mens Camo Shirt,Zoya,Tops,Men's Tops,Retired,1750.0,1350.0,0,0,3.0,4,7
S0624028,Safari Savannah Men's Jacket,Safari,Outerwear,Jackets & Coats,Retired,8950.0,2650.0,1.0,0,3.0,3,7
V0323019,Vivo Basic V-neck Cap Sleeve Top,Vivo,Tops,T-shirts & Tank Tops,Retired,2550.0,1250.0,0,2.0,1.0,4,7
V0323019,Vivo Basic V-neck Cap Sleeve Top,Vivo,Tops,T-shirts & Tank Tops,Retired,2550.0,2550.0,0,5.0,0,2,7
V0324080,Vivo X This Is Essential Leggings,Vivo,Bottoms,Leggings,Retired,2950.0,2950.0,0,4.0,0,3,7
S0424073,Safari Kamari Ribbed Top,Safari,Tops,T-shirts & Tank Tops,Retired,3550.0,2500.0,4.0,2.0,0,1,7
S0724016,Safari Savannah Men's Long Sleeve Shirt,Safari,Tops,Men's Tops,Retired,6250.0,1850.0,0,3.0,0,4,7
V1124138,Vivo Yene Wide Leg Pants,Vivo,Bottoms,Full Length Pants,Retired,3950.0,2750.0,0,1.0,1.0,5,7
V0824021,Vivo Wila Dolman Tunic,Vivo,Tops,Loose Tops,Retired,4750.0,1850.0,0,5.0,0,2,7
V0422075,Vivo Basic Chiffon Dropped Shoulder Top,Vivo,Tops,Fitted Tops,Retired,2950.0,2950.0,0,4.0,0,3,7
Z0124043,Zoya Luna Cargo Pants,Zoya,Bottoms,Full Length Pants,Retired,3950.0,1050.0,0,0,3.0,4,7
V1124076,Vivo Meli Sleeveless Coat,Vivo,Outerwear,Jackets & Coats,Retired,3250.0,3250.0,1.0,2.0,0,3,6
Z0822110,Zoya Nia Puff Sleeve Off Shoulder Romper,Zoya,Bottoms,Jumpsuits & Playsuits,Retired,2750.0,2750.0,0,0,1.0,5,6
V0822002,Vivo Wingu Puff Sleeve Knee Length Dress,Vivo,Dresses,Knee Length Dresses,Retired,4950.0,3400.0,0,3.0,0,3,6
S0623073,Safari Anga Wide Shorts,Safari,Bottoms,Shorts & Skorts,Retired,3550.0,1050.0,1.0,3.0,0,2,6
V0225030,Vivo Ayah Kimono,Vivo,Outerwear,Waterfalls & Kimonos,Retired,4950.0,4950.0,0,1.0,1,4,6
V0225029,Vivo Ayana Wide High Low Top,Vivo,Tops,Loose Tops,Retired,2900.0,1350.0,4.0,0,1.0,1,6
V0523123,Vivo Basic Double Layered Wrap Poncho (Without Fringe),Vivo,Outerwear,Sweaters & Ponchos,Retired,5550.0,5550.0,0,1.0,2.0,0,6
Z0724070,Zoya Banda Men's Wide Pants,Zoya,Bottoms,Men's Bottoms,Retired,4250.0,1250.0,0,0,0,6,6
V0125003,Vivo Yene Layered Midi Dress,Vivo,Dresses,Midi & Capri Dresses,Retired,5950.0,2350.0,1.0,2.0,0,3,6
S1123101,Safari Lira Drawstring Knee Length Dress,Safari,Dresses,Knee Length Dresses,Retired,6250.0,6250.0,5.0,0,0,1,6
S0724014,Safari Savannah Front Slit Midi Skirt,Safari,Skirts,Midi & Capri Skirts,Retired,5550.0,5550.0,0,4.0,0,2,6
Z0324049,Zoya Yuni Halter Midriff Top,Zoya,Tops,Midriff & Crop Tops,Retired,1250.0,700.0,0,4.0,0,2,6
Sample & Sale Items,Sample & Sale Items,Vivo,Sale,Sample & Sale Items,Retired,6950.0,650.0,1.0,0,5.0,0,6
V0325044,Vivo Basic Strappy Cowl Top,Vivo,Tops,Fitted Tops,Retired,2550.0,2550.0,0,3.0,0,3,6
V0525071,Vivo Maisha Straight Leg Pants in Crepe,Vivo,Bottoms,Full Length Pants,Retired,5900.0,2950.0,3.0,0,2.0,1,6
V0624095,Vivo Hamle Side Twist Tie Bodycon,Vivo,Dresses,Knee Length Dresses,Retired,4950.0,3400.0,3.0,0,0,3,6
V0924074,Vivo Leila Short Sleeve Bodycon,Vivo,Dresses,Knee Length Dresses,Retired,3550.0,3550.0,0,1.0,0,5,6
V0719254,Vivo Destiny Chiffon Top,Vivo,Tops,Loose Tops,Retired,3950.0,1250.0,1.0,5.0,0,0,6
V1019045,Vivo Basic Liv Chiffon Top,Vivo,Tops,Loose Tops,Retired,2950.0,1150.0,0,5.0,0,1,6
Z0124039,Zoya Luna Drape Tie Top,Zoya,Tops,Loose Tops,Retired,2950.0,950.0,0,0,0,6,6
VE0008Y,Vivo Essentials Bodycon,Vivo,Dresses,Knee Length Dresses,Retired,3950.0,1050.0,0,0,4,2,6
Z0225009,Zoya Vasha Biker Shorts,Zoya,Bottoms,Shorts & Skorts,Retired,950.0,950.0,0,0,2.0,4,6
V0525026,Vivo Maisha Wide Kimono,Vivo,Outerwear,Waterfalls & Kimonos,Retired,4500.0,3150.0,2.0,0,2.0,2,6
V1023042,Vivo Ava 3/4 Sleeve Kimono,Vivo,Outerwear,Waterfalls & Kimonos,Retired,4950.0,3450.0,1.0,0,1.0,4,6
Z1024023,Zoya Aridi Leggings,Zoya,Bottoms,Leggings,Retired,950.0,500.0,0,0,0,6,6
VE0008B,Vivo Essentials Bodycon,Vivo,Dresses,Knee Length Dresses,Retired,3950.0,3950.0,1.0,2.0,0,3,6
V1024063,Vivo Basic Hooded Kimono,Vivo,Outerwear,Waterfalls & Kimonos,Retired,5550.0,2750.0,0,3.0,0,2,6
V0921140,Vivo Alek 3/4 Sleeve A-Line Maxi Kimono,Vivo,Outerwear,Waterfalls & Kimonos,Retired,4550.0,4550.0,3.0,0,0,3,6
S0423039,Safari Men's Chinese Collar Long Sleeve Shirt,Safari,Tops,Men's Tops,Retired,0,2700.0,0,2.0,0,4,6
V0422075,Vivo Basic Chiffon Dropped Shoulder Top,Vivo,Tops,Fitted Tops,Retired,2950.0,1150.0,3.0,0,2.0,1,6
V0524181,Vivo Kitenge Infinity Jumpsuit,Vivo,Bottoms,Jumpsuits & Playsuits,Retired,4950.0,1950.0,1.0,2.0,0,3,6
Z0924034,Zoya Temo Straight Leg Pants,Zoya,Bottoms,Full Length Pants,Retired,2250.0,1450.0,0,2.0,0,4,6
V0125033,Vivo Yene Front Tie Tunic Top,Vivo,Tops,Fitted Tops,Retired,3550.0,2450.0,2.0,0,4,0,6
S0123088,Safari Mali 3/4 Bishop Sleeve Tie Top,Safari,Tops,Fitted Tops,Retired,4250.0,3000.0,0,1.0,0,5,6
V0225011,Vivo Niari straight leg Pants,Vivo,Bottoms,Full Length Pants,Retired,3950.0,1950.0,0,1.0,4.0,1,6
V0121134,Vivo Basic Nalia High Low Jersey Top,Vivo,Tops,T-shirts & Tank Tops,Retired,3250.0,1050.0,0,5.0,1.0,0,6
VE0003T,Vivo Essentials Capri Leggings,Vivo,Bottoms,Leggings,Retired,2500.0,2500.0,0,0,6.0,0,6
V0224216,Vivo Safiya Gathered Shoulder Maxi Dress,Vivo,Dresses,Maxi Dresses,Retired,5550.0,3400.0,0,3.0,1.0,2,6
VE0001W,Vivo Essentials Tank Top,Vivo,Tops,T-shirts & Tank Tops,Retired,1550.0,1550.0,0,1.0,3.0,2,6
Z0624020,Zoya Shani Sarong Wrap,Zoya,Skirts,Maxi Skirts,Retired,3250.0,3250.0,0,2.0,0,4,6
S1023063,Safari Zene Tiered Above Knee Dress,Safari,Dresses,Knee Length Dresses,Retired,5550.0,5550.0,0,4.0,0,2,6
S0424073,Safari Kamari Ribbed Top,Safari,Tops,T-shirts & Tank Tops,Retired,3550.0,750.0,0,3.0,0,3,6
V0825008,Vivo Ria Pants & Waterfall Set,Vivo,Two-Piece Sets,Pants & Top Set,Retired,7500.0,7500.0,6.0,0,0,0,6
V0622062,Vivo Basic Cowl Jersey Top,Vivo,Tops,Loose Tops,Retired,2950.0,1150.0,0,1.0,3.0,2,6
V1122145,Vivo Fahari 3/4 Sleeve Shirred Shirt,Vivo,Tops,Fitted Tops,Retired,3250.0,3250.0,0,2.0,0,4,6
V0621112,Vivo Extra Long May Jersey Waterfall,Vivo,Outerwear,Waterfalls & Kimonos,Retired,4550.0,4550.0,0,2.0,2,2,6
V0224240,Vivo Must Have Shorts,Vivo,Bottoms,Shorts & Skorts,Retired,3550.0,2450.0,0,1.0,2,3,6
S0224190,Safari Kamari Halter Shirt,Safari,Tops,Fitted Tops,Retired,3750.0,3050.0,1.0,2.0,0,3,6
Z1024053,Zoya X Metamorphisized 143 Oversized Bowling Shirt,Zoya,Tops,Fitted Tops,Retired,3750.0,3750.0,0,1.0,1.0,4,6
S0624022,Safari Savannah Men's Drawstring Shorts (Regular),Safari,Bottoms,Men's Bottoms,Retired,5550.0,2800.0,0,2.0,1.0,3,6
Z0724103,Zoya Shani Men's Summer Shirt,Zoya,Tops,Men's Tops,Retired,3550.0,1850.0,0,0,2.0,4,6
Z1024057,Zoya X Metamorphisized 143 Cropped Bomber Jacket,Zoya,Outerwear,Jackets & Coats,Retired,3950.0,3250.0,0,1.0,1.0,4,6
V0719112,Vivo Basic Long Sleeved Bodysuit,Vivo,Tops,Bodysuits,Retired,2900.0,850.0,1.0,0,5.0,0,6
V0425046,Vivo Analo Sleeveless Tie Kimono,Vivo,Outerwear,Waterfalls & Kimonos,Retired,3900.0,1550.0,1.0,1.0,0,4,6
S0624019,Safari Savannah Men's Half Placket Shirt,Safari,Tops,Men's Tops,Retired,6250.0,4400.0,0,2.0,0,4,6
V0921140,Vivo Alek 3/4 Sleeve A-Line Maxi Kimono,Vivo,Outerwear,Waterfalls & Kimonos,Retired,4550.0,3150.0,0,0,2.0,3,5
S0423069,Safari Hawi Peplum Bishop Sleeve Wrap Coat,Safari,Outerwear,Jackets & Coats,Retired,3550.0,1050.0,0,0,5,0,5
S0322133,Safari Tawi Bishop Sleeve Tiered Dress,Safari,Dresses,Knee Length Dresses,Retired,5550.0,4950.0,0,0,4.0,1,5
V1023097,Vivo Amara Sleeveless High Low Top,Vivo,Tops,Loose Tops,Retired,2750.0,900.0,1.0,0,0,4,5
V0924033,Vivo Hoodie High Low Poncho,Vivo,Outerwear,Sweaters & Ponchos,Retired,6550.0,6550.0,4.0,0,0,1,5
Z0821148,Zoya Essentials Mini Bodycon,Zoya,Dresses,Short & Mini Dresses,Retired,2750.0,550.0,0,0,2.0,3,5
V0325003,Vivo Niari Boat Neck Dress,Vivo,Dresses,Knee Length Dresses,Retired,4950.0,3550.0,1.0,0,0,4,5
V0325007,Vivo Safa Skirt,Vivo,Skirts,Midi & Capri Skirts,Retired,2950.0,2050.0,0,1.0,0,4,5
S0925040,Safari by Vivo Naledi Bubble Midi Dress,Safari,Dresses,Midi & Capri Dresses,Retired,5800.0,4050.0,0,0,2.0,3,5
S0924003,Safari Mansi Dolman Top,Safari,Tops,T-shirts & Tank Tops,Retired,3950.0,2750.0,1.0,1.0,0,3,5
S0924003,Safari Mansi Dolman Top,Safari,Tops,T-shirts & Tank Tops,Retired,3950.0,1150.0,0,0,2.0,3,5
Z0724060,Zoya Banda Drop Shoulder Unisex Wide Jacket,Zoya,Outerwear,Jackets & Coats,Retired,3550.0,750.0,0,1.0,0,4,5
V0325071,Vivo Safa Slit Side Top,Vivo,Tops,Fitted Tops,Retired,3550.0,3550.0,0,3.0,0,2,5
V0422058,Vivo Basic Tsavo Scalloped Chiffon Top,Vivo,Tops,Fitted Tops,Retired,2750.0,1050.0,0,0,5.0,0,5
Z0225004,Zoya Vasha Sleeveless Turtleneck Mini Bodycon,Zoya,Dresses,Short & Mini Dresses,Retired,1950.0,1950.0,0,1.0,0,4,5
V0220053,Vivo Basic May Jersey Waterfall,Vivo,Outerwear,Waterfalls & Kimonos,Retired,3750.0,1050.0,3.0,0,2.0,0,5
V0525078,Vivo Samira Wide Satin Kimono,Vivo,Outerwear,Waterfalls & Kimonos,Retired,3500.0,3500.0,3.0,0,0,2,5
Z0125027,Zoya Sadira Cargo Shorts,Zoya,Bottoms,Shorts & Skorts,Retired,1950.0,1950.0,0,0,1,4,5
Z0125024,Zoya Sadira Men's Long Sleeve T Shirt,Zoya,Tops,Men's Tops,Retired,1750.0,1750.0,0,0,0,5,5
V0625005,Vivo Alani Pallazo Pants,Vivo,Bottoms,Full Length Pants,Retired,4500.0,4500.0,1.0,0,1,3,5
V0625008,Vivo Ari Short Sleeve Top,Vivo,Tops,T-shirts & Tank Tops,Retired,1900.0,1900.0,1.0,0,1.0,3,5
VE0041A,Vivo Sleeveless Blazer,Vivo,Outerwear,Jackets & Coats,Retired,3950.0,3950.0,0,3.0,0,2,5
S0724084,Safari Savannah Kitenge Chinese Collar Shirt,Safari,Tops,Fitted Tops,Retired,4550.0,3200.0,0,1.0,0,4,5
VE0034M,Vivo Shorts,Vivo,Bottoms,Shorts & Skorts,Retired,0,2450.0,0,0,2,3,5
S0625014,Safari 3/4 Sleeve Maxi Kimono With Headwrap,Safari,Outerwear,Waterfalls & Kimonos,Retired,6400.0,6400.0,0,3.0,0,2,5
S0624028,Safari Savannah Men's Jacket,Safari,Outerwear,Jackets & Coats,Retired,8950.0,1850.0,1.0,1.0,0,3,5
S0624027,Safari Savannah Men's Straight Leg Pants,Safari,Bottoms,Men's Bottoms,Retired,6750.0,3400.0,0,2.0,1.0,2,5
S0623073,Safari Anga Wide Shorts,Safari,Bottoms,Shorts & Skorts,Retired,3550.0,1500.0,0,0,0,5,5
VE0002B,Vivo Essentials Biker Shorts,Vivo,Bottoms,Shorts & Skorts,Retired,1750.0,1750.0,0,0,2.0,3,5
V1223041,Vivo Situ Side Slit Midi Kimono,Vivo,Outerwear,Waterfalls & Kimonos,Retired,5250.0,5250.0,0,1.0,0,4,5
V0725044,Vivo  Tanda A-Line Maxi Dress,Vivo,Dresses,Maxi Dresses,Retired,4900.0,4900.0,1.0,0,3.0,1,5
S1023064,Safari Zene High Low Shirt Dress,Safari,Dresses,Midi & Capri Dresses,Retired,5750.0,4100.0,1.0,0,1.0,3,5
V0821064,Vivo Basic Crepe Cap Sleeved Top,Vivo,Tops,Fitted Tops,Retired,2550.0,2550.0,2.0,0,2,1,5
V0623013,Vivo Zahari Sweatheart Neck Jumpsuit,Vivo,Bottoms,Jumpsuits & Playsuits,Retired,6750.0,2650.0,0,0,2.0,2,4
Z1024053,Zoya X Metamorphisized 143 Oversized Bowling Shirt,Zoya,Tops,Fitted Tops,Retired,3750.0,2250.0,0,0,2.0,2,4
V0320040,Vivo Basic Boundneck Puff Sleeve Top,Vivo,Tops,Fitted Tops,Retired,3250.0,3250.0,0,4.0,0,0,4
V0424158,Vivo Cowl Camisole,Vivo,Tops,Loose Tops,Retired,2550.0,1300.0,0,0,2.0,2,4
V0525043,Vivo Samira Maxi Kimono,Vivo,Outerwear,Waterfalls & Kimonos,Retired,5900.0,4150.0,2.0,0,2.0,0,4
V0225025,Vivo Chela Drawstring Shorts,Vivo,Bottoms,Shorts & Skorts,Retired,2550.0,1350.0,1.0,0,2,1,4
S0923093,Safari Kikoy Wrap Dress,Safari,Dresses,Maxi Dresses,Retired,6950.0,4850.0,0,0,1.0,3,4
V0924042,Vivo Mandla High Neck A-Line Dress,Vivo,Dresses,Knee Length Dresses,Retired,3950.0,1900.0,0,0,0,4,4
V0719261,Vivo Basic Long Sleeved Double Layered Bodycon,Vivo,Dresses,Knee Length Dresses,Retired,4250.0,2450.0,0,0,4.0,0,4
S0724127,Safari Njano Wide Leg Pants,Safari,Bottoms,Full Length Pants,Retired,4750.0,3400.0,0,0,0,4,4
V0719261,Vivo Basic Long Sleeved Double Layered Bodycon,Vivo,Dresses,Knee Length Dresses,Retired,4250.0,2950.0,0,0,1.0,3,4
V0625008,Vivo Ari Short Sleeve Top,Vivo,Tops,T-shirts & Tank Tops,Retired,1900.0,1350.0,0,0,3.0,1,4
V0819126,Vivo Basic Tulip Sweater,Vivo,Outerwear,Sweaters & Ponchos,Retired,3900.0,2500.0,0,0,4.0,0,4
Z0424109,Zoya Men's Cargo Pants,Zoya,Bottoms,Men's Bottoms,Retired,3250.0,2300.0,0,0,0,4,4
Z0424110,Zoya Yuni Men's Sweatshirt,Zoya,Tops,Men's Tops,Retired,2750.0,1900.0,0,0,0,4,4
V0923047,Vivo Ava Tent Flounce Maxi Dress,Vivo,Dresses,Maxi Dresses,Retired,6900.0,4850.0,0,0,0,4,4
V1024002,Vivo Merika Knee Length Wrap Dress,Vivo,Dresses,Knee Length Dresses,Retired,5950.0,2350.0,1.0,0,2.0,1,4
V0719839,Vivo Basic Sleeveless Long Lily Waterfall,Vivo,Outerwear,Waterfalls & Kimonos,Retired,4550.0,1450.0,1.0,2.0,0,1,4
Z0125025,Zoya Sadira Mini Bubble Dress,Zoya,Dresses,Short & Mini Dresses,Retired,2550.0,2250.0,0,1.0,0,3,4
V0719839,Vivo Basic Sleeveless Long Lily Waterfall,Vivo,Outerwear,Waterfalls & Kimonos,Retired,4550.0,1750.0,1.0,1.0,0,2,4
S1023059,Safari Zene Drop Shoulder Top,Safari,Tops,Loose Tops,Retired,3250.0,1100.0,0,3.0,0,1,4
V1024029,Vivo Kelemi Ruffle Sleeve Top,Vivo,Tops,Loose Tops,Retired,4550.0,4550.0,0,2.0,0,2,4
V1024032,Vivo Beali Shorts,Vivo,Bottoms,Shorts & Skorts,Retired,3550.0,1850.0,0,2.0,0,2,4
V1123047,Vivo Hanabi Wrap Maxi Dress,Vivo,Dresses,Maxi Dresses,Retired,6950.0,4050.0,2.0,0,0,2,4
S0424075,Safari Huru Halter Sleeveless High Low Dress,Safari,Dresses,Midi & Capri Dresses,Retired,5750.0,4050.0,0,0,0,4,4
V0125032,Vivo Yene Jumpsuit,Vivo,Bottoms,Jumpsuits & Playsuits,Retired,5550.0,3850.0,0,0,3,1,4
Z1123050,Zoya Party Low V-Neck Bodysuit,Zoya,Tops,Bodysuits,Retired,1950.0,1950.0,0,0,0,4,4
VE0003M,Vivo Essentials Capri Leggings,Vivo,Bottoms,Leggings,Retired,2500.0,1750.0,0,0,4.0,0,4
VE0002M,Vivo Essentials Biker Shorts,Vivo,Bottoms,Shorts & Skorts,Retired,1750.0,1750.0,0,1.0,0,3,4
V0524171,Vivo Zahari Straight Leg Pants,Vivo,Bottoms,Full Length Pants,Retired,4550.0,1600.0,0,1.0,0,3,4
S1023066,Safari Kikoy Tunic High Low Top,Safari,Tops,Loose Tops,Retired,5250.0,1500.0,2.0,0,0,2,4
V1024066,Vivo Wena High Slit Maxi Shirt,Vivo,Tops,Loose Tops,Retired,4250.0,1750.0,0,0,4.0,0,4
V0723079,Vivo Soleil Handkerchief Drape Wide Top,Vivo,Tops,Loose Tops,Retired,3750.0,1450.0,0,0,4.0,0,4
Z0724071,Zoya Banda Men's Cargo Pants,Zoya,Bottoms,Men's Bottoms,Retired,3950.0,2800.0,0,0,0,4,4
Z1024021,Zoya Aridi Cropped Jacket,Zoya,Outerwear,Jackets & Coats,Retired,2250.0,2250.0,0,0,0,4,4
V0324043,Vivo Amai Side Slit Pants,Vivo,Bottoms,Full Length Pants,Retired,4250.0,2150.0,1.0,0,0,3,4
S0925046,Safari Tafari Shorts,Safari,Bottoms,Shorts & Skorts,Retired,2800.0,1950.0,0,0,0,4,4
V0622041,Vivo Mistari 3/4 Sleeve V,Vivo,Tops,Loose Tops,Retired,3550.0,2450.0,0,2.0,0,2,4
Z0124042,Zoya Luna Drawstring Maxi Dress,Zoya,Dresses,Maxi Dresses,Retired,0,550.0,0,0,0,4,4
V0120092,Vivo Basic Long Sleeved Bishop Top,Vivo,Tops,Fitted Tops,Retired,3250.0,1150.0,1.0,0,2,1,4
V0424124,Vivo Chesi Wide Leg Pants,Vivo,Bottoms,Full Length Pants,Retired,4550.0,4550.0,0,0,1.0,3,4
V1225006,Vivo Maisha Kimono & Pant Set,Vivo,Two-Piece Sets,Pants & Waterfall Set,Retired,7500.0,7500.0,0,0,2.0,2,4
V0724132,Vivo Situ Off-Shoulder Tie Maxi Dress,Vivo,Dresses,Maxi Dresses,Retired,5900.0,4150.0,1.0,0,2.0,1,4
S0424041,Safari Men's Kitenge Drawstring Shorts,Safari,Bottoms,Men's Bottoms,Retired,3550.0,3550.0,0,0,2.0,2,4
S0923114,Safari Kikoy Joggers,Safari,Bottoms,Full Length Pants,Retired,3950.0,1920.0,0,3.0,0,1,4
V1124094,Vivo Serwa Crepe Pants,Vivo,Bottoms,Full Length Pants,Retired,4250.0,2950.0,0,1.0,2,1,4
S1023065,Safari Zene Off Shoulder Dress,Safari,Dresses,Knee Length Dresses,Retired,5950.0,5950.0,0,1.0,0,3,4
V0225007,Vivo Ayah 3/4 Sleeve Jumpsuit,Vivo,Bottoms,Jumpsuits & Playsuits,Retired,5950.0,2350.0,0,1.0,2.0,1,4
V0124028,Vivo Tande Boat Neck Dress,Vivo,Dresses,Knee Length Dresses,Retired,4950.0,3450.0,0,1.0,0,3,4
Z0624006,Zoya Shani Off Shoulder Crop Top,Zoya,Tops,Midriff & Crop Tops,Retired,2250.0,1400.0,0,0,3.0,1,4
S0923093,Safari Kikoy Wrap Dress,Safari,Dresses,Maxi Dresses,Retired,6950.0,6950.0,4.0,0,0,0,4
V0325069,Vivo Analo Wide Leg Pants,Vivo,Bottoms,Full Length Pants,Retired,3900.0,2750.0,0,1.0,2.0,1,4
Z0324057,Zoya Yuni Halter Dress,Zoya,Tops,T-shirts & Tank Tops,Retired,2750.0,550.0,0,0,0,4,4
Z0324066,Zoya Yuni High Slit Dress,Zoya,Dresses,Maxi Dresses,Retired,2550.0,2550.0,0,0,0,4,4
V0125036,Vivo Isabi Cowl Top,Vivo,Tops,Fitted Tops,Retired,2550.0,2550.0,0,3.0,0,1,4
VE0032A,Vivo Wide-Leg Pants,Vivo,Bottoms,Full Length Pants,Retired,4550.0,2250.0,0,0,2.0,2,4
Z0324052,Zoya Yuni Off Shoulder Bodysuit,Zoya,Tops,Bodysuits,Retired,2750.0,550.0,0,1.0,0,3,4
V0323019,Vivo Basic V-neck Cap Sleeve Top,Vivo,Tops,T-shirts & Tank Tops,Retired,2550.0,450.0,0,1.0,0,3,4
V0523146,Vivo Leila Hip Length Waterfall,Vivo,Outerwear,Waterfalls & Kimonos,Retired,3750.0,1050.0,1.0,1.0,2.0,0,4
Z0324067,Zoya Yuni Sleeveless Turtle Neck Maxi Top,Zoya,Tops,Fitted Tops,Retired,2250.0,450.0,0,1.0,0,3,4
V0323018,Vivo Basic Strappy Bodycon Dress,Vivo,Dresses,Knee Length Dresses,Retired,3550.0,2500.0,4.0,0,0,0,4
Z0225011,Zoya Vasha Raglan Sleeve Playsuit,Zoya,Bottoms,Jumpsuits & Playsuits,Retired,2550.0,2550.0,0,0,0,4,4
Z0324067,Zoya Yuni Sleeveless Turtle Neck Maxi Top,Zoya,Tops,Fitted Tops,Retired,2250.0,1200.0,0,0,0,4,4
V0424168,Vivo Chiffon Wide Kimono,Vivo,Outerwear,Waterfalls & Kimonos,Retired,4950.0,1950.0,0,2.0,0,2,4
Z1123052,Zoya Party Cowl Bare Back Mini Dress,Zoya,Dresses,Short & Mini Dresses,Retired,2750.0,1375.0,0,0,0,4,4
Z0822087,Zoya Nia Wide Leg Shorts,Zoya,Bottoms,Shorts & Skorts,Retired,2550.0,2550.0,0,0,1.0,3,4
VE0060D,Vivo Nimali Satin Flounce Kimono,Vivo,Outerwear,Waterfalls & Kimonos,Retired,5950.0,4150.0,2.0,0,1,1,4
V0423052,Vivo Basic V-Neck Long Sleeve Top,Vivo,Tops,T-shirts & Tank Tops,Retired,2750.0,750.0,0,2.0,1.0,1,4
Z0822099,Zoya Nia Cargo Shorts,Zoya,Bottoms,Shorts & Skorts,Retired,2550.0,2550.0,1.0,0,0,3,4
V0423030,Vivo Imara Puff Sleeve Sheath Dress,Vivo,Dresses,Knee Length Dresses,Retired,4250.0,2150.0,2.0,0,2,0,4
V0122102,Vivo Faraji Side Slit Leisure Pants,Vivo,Bottoms,Full Length Pants,Retired,3950.0,1250.0,1.0,1.0,1,1,4
V0724047,Vivo Nkasi Wide Leg Pants,Vivo,Bottoms,Full Length Pants,Retired,4250.0,4250.0,0,0,0,3,3
V0224233,Vivo Reba Hi Low  Dress,Vivo,Dresses,Knee Length Dresses,Retired,5950.0,5950.0,0,0,0,3,3
S0223179,Safari Mali Bishop Sleeve Tent Dress,Safari,Dresses,Knee Length Dresses,Retired,5950.0,3600.0,0,1.0,0,2,3
V0724094,Vivo Hadiya Flounce Sleeve Maxi Dress,Vivo,Dresses,Maxi Dresses,Retired,6250.0,6250.0,1.0,0,0,2,3
V0725004,Vivo Alani Plaid Midi Dress,Vivo,Dresses,Midi & Capri Dresses,Retired,3900.0,1950.0,0,0,1.0,2,3
S0224196,Safari Kamari Wide Leg Pants,Safari,Bottoms,Full Length Pants,Retired,4750.0,1450.0,0,0,3.0,0,3
S0224190,Safari Kamari Halter Shirt,Safari,Tops,Fitted Tops,Retired,3750.0,650.0,0,1.0,0,2,3
V0822022,Vivo Basic Sleeveless Tent Dress,Vivo,Dresses,Knee Length Dresses,Retired,4900.0,3450.0,0,0,2.0,1,3
V0225005,Vivo Ayah Shirred Neck Tent Maxi Dress,Vivo,Dresses,Maxi Dresses,Retired,6950.0,4850.0,0,0,0,3,3
V1120033,Vivo Lamu Knee Length Chiffon Dress,Vivo,Dresses,Knee Length Dresses,Retired,4250.0,2950.0,0,0,0,3,3
S0923079,Safari Kikoy Off Shoulder Crop Top,Safari,Tops,Midriff & Crop Tops,Retired,2250.0,450.0,0,0,0,3,3
Z0324056,Zoya Yuni Off shoulder Mini Dress,Zoya,Dresses,Short & Mini Dresses,Retired,2750.0,550.0,0,1.0,0,2,3
S1024011,Safari Chui Placket Top,Safari,Tops,Fitted Tops,Retired,5250.0,5250.0,1.0,1.0,0,1,3
Z0324004,Zoya Taani Side Slit Hoodie,Zoya,Outerwear,Hoodies & Sweatshirts,Retired,3250.0,3250.0,0,0,2.0,1,3
Z0225007,Zoya Vasha Hooded Jacket,Zoya,Outerwear,Jackets & Coats,Retired,2950.0,550.0,0,0,1.0,2,3
V0824081,Vivo Chidii Off Shoulder Maxi Dress,Vivo,Dresses,Maxi Dresses,Retired,5950.0,4150.0,0,0,3.0,0,3
S0824068,Safari Savannah Kitenge Shacket,Safari,Outerwear,Jackets & Coats,Retired,5950.0,5950.0,0,0,0,3,3
Z0324070,Zoya Yuni One Shoulder Crop Top,Zoya,Tops,Midriff & Crop Tops,Retired,1250.0,350.0,0,0,0,3,3
V1122192,Vivo Basic Sleeveless Midi Jersey Waterfall,Vivo,Outerwear,Waterfalls & Kimonos,Retired,3250.0,1350.0,0,1.0,0,2,3
V0524167,Vivo Satin Drawstring Pants,Vivo,Bottoms,Full Length Pants,Retired,4550.0,1550.0,0,2.0,0,1,3
V0424160,Vivo Hooded Kimono With Elastic Cuff,Vivo,Outerwear,Waterfalls & Kimonos,Retired,6950.0,6950.0,0,0,0,3,3
S0123088,Safari Mali 3/4 Bishop Sleeve Tie Top,Safari,Tops,Fitted Tops,Retired,4250.0,1100.0,0,0,0,3,3
V0524194,Vivo Cuffed Wide Sweater,Vivo,Outerwear,Sweaters & Ponchos,Retired,6550.0,4550.0,0,0,3.0,0,3
Z1123052,Zoya Party Cowl Bare Back Mini Dress,Zoya,Dresses,Short & Mini Dresses,Retired,2750.0,1050.0,0,0,0,3,3
V0125062,Vivo Isabi Bodysuit,Vivo,Tops,Bodysuits,Retired,2250.0,2250.0,1.0,0,0,2,3
Z0424110,Zoya Yuni Men's Sweatshirt,Zoya,Tops,Men's Tops,Retired,2750.0,2750.0,0,0,3.0,0,3
V0424124,Vivo Chesi Wide Leg Pants,Vivo,Bottoms,Full Length Pants,Retired,4550.0,2750.0,0,1.0,0,2,3
V1123036,Vivo Sanyu Maxi Tent Dress,Vivo,Dresses,Maxi Dresses,Retired,6750.0,4750.0,0,0,3.0,0,3
V0525079,Vivo Maisha Top & Pant Set,Vivo,Two-Piece Sets,Pants & Top Set,Retired,5900.0,4150.0,0,0,2,1,3
V1223014,Vivo Dua Satin Bishop Sleeve Top,Vivo,Tops,Loose Tops,Retired,3550.0,3550.0,0,0,0,3,3
V0424100,Vivo Tatari Panelled Skirt,Vivo,Skirts,Knee Length Skirts,Retired,3250.0,1650.0,0,1.0,1.0,1,3
Z0125023,Zoya Sadira Men's Polo T-Shirt,Zoya,Tops,Men's Tops,Retired,1950.0,1950.0,0,0,3.0,0,3
S0724137,Safari Njano Front Drawstring Tunic Top,Safari,Tops,Loose Tops,Retired,4950.0,3450.0,0,1.0,1.0,1,3
S1024009,Safari Chui 3/4 Sleeve A-Line Dress,Safari,Dresses,Knee Length Dresses,Retired,7750.0,7750.0,0,0,0,3,3
Z0719149,Zoya Basic Capri Leggings,Zoya,Bottoms,Leggings,Retired,1950.0,350.0,0,0,3.0,0,3
Z0724018,Zoya Shani Men's Drawstring Shorts,Zoya,Bottoms,Men's Bottoms,Retired,2550.0,750.0,0,0,0,3,3
V0422058,Vivo Basic Tsavo Scalloped Chiffon Top,Vivo,Tops,Fitted Tops,Retired,2750.0,2750.0,0,0,0,3,3
V0125033,Vivo Yene Front Tie Tunic Top,Vivo,Tops,Fitted Tops,Retired,3550.0,1750.0,0,0,0,3,3
Z0724059,Zoya Banda Waist Length Zipped Jacket,Zoya,Outerwear,Jackets & Coats,Retired,3950.0,750.0,0,1.0,0,2,3
Z0124042,Zoya Luna Drawstring Maxi Dress,Zoya,Dresses,Maxi Dresses,Retired,0,2950.0,0,0,0,3,3
V0624024,Vivo Kitenge Tie Top,Vivo,Tops,Loose Tops,Retired,4550.0,2250.0,0,0,3.0,0,3
V0624024,Vivo Kitenge Tie Top,Vivo,Tops,Loose Tops,Retired,4550.0,4550.0,0,0,0,3,3
V0624025,Vivo Kitenge Strappy Tie Back Top,Vivo,Tops,Loose Tops,Retired,2900.0,2050.0,0,1.0,0,2,3
Z0124041,Zoya Luna High Slit Dress,Zoya,Dresses,Maxi Dresses,Retired,850.0,550.0,0,0,0,3,3
Z0724061,Zoya Banda Unisex Letterman Jacket,Zoya,Outerwear,Jackets & Coats,Retired,3950.0,1850.0,0,0,0,3,3
S0124010,Safari Haya Strappy Tie Back Maxi Dress,Safari,Dresses,Maxi Dresses,Retired,4250.0,2080.0,0,1.0,2.0,0,3
VE0060L,Vivo Nimali Satin Flounce Kimono,Vivo,Outerwear,Waterfalls & Kimonos,Retired,5950.0,2350.0,1.0,0,0,2,3
Z1219015,Zoya Basic Val Tank Top,Zoya,Tops,T-shirts & Tank Tops,Retired,1550.0,1300.0,0,0,3.0,0,3
V0325069,Vivo Analo Wide Leg Pants,Vivo,Bottoms,Full Length Pants,Retired,3900.0,1950.0,0,2.0,0,1,3
V0120092,Vivo Basic Long Sleeved Bishop Top,Vivo,Tops,Fitted Tops,Retired,3250.0,2950.0,0,1.0,1.0,1,3
Z1024059,Zoya X Metamorphisized 143 Cropped Jacket,Zoya,Outerwear,Jackets & Coats,Retired,2550.0,2550.0,0,0,1.0,2,3
V0325044,Vivo Basic Strappy Cowl Top,Vivo,Tops,Fitted Tops,Retired,2550.0,950.0,0,0,1.0,2,3
VE0050S,Vivo Joggers,Vivo,Bottoms,Full Length Pants,Retired,0,1350.0,0,0,0,3,3
V1124143,Vivo Meli Ruffle Sleeve Top,Vivo,Tops,Loose Tops,Retired,3550.0,3550.0,0,1.0,0,2,3
VE0050N,Vivo Joggers,Vivo,Bottoms,Full Length Pants,Retired,0,2750.0,0,0,0,3,3
VE0050B,Vivo Joggers,Vivo,Bottoms,Full Length Pants,Retired,0,2750.0,0,0,2,1,3
V0819126,Vivo Basic Tulip Sweater,Vivo,Outerwear,Sweaters & Ponchos,Retired,3900.0,3550.0,0,0,3.0,0,3
V0325042,Vivo Kelemi 4.0 Halter Maxi Dress,Vivo,Dresses,Maxi Dresses,Retired,7950.0,7950.0,0,1.0,0,2,3
V0821064,Vivo Basic Crepe Cap Sleeved Top,Vivo,Tops,Fitted Tops,Retired,2550.0,750.0,1.0,0,1.0,1,3
VE0034A,Vivo Shorts,Vivo,Bottoms,Shorts & Skorts,Retired,0,3550.0,0,0,3,0,3
V0625040,Vivo Alani Boat Neck Midi Dress,Vivo,Dresses,Midi & Capri Dresses,Retired,3900.0,1950.0,0,0,3.0,0,3
V1124111,Vivo Seli Maxi Skirt,Vivo,Skirts,Maxi Skirts,Retired,4250.0,1750.0,0,1.0,1.0,1,3
V0323019,Vivo Basic V-neck Cap Sleeve Top,Vivo,Tops,T-shirts & Tank Tops,Retired,2550.0,950.0,0,1.0,1.0,1,3
V0625044,Vivo Iyana Tank Top,Vivo,Tops,Midriff & Crop Tops,Retired,1900.0,1350.0,0,1.0,0,2,3
V0625049,Vivo Iyana Cape Top,Vivo,Tops,Loose Tops,Retired,3900.0,2750.0,1.0,0,1,1,3
S0224181,Safari Kamari Long Sleeve Drawstring Shacket,Safari,Outerwear,Jackets & Coats,Retired,5550.0,2250.0,0,1.0,0,2,3
Z0822081,Zoya Nia Off Shoulder Puff Sleeve Top,Zoya,Tops,Midriff & Crop Tops,Retired,2250.0,2250.0,0,0,0,3,3
VE0032P,Vivo Kitenge Wide Leg Pants,Vivo,Bottoms,Full Length Pants,Retired,4550.0,1850.0,0,0,0,3,3
V0122102,Vivo Faraji Side Slit Leisure Pants,Vivo,Bottoms,Full Length Pants,Retired,3950.0,1350.0,0,0,3.0,0,3
V0323015,Vivo Asika Kaftan Tunic,Vivo,Tops,Loose Tops,Retired,3250.0,1150.0,0,2.0,0,1,3
S1023064,Safari Zene High Low Shirt Dress,Safari,Dresses,Midi & Capri Dresses,Retired,5750.0,4050.0,0,0,0,3,3
VE0029I,Vivo Tiered Shirt Dress,Vivo,Dresses,Knee Length Dresses,Retired,0,5500.0,0,0,3,0,3
VE0020T,Vivo Essentials Lounge Pants,Vivo,Bottoms,Full Length Pants,Retired,4800.0,1950.0,0,0,1.0,2,3
V0125001,Vivo Yene One Shoulder Maxi Dress,Vivo,Dresses,Maxi Dresses,Retired,5950.0,2350.0,0,0,1,2,3
S0325065,Safari Naledi Gathered Panel Maxi Skirt,Safari,Skirts,Maxi Skirts,Retired,6400.0,4450.0,0,0,0,3,3
V0924032,Vivo Lalani Rib Maxi Waterfall,Vivo,Outerwear,Waterfalls & Kimonos,Retired,6950.0,1350.0,0,0,1,2,3
V0923089,Vivo Ava Shirt Collar Tunic Top,Vivo,Tops,Loose Tops,Retired,3900.0,2750.0,0,2.0,0,1,3
V0224142,Vivo Vinna Slit Sleeve Top,Vivo,Tops,Fitted Tops,Retired,3550.0,2450.0,0,0,2.0,1,3
S0322135,Safari Tawi Shirt Collar Bishop Sleeve Tiered Dress,Safari,Dresses,Knee Length Dresses,Retired,4950.0,2800.0,2.0,0,0,1,3
V1023086,Vivo Sanyu Pleated Pants,Vivo,Bottoms,Full Length Pants,Retired,4250.0,1350.0,0,0,1.0,2,3
V0224142,Vivo Vinna Slit Sleeve Top,Vivo,Tops,Fitted Tops,Retired,3550.0,3550.0,0,0,0,3,3
V1024043,Vivo Beali Two Way Wrap Top,Vivo,Tops,Midriff & Crop Tops,Retired,3250.0,1550.0,0,1.0,0,2,3
V0922009,Vivo Pesi Drop Shoulder Tunic,Vivo,Tops,Fitted Tops,Retired,3750.0,2050.0,0,1.0,0,2,3
V0919039,Vivo Basic Puff Sleeved Bodycon,Vivo,Dresses,Knee Length Dresses,Retired,4750.0,4750.0,0,2.0,0,0,3
V0919039,Vivo Basic Puff Sleeved Bodycon,Vivo,Dresses,Knee Length Dresses,Retired,4750.0,3350.0,0,1.0,0,2,3
S0224135,Safari Kaya Sleeveless Tent Shirt Dress,Safari,Dresses,Knee Length Dresses,Retired,5750.0,5750.0,0,1.0,0,2,3
V0919039,Vivo Basic Puff Sleeved Bodycon,Vivo,Dresses,Knee Length Dresses,Retired,4750.0,1850.0,0,0,2.0,1,3
V0723079,Vivo Soleil Handkerchief Drape Wide Top,Vivo,Tops,Loose Tops,Retired,3750.0,3750.0,0,1.0,0,2,3
V0724037,Vivo Nkasi Asymmetrical Top,Vivo,Tops,Loose Tops,Retired,3250.0,2250.0,0,0,0,3,3
S0224196,Safari Kamari Wide Leg Pants,Safari,Bottoms,Full Length Pants,Retired,4750.0,2900.0,2.0,0,1,0,3
S0322128,Safari Tawi Off Shoulder Knee Length Dress,Safari,Dresses,Knee Length Dresses,Retired,4950.0,450.0,0,2.0,0,0,2
V0124045,Vivo Arafa Long Sleeve Tie Dress,Vivo,Dresses,Knee Length Dresses,Retired,4950.0,450.0,0,0,2.0,0,2
V0125008,Vivo Yene Asymmetrical Cape Top,Vivo,Tops,Loose Tops,Retired,3750.0,1450.0,1.0,0,0,1,2
V0125033,Vivo Yene Front Tie Tunic Top,Vivo,Tops,Fitted Tops,Retired,3550.0,1650.0,0,0,1.0,1,2
V0125036,Vivo Isabi Cowl Top,Vivo,Tops,Fitted Tops,Retired,2550.0,1750.0,1.0,1.0,0,0,2
V0220007,Vivo Basic Double Layered Long Sleeved Bodysuit,Vivo,Tops,Bodysuits,Retired,2900.0,2000.0,2.0,0,0,0,2
V0220060,Zoya Capri Leggings,Zoya,Bottoms,Leggings,Retired,1950.0,350.0,0,0,2.0,0,2
V0224140,Vivo Vinna Escape A-Line Dress,Vivo,Dresses,Knee Length Dresses,Retired,4950.0,1450.0,0,1.0,0,1,2
V0224142,Vivo Vinna Slit Sleeve Top,Vivo,Tops,Fitted Tops,Retired,3550.0,1250.0,0,0,0,2,2
S1023065,Safari Zene Off Shoulder Dress,Safari,Dresses,Knee Length Dresses,Retired,5950.0,4150.0,0,0,0,2,2
V0225007,Vivo Ayah 3/4 Sleeve Jumpsuit,Vivo,Bottoms,Jumpsuits & Playsuits,Retired,5950.0,1650.0,1.0,0,0,1,2
V0225025,Vivo Chela Drawstring Shorts,Vivo,Bottoms,Shorts & Skorts,Retired,2550.0,950.0,0,0,2.0,0,2
S1023059,Safari Zene Drop Shoulder Top,Safari,Tops,Loose Tops,Retired,3250.0,1050.0,0,2.0,0,0,2
V0225029,Vivo Ayana Wide High Low Top,Vivo,Tops,Loose Tops,Retired,2900.0,750.0,1.0,0,1.0,0,2
V0322088,Vivo Jamila Halter Neck Knee Length Dress,Vivo,Dresses,Knee Length Dresses,Retired,4550.0,3150.0,0,0,1.0,1,2
V0323058,Vivo Basic Long Sleeve Tent Shirt Dress,Vivo,Dresses,Knee Length Dresses,Retired,5250.0,2150.0,0,0,2,0,2
V0325020,Vivo Tahisa Loose Top,Vivo,Tops,Loose Tops,Retired,3250.0,2250.0,0,0,1.0,1,2
V0325042,Vivo Kelemi 4.0 Halter Maxi Dress,Vivo,Dresses,Maxi Dresses,Retired,7950.0,2250.0,0,1.0,0,1,2
V0325069,Vivo Analo Wide Leg Pants,Vivo,Bottoms,Full Length Pants,Retired,3900.0,1550.0,0,0,1.0,1,2
V0422058,Vivo Basic Tsavo Scalloped Chiffon Top,Vivo,Tops,Fitted Tops,Retired,2750.0,750.0,0,1.0,1.0,0,2
V0422077,Vivo Basic Sienna Jersey Top,Vivo,Tops,T-shirts & Tank Tops,Retired,2550.0,1200.0,0,1.0,0,1,2
V0422149,Vivo Zena Bishop Panel Long Sleeve Round Neck Dress,Vivo,Dresses,Knee Length Dresses,Retired,4950.0,3450.0,1.0,0,0,1,2
V0422149,Vivo Zena Bishop Panel Long Sleeve Round Neck Dress,Vivo,Dresses,Knee Length Dresses,Retired,4950.0,4950.0,1.0,0,0,1,2
V0423055,Vivo Leila Cap Sleeve Tent Knee Length Dress,Vivo,Dresses,Knee Length Dresses,Retired,4550.0,3150.0,0,0,0,2,2
V0424127,Vivo Dua Dolman Top,Vivo,Tops,Loose Tops,Retired,3550.0,1450.0,0,1.0,0,1,2
V0424160,Vivo Hooded Kimono With Elastic Cuff,Vivo,Outerwear,Waterfalls & Kimonos,Retired,6950.0,1950.0,0,0,0,2,2
V0425007,Vivo Rema High Low Maxi Dress,Vivo,Dresses,Midi & Capri Dresses,Retired,3900.0,2750.0,0,0,0,2,2
V0425046,Vivo Analo Sleeveless Tie Kimono,Vivo,Outerwear,Waterfalls & Kimonos,Retired,3900.0,1050.0,0,1.0,0,1,2
V0425048,Vivo Rema Drawstring Pants,Vivo,Bottoms,Full Length Pants,Retired,3500.0,2450.0,1.0,0,0,1,2
V0523155,Vivo Sia Leisure Pants,Vivo,Bottoms,Full Length Pants,Retired,3550.0,1150.0,0,0,2.0,0,2
V0523184,Vivo Laika Long Sleeve Tie Top,Vivo,Tops,Loose Tops,Retired,3950.0,2750.0,0,1.0,0,1,2
V0524167,Vivo Satin Drawstring Pants,Vivo,Bottoms,Full Length Pants,Retired,4550.0,1250.0,0,0,2.0,0,2
V0524171,Vivo Zahari Straight Leg Pants,Vivo,Bottoms,Full Length Pants,Retired,4550.0,1150.0,0,0,0,2,2
V0524194,Vivo Cuffed Wide Sweater,Vivo,Outerwear,Sweaters & Ponchos,Retired,6550.0,6550.0,0,0,0,2,2
V0525061,Vivo Alani Boat Neck Maxi Dress,Vivo,Dresses,Maxi Dresses,Retired,4500.0,4500.0,0,0,2,0,2
S0724130,Safari Njano Tie Front Wide Top,Safari,Tops,Loose Tops,Retired,4750.0,2350.0,0,1.0,0,1,2
V0623014,Vivo Zahari Off-Shoulder Maxi Dress,Vivo,Dresses,Maxi Dresses,Retired,6250.0,6250.0,0,0,0,2,2
V0623026,Vivo Maisha Long Sleeve High Low Kimono,Vivo,Outerwear,Waterfalls & Kimonos,Retired,4500.0,4500.0,0,0,1,1,2
V0624002,Vivo Tatari Dropped High Neck Top,Vivo,Tops,Fitted Tops,Retired,3550.0,1650.0,0,0,1.0,1,2
V0624095,Vivo Hamle Side Twist Tie Bodycon,Vivo,Dresses,Knee Length Dresses,Retired,4950.0,3450.0,1.0,0,0,1,2
V0625028,Vivo Diella 3/4 Sleeve Pleated Dress,Vivo,Sale,Sample & Sale Items,Retired,4900.0,3900.0,2.0,0,0,0,2
V0625032,Vivo Aleri A-Line Pleated Dress,Vivo,Dresses,Knee Length Dresses,Retired,5500.0,2250.0,0,0,1.0,1,2
S0625014,Safari 3/4 Sleeve Maxi Kimono With Headwrap,Safari,Outerwear,Waterfalls & Kimonos,Retired,6400.0,4450.0,1.0,0,0,1,2
V0625045,Vivo Iyana Bow Tie Mini Dress,Vivo,Dresses,Short & Mini Dresses,Retired,5500.0,3850.0,0,0,2,0,2
V0719112,Vivo Basic Long Sleeved Bodysuit,Vivo,Tops,Bodysuits,Retired,2900.0,1800.0,1.0,0,1.0,0,2
V0719113,Vivo Basic Long Sleeved Top,Vivo,Tops,T-shirts & Tank Tops,Retired,2535.0,1400.0,0,2.0,0,0,2
V0719121,Vivo Basic Straight Maxi Dress,Vivo,Dresses,Maxi Dresses,Retired,5950.0,5950.0,1.0,0,0,1,2
V0719553,Vivo Mock Neck Tent Maxi Dress,Vivo,Dresses,Maxi Dresses,Retired,4750.0,3350.0,0,0,0,2,2
V0719839,Vivo Basic Sleeveless Long Lily Waterfall,Vivo,Outerwear,Waterfalls & Kimonos,Retired,4550.0,1650.0,0,1.0,1.0,0,2
V0722033,Vivo Basic Julia 3/4 Sleeve Back Pleat Maxi Dress,Vivo,Dresses,Maxi Dresses,Retired,5950.0,2050.0,0,0,2.0,0,2
V0723048,Vivo Sawari Long Sleeve V-Neck Midriff Top,Vivo,Tops,Fitted Tops,Retired,3950.0,1000.0,0,0,2,0,2
V0723098,Vivo Malindi Tunic Dress With Frills,Vivo,Dresses,Short & Mini Dresses,Retired,6550.0,4550.0,1.0,0,1.0,0,2
V0724094,Vivo Hadiya Flounce Sleeve Maxi Dress,Vivo,Dresses,Maxi Dresses,Retired,6250.0,3050.0,0,0,0,2,2
S0623056,Safari Anga Puffy Short Sleeve Tie Top,Safari,Tops,Midriff & Crop Tops,Retired,3250.0,650.0,0,1.0,0,1,2
V0725044,Vivo  Tanda A-Line Maxi Dress,Vivo,Dresses,Maxi Dresses,Retired,4900.0,3450.0,0,0,0,2,2
V0819064,Vivo Basic Long Lily Waterfall,Vivo,Outerwear,Waterfalls & Kimonos,Retired,5250.0,1750.0,0,0,0,2,2
V0819064,Vivo Basic Long Lily Waterfall,Vivo,Outerwear,Waterfalls & Kimonos,Retired,5250.0,2250.0,0,1.0,1.0,0,2
S0623035,Safari Hawi Cargo Pants,Safari,Bottoms,Full Length Pants,Retired,5250.0,3650.0,0,0,0,2,2
V0821190,Vivo Tsavo Sleeveless Scalloped Hem Dress Top,Vivo,Tops,Fitted Tops,Retired,3250.0,1150.0,1.0,0,1.0,0,2
V0822027,Vivo Tana Off Shoulder Maxi Dress,Vivo,Dresses,Maxi Dresses,Retired,6750.0,4750.0,0,1.0,0,1,2
V0822027,Vivo Tana Off Shoulder Maxi Dress,Vivo,Dresses,Maxi Dresses,Retired,6750.0,6750.0,0,0,1.0,1,2
V0824073,Vivo Amai Knee Length Dresses,Vivo,Dresses,Knee Length Dresses,Retired,5950.0,5950.0,0,0,1.0,1,2
V0825002,Vivo Tanda Handkerchief Drape Top,Vivo,Tops,Loose Tops,Retired,3900.0,2750.0,1.0,0,0,1,2
V0825008,Vivo Ria Pants & Waterfall Set,Vivo,Two-Piece Sets,Pants & Top Set,Retired,7500.0,5250.0,1.0,0,0,1,2
S0424047,Safari Men's Cargo Pants,Safari,Bottoms,Men's Bottoms,Retired,5950.0,2950.0,0,0,0,2,2
V0920021,Vivo Basic Tolani Jersey Dress,Vivo,Dresses,Knee Length Dresses,Retired,4950.0,2450.0,0,0,2.0,0,2
V0920021,Vivo Basic Tolani Jersey Dress,Vivo,Dresses,Knee Length Dresses,Retired,4950.0,3450.0,0,0,2.0,0,2
V0923023,Vivo Zaria Long Sleeve Coat,Vivo,Outerwear,Jackets & Coats,Retired,4550.0,3150.0,0,1.0,0,1,2
S0423039,Safari Men's Chinese Collar Long Sleeve Shirt,Safari,Tops,Men's Tops,Retired,0,1850.0,0,0,0,2,2
V1022057,Vivo Basic Maternity Leggings,Vivo,Bottoms,Full Length Pants,Retired,2750.0,1050.0,0,0,2.0,0,2
V1023018,Vivo Sarabi Strappy Low Back Maxi Dress,Vivo,Dresses,Maxi Dresses,Retired,5950.0,4150.0,0,0,0,2,2
V1023070,Vivo Sanyu Bubble Off,Vivo,Tops,Loose Tops,Retired,3250.0,1350.0,1.0,0,1.0,0,2
V1023100,Vivo Amara Back Pleat Dress,Vivo,Dresses,Knee Length Dresses,Retired,5250.0,2480.0,0,0,0,2,2
V1024002,Vivo Merika Knee Length Wrap Dress,Vivo,Dresses,Knee Length Dresses,Retired,5950.0,1650.0,2.0,0,0,0,2
V1024031,Vivo Beali Baby Doll Dress,Vivo,Dresses,Short & Mini Dresses,Retired,6950.0,4850.0,0,0,0,2,2
V1024032,Vivo Beali Shorts,Vivo,Bottoms,Shorts & Skorts,Retired,3550.0,1350.0,0,0,1.0,1,2
V1024037,Vivo Beali Sarong Skirt,Vivo,Skirts,Midi & Capri Skirts,Retired,4250.0,1750.0,0,0,0,2,2
S0224193,Safari Kamari Cotton Shorts,Safari,Bottoms,Shorts & Skorts,Retired,3550.0,1650.0,1.0,0,0,1,2
V1122193,Vivo Basic Sleeveless Extra Long Lily Waterfall,Vivo,Outerwear,Waterfalls & Kimonos,Retired,4950.0,1350.0,1.0,0,0,1,2
V1123012,Vivo Hanabi Off,Vivo,Tops,Loose Tops,Retired,3250.0,1050.0,0,0,0,2,2
V1123113,Vivo Hanabi Tent Maxi Dress,Vivo,Dresses,Maxi Dresses,Retired,6900.0,4850.0,0,0,0,2,2
V1123125,Vivo Lero Fitness Leggings,Vivo,Bottoms,Full Length Pants,Retired,2550.0,525.0,0,0,0,2,2
V1123158,Vivo Mira Reversible Wrap Top,Vivo,Tops,Fitted Tops,Retired,2750.0,1000.0,0,1.0,0,1,2
V1124076,Vivo Meli Sleeveless Coat,Vivo,Outerwear,Jackets & Coats,Retired,3250.0,1350.0,1.0,0,0,1,2
V1124094,Vivo Serwa Crepe Pants,Vivo,Bottoms,Full Length Pants,Retired,4250.0,2150.0,0,0,2,0,2
V1124110,Vivo Seli Shorts,Vivo,Bottoms,Shorts & Skorts,Retired,2550.0,1750.0,0,0,1.0,1,2
V1124111,Vivo Seli Maxi Skirt,Vivo,Skirts,Maxi Skirts,Retired,4250.0,2950.0,0,0,1,1,2
V1124138,Vivo Yene Wide Leg Pants,Vivo,Bottoms,Full Length Pants,Retired,3950.0,3900.0,1.0,0,0,1,2
V1223014,Vivo Dua Satin Bishop Sleeve Top,Vivo,Tops,Loose Tops,Retired,3550.0,2450.0,0,1.0,0,1,2
V1223022,Vivo Ajani V-Neck Shift Dress,Vivo,Dresses,Knee Length Dresses,Retired,4750.0,4750.0,0,0,0,2,2
V1223038,Vivo Hanabi High Low Top,Vivo,Tops,Loose Tops,Retired,3250.0,2750.0,0,1.0,0,1,2
V1225006,Vivo Maisha Kimono & Pant Set,Vivo,Two-Piece Sets,Pants & Waterfall Set,Retired,7500.0,5250.0,0,0,2,0,2
VE0001M,Vivo Essentials Tank Top,Vivo,Tops,T-shirts & Tank Tops,Retired,1550.0,1050.0,0,0,0,2,2
VE0002W,Vivo Essentials Biker Shorts,Vivo,Bottoms,Shorts & Skorts,Retired,1750.0,850.0,0,0,2.0,0,2
VE0006W,Vivo Essentials Full Length Leggings,Vivo,Bottoms,Leggings,Retired,1950.0,1950.0,0,0,2.0,0,2
VE0017B,Vivo Essentials Bandeau,Vivo,Tops,Midriff & Crop Tops,Retired,750.0,525.0,2.0,0,0,0,2
VE0028B,Vivo Trench Coat,Vivo,Outerwear,Jackets & Coats,Retired,0,5950.0,0,0,2,0,2
VE0029S,Vivo Tiered Shirt Dress,Vivo,Dresses,Knee Length Dresses,Retired,3350.0,1950.0,0,0,2.0,0,2
S0223023,Safari Nimali Ruffle Sleeve Top,Safari,Tops,Midriff & Crop Tops,Retired,2950.0,850.0,0,0,1.0,1,2
VE0034K,Vivo Shorts,Vivo,Bottoms,Shorts & Skorts,Retired,0,2450.0,1.0,0,0,1,2
VE0034S,Vivo Shorts,Vivo,Bottoms,Shorts & Skorts,Retired,0,2450.0,0,0,0,2,2
VE0041M,Vivo Sleeveless Blazer,Vivo,Outerwear,Jackets & Coats,Retired,3950.0,2750.0,0,0,0,2,2
VE0042P,Vivo Kitenge Bubble Sleeve Tent Dress,Vivo,Dresses,Knee Length Dresses,Retired,5250.0,3650.0,0,0,2.0,0,2
VE0049P,Vivo Kitenge Midi Kimono,Vivo,Outerwear,Waterfalls & Kimonos,Retired,4950.0,3450.0,1.0,0,0,1,2
VE0050L,Vivo Joggers,Vivo,Bottoms,Full Length Pants,Retired,0,3900.0,0,0,2,0,2
VE0054L,Vivo Nimali Satin Halter Top,Vivo,Tops,Fitted Tops,Retired,2550.0,950.0,0,0,0,2,2
VE0055D,Vivo Nimali Satin Joggers,Vivo,Bottoms,Full Length Pants,Retired,0,1450.0,0,0,0,2,2
VE0060P,Vivo Nimali Satin Flounce Kimono,Vivo,Outerwear,Waterfalls & Kimonos,Retired,5950.0,4150.0,1.0,0,0,1,2
VE00NAT,Vivo Joggers,Vivo,Bottoms,Full Length Pants,Retired,3900.0,3900.0,0,0,2,0,2
Z0125022,Zoya Sadira Midriff Polo T-Shirt,Zoya,Tops,T-shirts & Tank Tops,Retired,1550.0,1050.0,0,0,0,2,2
S0123088,Safari Mali 3/4 Bishop Sleeve Tie Top,Safari,Tops,Fitted Tops,Retired,4250.0,2950.0,0,0,0,2,2
Z0220118,Zoya Basic Bodycon,Zoya,Dresses,Short & Mini Dresses,Retired,2950.0,2100.0,0,0,2.0,0,2
Z0225008,Zoya Vasha Short Sleeve Mesh Top,Zoya,Tops,Midriff & Crop Tops,Retired,750.0,250.0,0,2.0,0,0,2
Z0225010,Zoya Vasha Track Pants,Zoya,Bottoms,Full Length Pants,Retired,2550.0,450.0,0,0,2.0,0,2
Z0324024,Zoya Naya One Shoulder Flounce Satin Crop Top,Zoya,Tops,Midriff & Crop Tops,Retired,2950.0,1800.0,0,0,0,2,2
Z0324046,Zoya Yuni Oversized Shirt,Zoya,Tops,Loose Tops,Retired,4950.0,3300.0,0,0,0,2,2
Z0324049,Zoya Yuni Halter Midriff Top,Zoya,Tops,Midriff & Crop Tops,Retired,1250.0,150.0,0,0,0,2,2
Z0324049,Zoya Yuni Halter Midriff Top,Zoya,Tops,Midriff & Crop Tops,Retired,1250.0,250.0,0,0,0,2,2
RFS0125,Vivo Knee length Dress,Vivo,Sale,Sample & Sale Items,Retired,6000.0,1050.0,0,1.0,0,1,2
Z0324071,Zoya Yuni Contrast Stitch Mini Skirt,Zoya,Skirts,Short & Mini Skirts,Retired,2550.0,1300.0,0,0,0,2,2
Z0724022,Zoya Basic Short Sleeve Crop Top,Zoya,Tops,Midriff & Crop Tops,Retired,1550.0,1550.0,0,0,1.0,1,2
Z0724101,Zoya Basic Halter Tie Top,Zoya,Tops,Midriff & Crop Tops,Retired,1250.0,250.0,0,0,0,2,2
Z0724101,Zoya Basic Halter Tie Top,Zoya,Tops,Midriff & Crop Tops,Retired,1250.0,350.0,0,0,0,2,2
Z0822092,Zoya Nia Crop Bomber Jacket,Zoya,Outerwear,Jackets & Coats,Retired,2950.0,2950.0,0,0,0,2,2
Z0822098,Zoya Nia Wide Leg Denim Pants,Zoya,Bottoms,Full Length Pants,Retired,2950.0,2950.0,0,0,0,2,2
Z0924064,Zoya Aridi Unisex Shacket (Corduroy),Zoya,Outerwear,Jackets & Coats,Retired,2950.0,1500.0,0,0,2.0,0,2
Z1024021,Zoya Aridi Cropped Jacket,Zoya,Outerwear,Jackets & Coats,Retired,2250.0,2050.0,0,1.0,1.0,0,2
Z1024050,Zoya X Metamorphisized 143 Raglan Sleeve Crop Top,Zoya,Tops,Midriff & Crop Tops,Retired,1250.0,850.0,0,0,0,2,2
Z1024050,Zoya X Metamorphisized 143 Raglan Sleeve Crop Top,Zoya,Tops,Midriff & Crop Tops,Retired,1250.0,1250.0,0,0,0,2,2
Sample & Sale Items,Sample & Sale Items,Vivo,Sale,Sample & Sale Items,Retired,6950.0,550.0,0,0,2.0,0,2
V0823185,Vivo Naya Flounce Sleeve Kimono,Vivo,Outerwear,Waterfalls & Kimonos,Retired,6250.0,4350.0,0,0,0,1,1
V0823141,Vivo Golf Fly Front Shorts,Vivo,Bottoms,Shorts & Skorts,Retired,3250.0,560.0,0,0,0,1,1
P21TX94,Key Hole Halter with Seamed Body,Third Party Brands,Tops,Midriff & Crop Tops,Retired,600.0,400.0,0,0,1.0,0,1
V1123113,Vivo Hanabi Tent Maxi Dress,Vivo,Dresses,Maxi Dresses,Retired,6900.0,6900.0,0,0,0,1,1
Z0822086,Zoya Nia Oversized Denim Shirt,Zoya,Outerwear,Jackets & Coats,Retired,2950.0,2950.0,0,0,0,1,1
V1123138,Vivo Sanali Off,Vivo,Tops,Loose Tops,Retired,2550.0,1050.0,0,0,0,1,1
V1123154,Vivo Mira Straight Leg Pants,Vivo,Bottoms,Full Length Pants,Retired,4250.0,3150.0,0,0,0,1,1
V1123157,Vivo Mira V-Neck Overlap Top,Vivo,Tops,Loose Tops,Retired,3550.0,1850.0,0,0,0,1,1
V0822027,Vivo Tana Off Shoulder Maxi Dress,Vivo,Dresses,Maxi Dresses,Retired,6750.0,1950.0,0,0,1.0,0,1
Z0822087,Zoya Nia Wide Leg Shorts,Zoya,Bottoms,Shorts & Skorts,Retired,2550.0,450.0,0,0,1,0,1
V1123168,Vivo Sakari V-Neck Drop Shoulder Top,Vivo,Tops,Loose Tops,Retired,2550.0,950.0,0,0,0,1,1
V0323018,Vivo Basic Strappy Bodycon Dress,Vivo,Dresses,Knee Length Dresses,Retired,3550.0,1750.0,1.0,0,0,0,1
S0524199,Safari Kitenge T-Shirt,Safari,Tops,Men's Tops,Retired,1950.0,550.0,0,0,1.0,0,1
V0821190,Vivo Tsavo Sleeveless Scalloped Hem Dress Top,Vivo,Tops,Fitted Tops,Retired,3250.0,1450.0,1.0,0,0,0,1
V1124094,Vivo Serwa Crepe Pants,Vivo,Bottoms,Full Length Pants,Retired,4250.0,1350.0,0,0,1.0,0,1
S1124144,Safari Sizani 2 Way Wrap Top,Safari,Tops,Midriff & Crop Tops,Retired,6250.0,2250.0,0,0,0,1,1
S0525067,Safari Tara Crop Shacket,Safari,Outerwear,Jackets & Coats,Retired,3800.0,2650.0,0,0,0,1,1
V0125032,Vivo Yene Jumpsuit,Vivo,Bottoms,Jumpsuits & Playsuits,Retired,5550.0,2250.0,0,0,1.0,0,1
V1124110,Vivo Seli Shorts,Vivo,Bottoms,Shorts & Skorts,Retired,2550.0,2550.0,0,0,1.0,0,1
V0821064,Vivo Basic Crepe Cap Sleeved Top,Vivo,Tops,Fitted Tops,Retired,2550.0,1750.0,1.0,0,0,0,1
V0322154,Vivo Jasiri Bishop Sleeve Shift Dress,Vivo,Dresses,Knee Length Dresses,Retired,4250.0,4250.0,0,0,1,0,1
S0224135,Safari Kaya Sleeveless Tent Shirt Dress,Safari,Dresses,Knee Length Dresses,Retired,5750.0,4050.0,0,0,0,1,1
S0525068,Safari Tara Barell Pants,Safari,Bottoms,Full Length Pants,Retired,4800.0,3350.0,1.0,0,0,0,1
V0321038,Vivo 3/4 Sleeve J.O Jersey A-line Knee Length Dress,Vivo,Dresses,Knee Length Dresses,Retired,3950.0,3950.0,1.0,0,0,0,1
V1124143,Vivo Meli Ruffle Sleeve Top,Vivo,Tops,Loose Tops,Retired,3550.0,1250.0,0,1.0,0,0,1
V1124143,Vivo Meli Ruffle Sleeve Top,Vivo,Tops,Loose Tops,Retired,3550.0,1350.0,0,0,0,1,1
V0819126,Vivo Basic Tulip Sweater,Vivo,Outerwear,Sweaters & Ponchos,Retired,3900.0,2450.0,1.0,0,0,0,1
V1124153,Vivo Chari Basic Chiffon Bishop Sleeve Top (Double Layered),Vivo,Tops,Fitted Tops,Retired,2950.0,2050.0,0,0,0,1,1
V1124156,Vivo Chari Shift Dress,Vivo,Dresses,Knee Length Dresses,Retired,4950.0,1350.0,0,0,1,0,1
S0224135,Safari Kaya Sleeveless Tent Shirt Dress,Safari,Dresses,Knee Length Dresses,Retired,5750.0,2850.0,0,0,0,1,1
S0223186,Safari Kaya Long Sleeve Shirt Dress,Safari,Dresses,Knee Length Dresses,Retired,5950.0,5950.0,1.0,0,0,0,1
V1222304,Vivo Dali 3/4 Cut Out Sleeve Maxi Dress,Vivo,Dresses,Maxi Dresses,Retired,6250.0,1850.0,0,0,0,1,1
S0223186,Safari Kaya Long Sleeve Shirt Dress,Safari,Dresses,Knee Length Dresses,Retired,5950.0,4150.0,0,0,0,1,1
Z0824040,Zoya Temo Parachute Pants,Zoya,Bottoms,Full Length Pants,Retired,2250.0,450.0,0,0,0,1,1
V0819101,Vivo Basic Dada Poncho,Vivo,Outerwear,Sweaters & Ponchos,Retired,4950.0,4950.0,1.0,0,0,0,1
V1223016,Vivo Yumi Long Sleeve Tent Shirt Dress,Vivo,Dresses,Knee Length Dresses,Retired,4550.0,3150.0,0,0,0,1,1
V1223017,Vivo Yumi Long Sleeve Shirt Dress,Vivo,Dresses,Knee Length Dresses,Retired,4250.0,950.0,0,0,0,1,1
V1223018,Vivo Tana Puff Sleeve A-Line Dress,Vivo,Dresses,Knee Length Dresses,Retired,4550.0,1750.0,0,0,1.0,0,1
V1223020,Vivo Lero Capri Leggings,Vivo,Bottoms,Full Length Pants,Retired,2250.0,250.0,0,0,1.0,0,1
P21DX80,Lace-Up Back Spaghetti-Strap Dress,Third Party Brands,Dresses,Short & Mini Dresses,Retired,1700.0,640.0,0,0,1.0,0,1
V0819011,Vivo Basic Abby Loose Top,Vivo,Tops,Loose Tops,Retired,3250.0,2275.0,1.0,0,0,0,1
S0623047,Safari Basic Shirt Tent Dress,Safari,Dresses,Knee Length Dresses,Retired,5250.0,3700.0,0,0,1.0,0,1
V0320040,Vivo Basic Boundneck Puff Sleeve Top,Vivo,Tops,Fitted Tops,Retired,3250.0,1350.0,1.0,0,0,0,1
V0725029,Vivo Ari Sleeveless Straight Maxi Slit Dress,Vivo,Dresses,Maxi Dresses,Retired,4900.0,3450.0,1.0,0,0,0,1
V1223058,Vivo Alika High Waist Pants,Vivo,Bottoms,Full Length Pants,Retired,4950.0,4950.0,0,0,1.0,0,1
V1223064,Vivo Asha High Low Top,Vivo,Tops,Loose Tops,Retired,3550.0,1450.0,0,0,0,1,1
V0225032,Vivo Ayah Shirred Cuff Loose Top,Vivo,Tops,Fitted Tops,Retired,3550.0,1850.0,0,0,0,1,1
V0724107,Vivo Paji Boat Neck Sheath Dress,Vivo,Dresses,Knee Length Dresses,Retired,4250.0,4250.0,0,1.0,0,0,1
V0724094,Vivo Hadiya Flounce Sleeve Maxi Dress,Vivo,Dresses,Maxi Dresses,Retired,6250.0,4350.0,0,0,1.0,0,1
Z0824050,Zoya Temo Men's Patched Straight Leg Pants,Zoya,Bottoms,Men's Bottoms,Retired,2250.0,450.0,0,0,0,1,1
Z1219015,Zoya Basic Val Tank Top,Zoya,Tops,T-shirts & Tank Tops,Retired,1550.0,1000.0,0,0,1.0,0,1
V0724038,Vivo Nkasi Wide Top,Vivo,Tops,Loose Tops,Retired,3950.0,1350.0,0,1.0,0,0,1
V0723074,Vivo Jira Maxi Skirt,Vivo,Skirts,Midi & Capri Skirts,Retired,4250.0,1750.0,0,0,1.0,0,1
V0723068,Vivo Jira Scoop Neck Jumpsuit,Vivo,Bottoms,Jumpsuits & Playsuits,Retired,5250.0,550.0,1.0,0,0,0,1
S0223033,Safari Nimali 3/4 Sleeve Maxi Dress,Safari,Dresses,Maxi Dresses,Retired,6950.0,4850.0,0,0,0,1,1
V0723065,Vivo Jira Lounge Pants,Vivo,Bottoms,Full Length Pants,Retired,3950.0,2750.0,0,0,1.0,0,1
V0723065,Vivo Jira Lounge Pants,Vivo,Bottoms,Full Length Pants,Retired,3950.0,1050.0,0,0,1.0,0,1
VE0002T,Vivo Essentials Biker Shorts,Vivo,Bottoms,Shorts & Skorts,Retired,1750.0,1750.0,0,0,0,1,1
Z0824050,Zoya Temo Men's Patched Straight Leg Pants,Zoya,Bottoms,Men's Bottoms,Retired,2250.0,650.0,0,0,1.0,0,1
V0723048,Vivo Sawari Long Sleeve V-Neck Midriff Top,Vivo,Tops,Fitted Tops,Retired,3950.0,1920.0,0,0,1,0,1
V0723042,Vivo Val 3/4 Sleeve Top,Vivo,Tops,T-shirts & Tank Tops,Retired,1750.0,750.0,0,0,1.0,0,1
VE0006T,Vivo Essentials Full Length Leggings,Vivo,Bottoms,Leggings,Retired,1950.0,1950.0,0,0,0,1,1
V0225025,Vivo Chela Drawstring Shorts,Vivo,Bottoms,Shorts & Skorts,Retired,2550.0,1750.0,0,0,1.0,0,1
V0722033,Vivo Basic Julia 3/4 Sleeve Back Pleat Maxi Dress,Vivo,Dresses,Maxi Dresses,Retired,5950.0,2350.0,1.0,0,0,0,1
V0719828,Vivo Yoga Wrap,Vivo,Outerwear,Waterfalls & Kimonos,Retired,4750.0,1150.0,0,1.0,0,0,1
V0719677,Vivo Basic Short Lily Waterfall,Vivo,Outerwear,Waterfalls & Kimonos,Retired,4500.0,2450.0,1.0,0,0,0,1
V0719261,Vivo Basic Long Sleeved Double Layered Bodycon,Vivo,Dresses,Knee Length Dresses,Retired,4250.0,2600.0,1.0,0,0,0,1
V0719261,Vivo Basic Long Sleeved Double Layered Bodycon,Vivo,Dresses,Knee Length Dresses,Retired,4250.0,1350.0,0,0,1.0,0,1
V0719254,Vivo Destiny Chiffon Top,Vivo,Tops,Loose Tops,Retired,3950.0,1050.0,0,0,1.0,0,1
VE0013B,Vivo Essentials Strappy Maxi Dress,Vivo,Dresses,Maxi Dresses,Retired,4750.0,2850.0,0,0,1,0,1
Z0920119,Zoya Fitness Shorts,Zoya,Bottoms,Shorts & Skorts,Retired,500.0,200.0,0,0,1.0,0,1
V0719121,Vivo Basic Straight Maxi Dress,Vivo,Dresses,Maxi Dresses,Retired,5950.0,2950.0,1.0,0,0,0,1
Z0920129,Zoya Fitness Bra Style # 2,Zoya,Tops,Midriff & Crop Tops,Retired,900.0,100.0,0,0,1.0,0,1
VE0028N,Vivo Trench Coat,Vivo,Outerwear,Jackets & Coats,Retired,0,5950.0,0,0,1,0,1
V0719113,Vivo Basic Long Sleeved Top,Vivo,Tops,T-shirts & Tank Tops,Retired,2535.0,525.0,0,0,1.0,0,1
VE0029K,Vivo Tiered Shirt Dress,Vivo,Dresses,Knee Length Dresses,Retired,5500.0,3850.0,0,0,1.0,0,1
Z0922062,Zoya Basic Long Sleeve Top,Zoya,Tops,Fitted Tops,Retired,1950.0,1600.0,0,0,0,1,1
VE0031A,Vivo Long Sleeve Blazer,Vivo,Outerwear,Jackets & Coats,Retired,3900.0,3900.0,0,0,0,1,1
Z1124124,Zoya Kyro Pleated Mini Skirt,Zoya,Skirts,Short & Mini Skirts,Retired,1550.0,450.0,0,0,0,1,1
V0719007,Vivo Basic 3/4 Sleeve A-Line Wrap Maxi Dress,Vivo,Dresses,Maxi Dresses,Retired,4550.0,1650.0,0,0,0,1,1
V0719007,Vivo Basic 3/4 Sleeve A-Line Wrap Maxi Dress,Vivo,Dresses,Maxi Dresses,Retired,4550.0,1050.0,1.0,0,0,0,1
S0223023,Safari Nimali Ruffle Sleeve Top,Safari,Tops,Midriff & Crop Tops,Retired,2950.0,2050.0,0,0,1.0,0,1
P21DX79,Double O-ring Cami Dress,Third Party Brands,Dresses,Short & Mini Dresses,Retired,900.0,560.0,0,0,1.0,0,1
V0625018,Vivo Alani High Low Dress,Vivo,Dresses,Knee Length Dresses,Retired,5500.0,3850.0,0,0,1,0,1
V0225011,Vivo Niari straight leg Pants,Vivo,Bottoms,Full Length Pants,Retired,3950.0,2750.0,0,0,0,1,1
S0625017,Shiv & Shikie X Safari Short Sleeve Shirt,Third Party Brands,Tops,Men's Tops,Retired,4800.0,4800.0,0,0,1.0,0,1
V0124028,Vivo Tande Boat Neck Dress,Vivo,Dresses,Knee Length Dresses,Retired,4950.0,4950.0,0,0,0,1,1
V0625015,Vivo Selah Double Layered Coat,Vivo,Outerwear,Jackets & Coats,Retired,4500.0,2750.0,0,0,0,1,1
V0225005,Vivo Ayah Shirred Neck Tent Maxi Dress,Vivo,Dresses,Maxi Dresses,Retired,6950.0,3350.0,0,0,1.0,0,1
V0224238,Vivo 2-Way Wrap Top,Vivo,Tops,Fitted Tops,Retired,3250.0,2250.0,0,0,0,1,1
VE0049P,Vivo Kitenge Midi Kimono,Vivo,Outerwear,Waterfalls & Kimonos,Retired,4950.0,1750.0,0,0,0,1,1
Z1024004,Zoya Aridi Unisex Shacket (Flannel),Zoya,Outerwear,Jackets & Coats,Retired,2950.0,2950.0,0,0,1.0,0,1
V0625015,Vivo Selah Double Layered Coat,Vivo,Outerwear,Jackets & Coats,Retired,4500.0,2250.0,0,0,1.0,0,1
V0122114,Vivo Basic Neo Extra Long Lily Waterfall,Vivo,Outerwear,Waterfalls & Kimonos,Retired,4550.0,1650.0,0,0,0,1,1
V0625015,Vivo Selah Double Layered Coat,Vivo,Outerwear,Jackets & Coats,Retired,4500.0,1850.0,0,0,0,1,1
V0624105,Vivo Hamle Drapped Front Bodycon,Vivo,Dresses,Knee Length Dresses,Retired,5550.0,2350.0,0,0,1.0,0,1
VE0054B,Vivo Nimali Satin Halter Top,Vivo,Tops,Fitted Tops,Retired,0,1750.0,0,0,1.0,0,1
VE0054D,Vivo Nimali Satin Halter Top,Vivo,Tops,Fitted Tops,Retired,2550.0,1750.0,0,0,0,1,1
V0224233,Vivo Reba Hi Low  Dress,Vivo,Dresses,Knee Length Dresses,Retired,5950.0,4150.0,0,0,0,1,1
VE0054P,Vivo Nimali Satin Halter Top,Vivo,Tops,Fitted Tops,Retired,2550.0,1350.0,0,0,0,1,1
V0624100,Vivo Nasinka Wrap Dress,Vivo,Dresses,Knee Length Dresses,Retired,5950.0,2350.0,0,0,0,1,1
V0224213,Vivo Safiya Maxi Dress,Vivo,Dresses,Maxi Dresses,Retired,5950.0,2950.0,1.0,0,0,0,1
S0125049,Safari Tiwa Shirred Top,Safari,Tops,Fitted Tops,Retired,2800.0,850.0,0,0,0,1,1
Z1219015,Zoya Basic Val Tank Top,Zoya,Tops,T-shirts & Tank Tops,Retired,1550.0,1100.0,0,0,1.0,0,1
V0624073,Vivo Kala Gathered Front Top,Vivo,Tops,T-shirts & Tank Tops,Retired,3250.0,1350.0,0,0,0,1,1
V0624069,Vivo Kala Slit Maxi Dress,Vivo,Dresses,Maxi Dresses,Retired,6950.0,3120.0,0,0,1.0,0,1
VE0055W,Vivo Nimali Satin Joggers,Vivo,Bottoms,Full Length Pants,Retired,0,2050.0,0,0,0,1,1
V0624067,Vivo Kala Palazzo Pants,Vivo,Bottoms,Full Length Pants,Retired,4950.0,1750.0,0,0,0,1,1
V0624067,Vivo Kala Palazzo Pants,Vivo,Bottoms,Full Length Pants,Retired,4950.0,1150.0,0,0,0,1,1
VE0060P,Vivo Nimali Satin Flounce Kimono,Vivo,Outerwear,Waterfalls & Kimonos,Retired,5950.0,1650.0,0,0,0,1,1
S1122036,Safari Mara Wide Bishop Sleeve Top,Safari,Tops,Loose Tops,Retired,4500.0,3150.0,0,0,0,1,1
VE0078B,Vivo Essentials Drop Shoulder Top,Vivo,Tops,Loose Tops,Retired,0,2500.0,1.0,0,0,0,1
VE0078Y,Vivo Essentials Drop Shoulder Top,Vivo,Tops,Loose Tops,Retired,1750.0,1750.0,0,0,0,1,1
V0120033,Vivo Wide Liv Chiffon Maxi,Vivo,Dresses,Maxi Dresses,Retired,4250.0,2950.0,1.0,0,0,0,1
Z0123051,Zoya Party Strappy One Shoulder Midi Dress,Zoya,Dresses,Midi & Capri Dresses,Retired,2550.0,700.0,0,0,0,1,1
Z0123053,Zoya Party Sleeveless Side Cut Midi Dress,Zoya,Dresses,Midi & Capri Dresses,Retired,2550.0,500.0,0,0,0,1,1
V0624061,Vivo Alora Long Sleeve Top,Vivo,Tops,Fitted Tops,Retired,3550.0,1150.0,0,0,0,1,1
V0624060,Vivo Hamle Bias Twist Dress,Vivo,Dresses,Knee Length Dresses,Retired,5250.0,1450.0,1.0,0,0,0,1
V0624053,Vivo Hamle Front Twist Bodysuit,Vivo,Tops,Bodysuits,Retired,3750.0,1050.0,0,0,1.0,0,1
V0624047,Vivo Hamle Side Twist Tie Top,Vivo,Tops,Fitted Tops,Retired,3550.0,450.0,0,0,1.0,0,1
V0624032,Vivo Nasinka Ruffle Sleeve Jumpsuit,Vivo,Bottoms,Jumpsuits & Playsuits,Retired,6750.0,5500.0,0,0,0,1,1
S0724088,Safari Savannah Midi Wrap Dress,Safari,Dresses,Midi & Capri Dresses,Retired,9250.0,6450.0,0,0,0,1,1
V0624006,Vivo Alora Round Neck Top,Vivo,Tops,Fitted Tops,Retired,5500.0,1250.0,0,0,1.0,0,1
Z0124043,Zoya Luna Cargo Pants,Zoya,Bottoms,Full Length Pants,Retired,3950.0,750.0,0,0,0,1,1
V0623026,Vivo Maisha Long Sleeve High Low Kimono,Vivo,Outerwear,Waterfalls & Kimonos,Retired,4500.0,2250.0,0,0,1,0,1
Z0124043,Zoya Luna Cargo Pants,Zoya,Bottoms,Full Length Pants,Retired,3950.0,1150.0,0,0,1.0,0,1
V0623003,Vivo Zahari Dolman Tie Kimono,Vivo,Outerwear,Waterfalls & Kimonos,Retired,3950.0,1400.0,1.0,0,0,0,1
V0622079,Vivo Wingu Three Tiered Knee Length Dress,Vivo,Dresses,Knee Length Dresses,Retired,5500.0,2350.0,0,1.0,0,0,1
Z1024051,Zoya X Metamorphisized 143 Raglan Sleeve Midriff Top,Zoya,Tops,Midriff & Crop Tops,Retired,1550.0,1550.0,0,0,0,1,1
V0622009,Vivo Jema High Slit Maxi Kimono,Vivo,Outerwear,Waterfalls & Kimonos,Retired,4250.0,2950.0,0,1.0,0,0,1
S0824026,Safari Njano Mens Bound Neck Shirt,Safari,Tops,Men's Tops,Retired,4250.0,1550.0,0,0,1.0,0,1
S0824026,Safari Njano Mens Bound Neck Shirt,Safari,Tops,Men's Tops,Retired,4250.0,2950.0,0,0,1.0,0,1
S0124010,Safari Haya Strappy Tie Back Maxi Dress,Safari,Dresses,Maxi Dresses,Retired,4250.0,1450.0,0,0,1,0,1
V0620079,Vivo Basic Trench Coat,Vivo,Outerwear,Jackets & Coats,Retired,4950.0,3450.0,1.0,0,0,0,1
V0525079,Vivo Maisha Top & Pant Set,Vivo,Two-Piece Sets,Pants & Top Set,Retired,5900.0,2050.0,0,0,0,1,1
Z0125029,Zoya Sadira Bell Bottom Unitard,Zoya,Bottoms,Jumpsuits & Playsuits,Retired,2250.0,450.0,0,0,1.0,0,1
V0525026,Vivo Maisha Wide Kimono,Vivo,Outerwear,Waterfalls & Kimonos,Retired,4500.0,1250.0,0,0,1.0,0,1
V0224140,Vivo Vinna Escape A-Line Dress,Vivo,Dresses,Knee Length Dresses,Retired,4950.0,2400.0,0,0,1.0,0,1
Z0220060,Zoya Capri Leggings,Zoya,Bottoms,Leggings,Retired,1950.0,350.0,0,0,1.0,0,1
V0524194,Vivo Cuffed Wide Sweater,Vivo,Outerwear,Sweaters & Ponchos,Retired,6550.0,3250.0,0,0,1.0,0,1
Z0220060,Zoya Capri Leggings,Zoya,Bottoms,Leggings,Retired,1950.0,1950.0,0,0,1.0,0,1
Z0220118,Zoya Basic Bodycon,Zoya,Dresses,Short & Mini Dresses,Retired,2950.0,350.0,0,0,1.0,0,1
V0224125,Vivo Nala Shirt Dress,Vivo,Dresses,Knee Length Dresses,Retired,5750.0,2720.0,0,0,0,1,1
V0524001,Vivo X This Is Essential Midi Dress,Vivo,Dresses,Midi & Capri Dresses,Retired,4550.0,4550.0,0,0,0,1,1
Z0225006,Zoya Vasha Midriff Jacket,Zoya,Outerwear,Jackets & Coats,Retired,1950.0,1950.0,0,0,1.0,0,1
V0523201,Vivo X Pinky Sleeveless Cross Back Fitness Bra,Vivo,Tops,Fitted Tops,Retired,1550.0,400.0,0,0,1.0,0,1
S1023066,Safari Kikoy Tunic High Low Top,Safari,Tops,Loose Tops,Retired,5250.0,1300.0,0,0,0,1,1
V0523180,Vivo Laika Long Sleeve Mandarin Top,Vivo,Tops,Fitted Tops,Retired,2950.0,700.0,0,0,1,0,1
V0223222,Vivo Fasi Strapless Top,Vivo,Tops,Fitted Tops,Retired,2750.0,250.0,0,0,1.0,0,1
Z0225010,Zoya Vasha Track Pants,Zoya,Bottoms,Full Length Pants,Retired,2550.0,750.0,0,0,1.0,0,1
V0523155,Vivo Sia Leisure Pants,Vivo,Bottoms,Full Length Pants,Retired,3550.0,750.0,0,0,1.0,0,1
V0523147,Vivo Dua Long Bishop Sleeve Top,Vivo,Tops,Fitted Tops,Retired,2950.0,2050.0,0,0,1.0,0,1
Z0324009,Zoya Taani Sleeveless Midriff Top,Zoya,Tops,Midriff & Crop Tops,Retired,1250.0,150.0,0,0,0,1,1
S0120016,Safari Reversible Shirt Jacket,Safari,Outerwear,Jackets & Coats,Retired,5950.0,4150.0,0,0,0,1,1
V0223140,Vivo Basic Nalia Satin High Low Top,Vivo,Tops,Loose Tops,Retired,2550.0,750.0,0,0,0,1,1
S1024009,Safari Chui 3/4 Sleeve A-Line Dress,Safari,Dresses,Knee Length Dresses,Retired,7750.0,5450.0,1.0,0,0,0,1
Z0324046,Zoya Yuni Oversized Shirt,Zoya,Tops,Loose Tops,Retired,4950.0,3500.0,0,0,0,1,1
V0223139,Vivo Izzy Satin Bishop Sleeve Top,Vivo,Tops,Fitted Tops,Retired,3750.0,1250.0,0,0,0,1,1
P21DD80,Cowl Lined Midi Halter Dress,Third Party Brands,Dresses,Midi & Capri Dresses,Retired,2600.0,2600.0,0,0,1.0,0,1
V0523146,Vivo Leila Hip Length Waterfall,Vivo,Outerwear,Waterfalls & Kimonos,Retired,3750.0,3750.0,1.0,0,0,0,1
V0523123,Vivo Basic Double Layered Wrap Poncho (Without Fringe),Vivo,Outerwear,Sweaters & Ponchos,Retired,5550.0,5250.0,0,0,0,1,1
S0923075,Safari Kikoy Long Sleeve Shacket,Safari,Outerwear,Jackets & Coats,Retired,4250.0,1850.0,0,0,0,1,1
V0425009,Vivo Rema Palazzo Pants,Vivo,Bottoms,Full Length Pants,Retired,3500.0,3500.0,0,0,0,1,1
Z0324057,Zoya Yuni Halter Dress,Zoya,Tops,T-shirts & Tank Tops,Retired,2750.0,2750.0,0,0,0,1,1
Z1124120,Zoya Kyro Strappy Vest,Zoya,Tops,Fitted Tops,Retired,950.0,950.0,0,0,0,1,1
V0425001,Vivo Kaisa Strappy Maxi Dress,Vivo,Dresses,Maxi Dresses,Retired,3950.0,2750.0,0,0,0,1,1
V0425001,Vivo Kaisa Strappy Maxi Dress,Vivo,Dresses,Maxi Dresses,Retired,3950.0,1350.0,0,0,0,1,1
V0424161,Vivo Sarong Skirt,Vivo,Skirts,Midi & Capri Skirts,Retired,3900.0,3900.0,1.0,0,0,0,1
S0923079,Safari Kikoy Off Shoulder Crop Top,Safari,Tops,Midriff & Crop Tops,Retired,2250.0,500.0,0,1.0,0,0,1
V0222135,Vivo Basic Straight Skirt,Vivo,Skirts,Knee Length Skirts,Retired,2950.0,1150.0,0,0,1.0,0,1
V0222098,Vivo Faraji Long Sleeve Jacket,Vivo,Outerwear,Jackets & Coats,Retired,4250.0,1450.0,0,0,1.0,0,1
Z0325018,Zoya Vasha Track Pants With Pockets,Zoya,Bottoms,Full Length Pants,Retired,2550.0,2550.0,0,0,1.0,0,1
V0424161,Vivo Sarong Skirt,Vivo,Skirts,Midi & Capri Skirts,Retired,3900.0,1050.0,0,0,1,0,1
V0424158,Vivo Cowl Camisole,Vivo,Tops,Loose Tops,Retired,2550.0,950.0,0,0,1.0,0,1
S0923079,Safari Kikoy Off Shoulder Crop Top,Safari,Tops,Midriff & Crop Tops,Retired,2250.0,650.0,0,0,0,1,1
V0424155,Vivo Halter Maxi With Lining,Vivo,Dresses,Maxi Dresses,Retired,5550.0,1250.0,0,0,1.0,0,1
V0424125,Vivo Chesi Kimono,Vivo,Outerwear,Waterfalls & Kimonos,Retired,7735.0,4150.0,0,0,0,1,1
Z0624001,Zoya Shani Kimono,Zoya,Outerwear,Waterfalls & Kimonos,Retired,4950.0,1450.0,0,0,0,1,1
Z0624005,Zoya Shani Scarf Top,Zoya,Tops,Midriff & Crop Tops,Retired,2950.0,550.0,0,0,0,1,1
V0424029,Vivo Saida Dress Coat,Vivo,Outerwear,Jackets & Coats,Retired,7250.0,1750.0,1.0,0,0,0,1
V0424027,Vivo Saida Cigarrets Pants,Vivo,Bottoms,Full Length Pants,Retired,3950.0,750.0,0,1.0,0,0,1
V0423055,Vivo Leila Cap Sleeve Tent Knee Length Dress,Vivo,Dresses,Knee Length Dresses,Retired,4550.0,1750.0,0,0,1,0,1
V0423025,Vivo Tatili Drop Shoulder Cowl Top,Vivo,Tops,Loose Tops,Retired,2550.0,1700.0,0,0,1,0,1
V0422077,Vivo Basic Sienna Jersey Top,Vivo,Tops,T-shirts & Tank Tops,Retired,2550.0,2550.0,0,0,0,1,1
Z0722035,Zoya Basic Long Sleeve Bodycon,Zoya,Dresses,Knee Length Dresses,Retired,2950.0,1800.0,0,0,0,1,1
V0422077,Vivo Basic Sienna Jersey Top,Vivo,Tops,T-shirts & Tank Tops,Retired,2550.0,950.0,1.0,0,0,0,1
V0422073,Vivo Basic Neo Waterfall,Vivo,Outerwear,Waterfalls & Kimonos,Retired,3250.0,3250.0,0,0,0,1,1
S1024011,Safari Chui Placket Top,Safari,Tops,Fitted Tops,Retired,5250.0,3650.0,0,0,0,1,1
V0422073,Vivo Basic Neo Waterfall,Vivo,Outerwear,Waterfalls & Kimonos,Retired,3250.0,2250.0,0,0,0,1,1
Z0724053,Zoya Banda Crop Hoodie,Zoya,Outerwear,Hoodies & Sweatshirts,Retired,2750.0,550.0,0,0,0,1,1
Z0724054,Zoya Banda Strappy Playsuit,Zoya,Bottoms,Jumpsuits & Playsuits,Retired,2250.0,450.0,0,0,0,1,1
V0325078,Vivo Takali Jumpsuit,Vivo,Bottoms,Jumpsuits & Playsuits,Retired,6900.0,2750.0,0,0,0,1,1
V0325071,Vivo Safa Slit Side Top,Vivo,Tops,Fitted Tops,Retired,3550.0,950.0,0,0,1.0,0,1
V0325070,Vivo Safa Pallazo Pants,Vivo,Bottoms,Full Length Pants,Retired,3550.0,1350.0,0,0,1.0,0,1
V0325069,Vivo Analo Wide Leg Pants,Vivo,Bottoms,Full Length Pants,Retired,3900.0,3900.0,0,0,0,1,1
RFS0125,Vivo Knee length Dress,Vivo,Sale,Sample & Sale Items,Retired,6000.0,750.0,0,0,1.0,0,1
V0325020,Vivo Tahisa Loose Top,Vivo,Tops,Loose Tops,Retired,3250.0,1150.0,0,0,0,1,1
S0325033,Safari Tiwa Straight Leg Pants,Safari,Bottoms,Full Length Pants,Retired,4800.0,3350.0,0,0,0,1,1
V0924103,Vivo Serwa Wide Leg Jumpsuit,Vivo,Bottoms,Jumpsuits & Playsuits,Retired,6950.0,1950.0,0,1.0,0,0,1
S0325016,Safari Tawi Off-Shoulder Top,Safari,Tops,Loose Tops,Retired,2950.0,850.0,0,0,1,0,1
S0322138,Safari Tawi Flounce Tent Dress,Safari,Dresses,Knee Length Dresses,Retired,4950.0,4950.0,0,1.0,0,0,1
V0924043,Vivo Mandla Side Flap A-Line Dress,Vivo,Dresses,Knee Length Dresses,Retired,5550.0,3800.0,0,1.0,0,0,1
V1020122,Vivo Tsavo Scalloped Hem Dress Top,Vivo,Tops,Fitted Tops,Retired,2950.0,850.0,0,0,1.0,0,1
V1021027,Vivo Lani Satin High Low Dress,Vivo,Dresses,Knee Length Dresses,Retired,5950.0,3650.0,0,0,0,1,1
V0325010,Vivo Safa Drawstring Wide Top,Vivo,Tops,Loose Tops,Retired,2950.0,2950.0,0,0,0,1,1
V0923086,Vivo Soleil Shorts,Vivo,Bottoms,Shorts & Skorts,Retired,2950.0,630.0,0,0,1.0,0,1
V1022076,Vivo Raha Waist Tie Top,Vivo,Tops,Fitted Tops,Retired,2950.0,2050.0,0,0,1.0,0,1
V0324082,Vivo Kelemi Hooded Kimono,Vivo,Outerwear,Waterfalls & Kimonos,Retired,6950.0,4850.0,0,0,0,1,1
V1023029,Vivo Sarabi Panelled V-Neck Kaftan,Vivo,Dresses,Maxi Dresses,Retired,5950.0,5950.0,0,0,1.0,0,1
V1023042,Vivo Ava 3/4 Sleeve Kimono,Vivo,Outerwear,Waterfalls & Kimonos,Retired,4950.0,1950.0,0,0,0,1,1
V0923053,Vivo Ava Pleated Wide Leg Pants,Vivo,Bottoms,Full Length Pants,Retired,4550.0,1250.0,0,0,1.0,0,1
V0220007,Vivo Basic Double Layered Long Sleeved Bodysuit,Vivo,Tops,Bodysuits,Retired,2900.0,1450.0,0,0,1.0,0,1
V1023084,Vivo Sanyu Bubble Sleeve Tent Dress,Vivo,Dresses,Maxi Dresses,Retired,5950.0,2350.0,0,0,1.0,0,1
V1023084,Vivo Sanyu Bubble Sleeve Tent Dress,Vivo,Dresses,Maxi Dresses,Retired,5950.0,2500.0,0,0,1.0,0,1
V0923052,Vivo Ava Tapered Pants,Vivo,Bottoms,Full Length Pants,Retired,3950.0,1350.0,0,0,0,1,1
V1023097,Vivo Amara Sleeveless High Low Top,Vivo,Tops,Loose Tops,Retired,2750.0,550.0,0,0,1.0,0,1
Z1124124,Zoya Kyro Pleated Mini Skirt,Zoya,Skirts,Short & Mini Skirts,Retired,1550.0,1550.0,0,0,1.0,0,1
S1123112,Safari Lira Drop Shoulder Dress,Safari,Dresses,Knee Length Dresses,Retired,5250.0,3650.0,0,0,0,1,1
V0324075,Vivo Azawi Cap Sleeve Panelled Dress,Vivo,Dresses,Knee Length Dresses,Retired,4750.0,1500.0,0,0,1.0,0,1
V0923039,Vivo X This Is Essential Long Sleeve Bodysuit,Vivo,Tops,Bodysuits,Retired,3750.0,3750.0,0,0,0,1,1
V1024002,Vivo Merika Knee Length Wrap Dress,Vivo,Dresses,Knee Length Dresses,Retired,5950.0,2950.0,0,0,0,1,1
V0923010,Vivo Jira Capri Leggings,Vivo,Bottoms,Leggings,Retired,2950.0,900.0,0,0,1.0,0,1
V1024030,Vivo Beali Shirred Midriff Top,Vivo,Tops,Fitted Tops,Retired,2550.0,665.0,0,0,1,0,1
Z0724102,Zoya Basic Racer Back Crop Top,Zoya,Tops,Midriff & Crop Tops,Retired,1550.0,450.0,0,1.0,0,0,1
V0324043,Vivo Amai Side Slit Pants,Vivo,Bottoms,Full Length Pants,Retired,4250.0,1050.0,0,0,1.0,0,1
V0923001,Vivo Soleil Sleeveless Drape Jumpsuit,Vivo,Bottoms,Jumpsuits & Playsuits,Retired,6950.0,6950.0,0,0,1.0,0,1
V1024036,Vivo Beali Wrap Shirt Dress,Vivo,Dresses,Knee Length Dresses,Retired,6250.0,1850.0,0,0,1.0,0,1
S1023059,Safari Zene Drop Shoulder Top,Safari,Tops,Loose Tops,Retired,3250.0,665.0,0,0,0,1,1
V0922049,Vivo Luna 3/4 Sleeve High Low Top,Vivo,Tops,Loose Tops,Retired,3750.0,1050.0,0,0,0,1,1
V0922010,Vivo Pesi Notch Collar Tent Dress,Vivo,Dresses,Knee Length Dresses,Retired,5950.0,5950.0,0,0,0,1,1
V1024043,Vivo Beali Two Way Wrap Top,Vivo,Tops,Midriff & Crop Tops,Retired,3250.0,2250.0,0,0,0,1,1
V0922009,Vivo Pesi Drop Shoulder Tunic,Vivo,Tops,Fitted Tops,Retired,3750.0,2250.0,0,0,0,1,1
V1024063,Vivo Basic Hooded Kimono,Vivo,Outerwear,Waterfalls & Kimonos,Retired,5550.0,1550.0,0,0,0,1,1
V1024063,Vivo Basic Hooded Kimono,Vivo,Outerwear,Waterfalls & Kimonos,Retired,5550.0,2350.0,0,0,0,1,1
V0922007,Vivo Pesi Drop Shoulder Tent Dress,Vivo,Dresses,Knee Length Dresses,Retired,6175.0,1650.0,0,0,0,1,1
V1024063,Vivo Basic Hooded Kimono,Vivo,Outerwear,Waterfalls & Kimonos,Retired,5550.0,3850.0,0,0,0,1,1
S0322133,Safari Tawi Bishop Sleeve Tiered Dress,Safari,Dresses,Knee Length Dresses,Retired,5550.0,5550.0,1.0,0,0,0,1
V0919039,Vivo Basic Puff Sleeved Bodycon,Vivo,Dresses,Knee Length Dresses,Retired,4750.0,1250.0,1.0,0,0,0,1
S0424041,Safari Men's Kitenge Drawstring Shorts,Safari,Bottoms,Men's Bottoms,Retired,3550.0,750.0,0,0,0,1,1
Sample & Sale Items,Sample & Sale Items,Vivo,Sale,Sample & Sale Items,Retired,6950.0,750.0,0,0,1.0,0,1
V0825032,Vivo Kemi Skirt & Top Set,Vivo,Skirts,Maxi Skirts,Retired,4900.0,8500.0,0,0,0,1,1
V0825019,Vivo Nora Wide Leg Pants,Vivo,Bottoms,Full Length Pants,Retired,4900.0,2950.0,1.0,0,0,0,1
V1025034,Vivo Lulu Contrast Stitch Tent Dress in Cotton,Vivo,Dresses,Knee Length Dresses,Retired,5900.0,4150.0,1.0,0,0,0,1
RFS0125,Vivo Knee length Dress,Vivo,Sale,Sample & Sale Items,Retired,6000.0,650.0,0,0,1.0,0,1
V0824108,Vivo Ayla Off-Shoulder Jumpsuit,Vivo,Bottoms,Jumpsuits & Playsuits,Retired,6750.0,6750.0,0,0,0,1,1
V1119112,Vivo Basic Sleeveless Double Layered Bodycon,Vivo,Dresses,Knee Length Dresses,Retired,3950.0,1950.0,0,0,1.0,0,1
V0824101,Vivo Ayla Bubble Sleeve Maxi Dress,Vivo,Dresses,Maxi Dresses,Retired,6950.0,6950.0,0,0,0,1,1
V1120036,Vivo Everyday Cap Sleeve Top in Jersey,Vivo,Accessories,Accessories,Retired,2200.0,2200.0,1.0,0,0,0,1
V1121104,Vivo Sana Asymmetrical Angel Sleeve Top,Vivo,Tops,Loose Tops,Retired,2950.0,2050.0,0,0,0,1,1
V0824081,Vivo Chidii Off Shoulder Maxi Dress,Vivo,Dresses,Maxi Dresses,Retired,5950.0,4050.0,0,0,1.0,0,1
V0824073,Vivo Amai Knee Length Dresses,Vivo,Dresses,Knee Length Dresses,Retired,5950.0,4150.0,0,0,0,1,1
V1122192,Vivo Basic Sleeveless Midi Jersey Waterfall,Vivo,Outerwear,Waterfalls & Kimonos,Retired,3250.0,1550.0,1.0,0,0,0,1
V0824034,Vivo Paji Dress Coat,Vivo,Outerwear,Jackets & Coats,Retired,7250.0,750.0,0,0,1.0,0,1
Z0822081,Zoya Nia Off Shoulder Puff Sleeve Top,Zoya,Tops,Midriff & Crop Tops,Retired,2250.0,450.0,0,0,1.0,0,1
V0824021,Vivo Wila Dolman Tunic,Vivo,Tops,Loose Tops,Retired,4750.0,3350.0,0,0,0,1,1
V1122193,Vivo Basic Sleeveless Extra Long Lily Waterfall,Vivo,Outerwear,Waterfalls & Kimonos,Retired,4950.0,2150.0,0,0,0,1,1
V0323019,Vivo Basic V-neck Cap Sleeve Top,Vivo,Tops,T-shirts & Tank Tops,Retired,2550.0,750.0,0,1.0,0,0,1
V0823L1,Vivo Naya One Shoulder Flounce Top,Vivo,Tops,Fitted Tops,Retired,3550.0,700.0,0,0,0,1,1
