Your Product Name,Shop Zetu Product Name
Safari Tiwa Shirred Midi Dress - Hunters,Safari Tiwa Shirred Midi Dress - Hunters
Safari Tiwa Shirred Midi Dress - Hunters,Safari by Vivo  Tiwa Shirred Midi Dress - Hunters
Safari Tiwa Shirred Midi Dress - Lime,Safari Tiwa Shirred Midi Dress - Lime
Safari Tiwa Shirred Midi Dress - Lime,Safari by Vivo  Tiwa Shirred Midi Dress - Lime
Safari Kamari Long Sleeve Drawstring Shacket - Black,Safari Kamari Long Sleeve Drawstring Shacket - Black
Safari Kamari Long Sleeve Drawstring Shacket - Black,Safari by Vivo Kamari Long Sleeve Drawstring Shacket - Black
Safari Kamari Drop Shoulder Top - Navy Blue,Safari Kamari Drop Shoulder Top - Navy Blue
Safari Kamari Drop Shoulder Top - Navy Blue,Safari by Vivo Kamari Drop Shoulder Top - Navy Blue
Safari Kamari Capri Cargo Pants - White,Safari Kamari Capri Cargo Pants - White
Safari Tiwa Barell Pants - Black,Safari Tiwa Barell Pants - Black
Safari Tiwa Barell Pants - Black,Safari by Vivo  Tiwa Barell Pants - Black
Safari Tiwa Barell Pants - Rust,Safari Tiwa Barell Pants - Rust
Safari Tiwa Barell Pants - Rust,Safari by Vivo  Tiwa Barell Pants - Rust
Safari Naledi Gathered Panel Maxi Skirt - Navy,Safari by Vivo  Naledi Gathered Panel Wrap Dress - Navy
Safari Men's Bomber Jacket - Dark Grey,NOT FOUND ON SHOP ZETU
Safari Men's Shacket - Dark Grey,Safari Men's Shacket - Dark Grey
Safari Men's Cargo Pants - Dark Grey,Safari Men's Cargo Pants - Dark Grey
Safari Men's Cargo Pants - Dark Grey,Safari by Vivo Men's Cargo Pants - Dark Grey
Safari Men's Cargo Pants - Dark Grey,Shiv & Shikie X Safari Cargo Pants - Dark Grey
Safari Bush Drop Shoulder Long Sleeve Top - Mustard,Bush Drop Shoulder Long Sleeve Top - Mustard
Safari Bush Drop Shoulder Long Sleeve Top - Mustard,Safari Bush Drop Shoulder Long Sleeve Top - Mustard
Safari Bush Drop Shoulder Long Sleeve Top - Mustard,Safari by Vivo Bush Drop Shoulder Long Sleeve Top - Mustard
Safari Kamari Ribbed Top - Hunters Green,Safari Kamari Ribbed Top - Hunters Green
Safari Kamari Ribbed Top - Hunters Green,Safari by Vivo Kamari Ribbed Top - Hunters Green
Safari Kamari Front Slit Midi Skirt - Navy,NOT FOUND ON SHOP ZETU
Safari Men's Long Sleeve Shirt - Khaki,Men's Long Sleeve Shirt - Khaki
Safari Men's Long Sleeve Shirt - Khaki,Safari Men's Long Sleeve Shirt - Khaki
Shiv & Shikie X Safari Printed Short Sleeve Shirt - Taupe / Black Ezi Print,Shiv & Shikie X Safari Printed Short Sleeve Shirt - Taupe  / Black Ezi Print
Safari Savannah Kitenge Midi Wrap Dress - Sipo Print,Safari Savannah Kitenge  Midi Wrap Dress - Sipo Print
Safari Savannah Kitenge Midi Wrap Dress - Sipo Print,Safari Savannah Kitenge Midi Wrap Dress - Sipo Print
Safari Savannah Kitenge Midi Wrap Dress - Sipo Print,Safari by Vivo Savannah Kitenge Midi Wrap Dress - Sipo Print
Safari Zene Drop Shoulder Top - Taupe,Safari Zene Drop Shoulder Above Knee Dress - Taupe
Safari Zene Drop Shoulder Top - Taupe,Safari by Vivo Zene Drop Shoulder Above Knee Dress - Taupe
Safari Zene Drop Shoulder Top - Taupe,Safari by Vivo Zene Drop Shoulder Top - Taupe
Safari Zene Drop Shoulder Top - Taupe,Zene Drop Shoulder Above Knee Dress - Taupe
Safari Chui Lined Jacket - White Cloud,Safari Chui Lined Jacket -  White Cloud
Safari Chui Cropped Jacket - White Cloud,Safari Chui Cropped Jacket - White Cloud
Vivo Mistari 3/4 Sleeve V - Neck Collared Tunic Top - Black stripes,Vivo Mistari 3/4 Sleeve  V - Neck Collared Tunic Top -  Black Textured
Vivo Mistari 3/4 Sleeve V - Neck Collared Tunic Top - Black stripes,Vivo Mistari 3/4 Sleeve  V - Neck Collared Tunic Top - Black stripes
Vivo Tana Puff Sleeve Bodysuit - Red,Vivo Tana Puff Sleeve Bodysuit In Jersey - Red
Vivo Kitenge Wide Leg Pants - Maroon / Pink Ara Print,Vivo Kitenge Wide Leg Pants -   Maroon / Pink Ara Print
Vivo Full Length Kimono - Keri,Vivo Full Length Kimono - Keri
Vivo Full Length Kimono - Keri,Vivo Full Length Kimono - Keri Print
Vivo Full Length Kimono - Maya,Vivo Full Length Kimono - Maya
Vivo Full Length Kimono - Maya,Vivo Full Length Kimono - Maya Print
Vivo Kelemi 4.0 Kimono - Purple,Vivo Kelemi 4.0  Kimono - Purple
Vivo Diella 3/4 Sleeve A-Line Dress - Black,Vivo Diella 3/4 Sleeve A-Line Dress  - Black
Vivo Diella 3/4 Sleeve A-Line Dress - Dark Olive,NOT FOUND ON SHOP ZETU
Vivo Tana Puff Sleeve Bodysuit - Chocolate Brown,Vivo Tana Puff Sleeve Bodysuit In Jersey - Chocolate Brown
