Batch,Template ID,Product Name,Missing,Current Style Name,Current Style Number
Batch 1,255945,Vivo Long Sleeve Blazer - Atbara,Style Number,Vivo Long Sleeve Blazer,
Batch 1,255946,Vivo Long Sleeve Blazer - Savannah,Style Number,Vivo Long Sleeve Blazer,
Batch 1,342510,Vivo Mistari 3/4 Sleeve V - Neck Collared Tunic Top  - FS,Style Name; Style Number,,
Batch 1,342281,Vivo Studio Longline Shorts in Crepe  - FS,Style Number,Vivo Studio Longline Shorts in Crepe,
Batch 1,330501,Vivo Studio Longline Shorts in Crepe - Black Stripes,Style Number,Vivo Studio Longline Shorts in Crepe,
Batch 1,330499,Vivo Studio Longline Shorts in Crepe - Lilac Stripes,Style Number,Vivo Studio Longline Shorts in Crepe,
Batch 1,330498,Vivo Studio Longline Shorts in Crepe - Maroon Stripes,Style Number,Vivo Studio Longline Shorts in Crepe,
Batch 1,330502,Vivo Studio Longline Shorts in Crepe - Navy Stripes,Style Number,Vivo Studio Longline Shorts in Crepe,
Batch 1,330500,Vivo Studio Longline Shorts in Crepe - Olive Stripes,Style Number,Vivo Studio Longline Shorts in Crepe,
Batch 2,88900,Safari Mali Turn Up Hem Pants - Navy Blue,Style Number,Safari Mali Turn Up Hem Pants,
Batch 2,340667,Safari Reversible Shirt Jacket - Grey / Print 2,Style Name,,S0120016
Batch 2,342241,Vivo Basic Abby Loose Top - Black,Style Name; Style Number,,
Batch 2,223333,Vivo Basic Jersey Cascade Waterfall - Rust,Style Number,Vivo Basic Jersey Cascade Waterfall,
Batch 2,223904,Vivo Basic Midi Pencil Skirt - Dark Green,Style Number,Vivo Basic Midi Pencil Skirt,
Batch 2,239824,Vivo Basic Strappy Cullote Jumpsuit - Blue / White Floral Print,Style Number,Vivo Basic Strappy Cullote Jumpsuit,
Batch 2,305112,Vivo Bodysuits T- Shirts & Tank Tops - RFS 1,Style Number,Vivo Bodysuits T- Shirts & Tank Tops,
Batch 2,240536,Vivo Bodysuits T- Shirts & Tank Tops - RFS 2,Style Number,Vivo Bodysuits T- Shirts & Tank Tops,
Batch 2,240537,Vivo Bodysuits T- Shirts & Tank Tops - RFS 3,Style Number,Vivo Bodysuits T- Shirts & Tank Tops,
Batch 2,240538,Vivo Bodysuits T- Shirts & Tank Tops - RFS 4,Style Number,Vivo Bodysuits T- Shirts & Tank Tops,
Batch 2,240539,Vivo Bodysuits T- Shirts & Tank Tops - RFS 5,Style Number,Vivo Bodysuits T- Shirts & Tank Tops,
Batch 2,344641,Vivo Essentials Dolman Maxi Dress - Teal,Style Name,,VE0016
Batch 2,249199,Vivo Full Length Pants - RFS 1,Style Number,Vivo Full Length Pants,
Batch 2,249200,Vivo Full Length Pants - RFS 2,Style Number,Vivo Full Length Pants,
Batch 2,249201,Vivo Full Length Pants - RFS 3,Style Number,Vivo Full Length Pants,
Batch 2,249202,Vivo Full Length Pants - RFS 4,Style Number,Vivo Full Length Pants,
Batch 2,249203,Vivo Full Length Pants - RFS 5,Style Number,Vivo Full Length Pants,
Batch 2,249204,Vivo Full Length Pants - RFS 6,Style Number,Vivo Full Length Pants,
Batch 2,254773,Vivo Joggers - Sabie,Style Number,Vivo Joggers,
Batch 2,254780,Vivo Jumpsuit - RFS 1,Style Number,Vivo Jumpsuit,
Batch 2,254781,Vivo Jumpsuit - RFS 2,Style Number,Vivo Jumpsuit,
Batch 2,254934,Vivo Kitenge Bubble Sleeve Tent Dress - Lashi Print,Style Number,Vivo Kitenge Bubble Sleeve Tent Dress,
Batch 2,254935,Vivo Kitenge Bubble Sleeve Tent Dress - Obu Print,Style Number,Vivo Kitenge Bubble Sleeve Tent Dress,
Batch 2,254936,Vivo Kitenge Bubble Sleeve Tent Dress - Shama Print,Style Number,Vivo Kitenge Bubble Sleeve Tent Dress,
Batch 2,342233,Vivo Kitenge Bubble Sleeve Tent Dress - Teal / Navy Blue Ankara Print,Style Number,Vivo Kitenge Bubble Sleeve Tent Dress,
Batch 2,254939,Vivo Kitenge Midi Kimono - Shama Print,Style Number,Vivo Kitenge Midi Kimono,
Batch 2,254940,Vivo Kitenge Midi Kimono - Tana Print,Style Number,Vivo Kitenge Midi Kimono,
Batch 2,342205,Vivo Knee Length Skirts - RFS 1,Style Number,Vivo Knee length Dress,
Batch 2,254997,Vivo Knee Length Skirts - RFS 2,Style Number,Vivo Knee Length Skirts,
Batch 2,254998,Vivo Knee Length Skirts - RFS 3,Style Number,Vivo Knee Length Skirts,
Batch 2,254999,Vivo Knee Length Skirts - RFS 4,Style Number,Vivo Knee Length Skirts,
Batch 2,254982,Vivo Knee length Dress - RFS 1,Style Number,Vivo Knee length Dress,
Batch 2,254983,Vivo Knee length Dress - RFS 2,Style Number,Vivo Knee length Dress,
Batch 2,254984,Vivo Knee length Dress - RFS 3,Style Number,Vivo Knee length Dress,
Batch 2,254985,Vivo Knee length Dress - RFS 4,Style Number,Vivo Knee length Dress,
Batch 2,254986,Vivo Knee length Dress - RFS 5,Style Number,Vivo Knee length Dress,
Batch 2,254987,Vivo Knee length Dress - RFS 6,Style Number,Vivo Knee length Dress,
Batch 2,255978,Vivo Loose Tops - RFS 2,Style Number,Vivo Loose Tops,
Batch 2,255979,Vivo Loose Tops - RFS 3,Style Number,Vivo Loose Tops,
Batch 2,255981,Vivo Loose Tops - RFS 5,Style Number,Vivo Loose Tops,
Batch 2,256121,Vivo Maxi Dress - RFS 3,Style Number,Vivo Maxi Dress,
Batch 2,256122,Vivo Maxi Dress - RFS 4,Style Number,Vivo Maxi Dress,
Batch 2,256123,Vivo Maxi Dress - RFS 5,Style Number,Vivo Maxi Dress,
Batch 2,256124,Vivo Maxi Dress - RFS 6,Style Number,Vivo Maxi Dress,
Batch 2,256125,Vivo Maxi Dress - RFS 7,Style Number,Vivo Maxi Dress,
Batch 2,342238,Vivo Muna Side Slit Asymmetric Top - Mulberry,Style Name; Style Number,,
Batch 2,257148,Vivo Nimali Satin Blouse - Black,Style Number,Vivo Nimali Satin Blouse,
Batch 2,257160,Vivo Nimali Satin Halter Top - Lilac,Style Number,Vivo Nimali Satin Halter Top,
Batch 2,272964,Vivo Nimali Satin Joggers - Gold,Style Number,Vivo Nimali Satin Joggers,
Batch 2,272965,Vivo Nimali Satin Joggers - Grey,Style Number,Vivo Nimali Satin Joggers,
Batch 2,272971,Vivo Nimali Satin Shorts - Black,Style Number,Vivo Nimali Satin Shorts,
Batch 2,272972,Vivo Nimali Satin Shorts - Blue,Style Number,Vivo Nimali Satin Shorts,
Batch 2,272973,Vivo Nimali Satin Shorts - Brown,Style Number,Vivo Nimali Satin Shorts,
Batch 2,257170,Vivo Nimali Satin Wide-Leg Pants - Rubi,Style Number,Vivo Nimali Satin Wide-Leg Pants,
Batch 2,258582,Vivo Shorts - Moabi,Style Number,Vivo Shorts,
Batch 2,305710,Vivo Shorts - Mvua,Style Number,Vivo Shorts,
Batch 2,258583,Vivo Shorts - RFS 3,Style Number,Vivo Shorts,
Batch 2,305712,Vivo Shorts - RFS 4,Style Number,Vivo Shorts,
Batch 2,305713,Vivo Shorts - RFS 5,Style Number,Vivo Shorts,
Batch 2,258633,Vivo Sleeveless Blazer - Manda,Style Number,Vivo Sleeveless Blazer,
Batch 2,258634,Vivo Sleeveless Blazer - Marula,Style Number,Vivo Sleeveless Blazer,
Batch 2,258689,Vivo Strappy Sun Dress - Bahari,Style Number,Vivo Strappy Sun Dress,
Batch 2,259628,Vivo Tiered Shirt Dress - Isiolo,Style Number,Vivo Tiered Shirt Dress,
Batch 2,259632,Vivo Trench Coat - Benue,Style Number,Vivo Trench Coat,
Batch 2,259633,Vivo Trench Coat - Natal,Style Number,Vivo Trench Coat,
Batch 2,259634,Vivo Trench Coat - Neba,Style Number,Vivo Trench Coat,
Batch 2,259635,Vivo Trench Coat - Obu,Style Number,Vivo Trench Coat,
Batch 2,259636,Vivo Trench Coat - Sabie,Style Number,Vivo Trench Coat,
Batch 2,259637,Vivo Trench Coat - Tana Print,Style Number,Vivo Trench Coat,
Batch 2,259736,Vivo Waterfalls & Kimonos - RFS 2,Style Number,Vivo Waterfalls & Kimonos,
Batch 2,305826,Vivo Waterfalls & Kimonos - RFS 4,Style Number,Vivo Waterfalls & Kimonos,
Batch 2,259737,Vivo Waterfalls & Kimonos - RFS 5,Style Number,Vivo Waterfalls & Kimonos,
Batch 2,259738,Vivo Waterfalls & Kimonos - RFS 7,Style Number,Vivo Waterfalls & Kimonos,
Batch 2,259754,Vivo Wide-Leg Pants - Marula,Style Number,Vivo Wide-Leg Pants,
Batch 2,316002,Vivo Wide-Leg PantsÂ  - Manda,Style Number,Vivo Wide-Leg Pants,
Batch 2,260921,Zoya Aridi Cropped Jacket - Blue Flannel / Navy,Style Number,Zoya Aridi Cropped Jacket,
Batch 2,343013,Zoya Brave Drape T-Shirt - Pink,Style Name,,0422087
Batch 2,261926,Zoya Spaghetti strap Midriff Top - White,Style Number,Zoya Spaghetti strap Midriff Top,
Batch 2,305922,Zoya Yuni Wide Leg Pants - Camo Brown,Style Number,Zoya Yuni Wide Leg Pants,
