Product Name,Style Number(s),Match Type
Shiv & Shikie X Safari Boxy T Shirt,S0425044,exact
Shiv & Shikie X Safari Cargo Pants,S0425037,exact
Shiv & Shikie X Safari Drawstring Shorts,S0425036,exact
Shiv & Shikie X Safari Printed Short Sleeve Shirt,S0425041,exact
Shiv & Shikie X Safari Barrel Pants,S0425039,exact
Shiv & Shikie X Safari Faux Collar Printed Shirt,S0525005,exact
Shiv & Shikie X Safari Faux Collar Shirt,S0425045,exact
Vivo Anavi Maxi Dress In Jersey,V0825025,exact
Vivo Anavi Short Sleeve Top,V0925031,exact
Safari Mara Wide Bishop Sleeve Top,S1122036,exact
Safari Njano Mens Bound Neck Shirt,S0824026,exact
Safari Njano Men's Easy Fit Pants,S0824028,exact
Safari Men's Drawstring Shorts,S0424041,fuzzy
Safari By Vivo Mens Cotton Short Sleeve Shirt,S0925060,exact
Safari Savannah Men's Half Placket Shirt,S0624019,exact
Safari Men's Kitenge Drawstring Shorts,S0424041,exact
Safari By Vivo Mens Cotton Shorts,S0925059,exact
Safari Mansi Mens Summer Shirt,S0924024,exact
Safari Savannah Men's Short Sleeve Shirt,S0724125,exact
Safari Njano Men's Straight Leg Pants,S0824029,exact
Safari Mens Kitenge Drawstring Shorts,S0424041,fuzzy
Safari Njano Men's Short Sleeve Shirt,S0925041,exact
Safari Njano Mens Short Sleeve Shirt,S0925041,fuzzy
Safari Men's Short Sleeve Shirt,S0424198,exact
Safari Njano Men's Knee Length Shorts,S0824030,exact
Safari Men's Long Sleeve T-shirt,S0824053,exact
Safari Savannah Men's Drawstring Shorts (Tall),S0624022,fuzzy
Safari Savannah Men's Drawstring Shorts (Regular),S0624022,exact
Safari By Vivo Mens Cotton Pants,S0925061,exact
Safari Tiwa Straight Leg Pants,S0325033,exact
Safari Reversible Shirt Jacket,S0120016,exact
Safari By Vivo Mens Cotton Long Sleeve Shirt,S0925062,exact
Safari Njano Men's Easy Fit Kitenge Pants,S0925045,exact
Safari Tara Barell Pants,S0525068,exact
Safari Savannah Front Slit Midi Skirt,S0724014,exact
Safari Tara Crop Shacket,S0525067,exact
Safari Njano Joggers,S0724143,exact
Safari Kitenge T-Shirt,S0524199,exact
Safari Bush Cropped Short Sleeve Shacket,S0424073,fuzzy
Safari Savannah Kitenge Shacket,S0824068,exact
Safari Savannah Midi Wrap Dress,S0724088,exact
Safari Kamari Wide Leg Pants,S0224196,exact
Safari Lira Panelled Camisole Top,S1123109,exact
Safari Hawi Peplum Bishop Sleeve Wrap Coat,S0423069,exact
Safari by Vivo Zene High Low Shirt Dress,S1023064,fuzzy
Safari Zene High Low Shirt Dress,S1023064,exact
Safari Kamari Cotton Shorts,S0224193,exact
Safari Kikoy Long Sleeve Shacket,S0923075,exact
Safari Kaya Long Sleeve Shirt Dress,S0223186,exact
Safari Mali Wrap Lapel Top,S0123091,exact
Safari Tawi Shirt Collar Bishop Sleeve Tiered Dress,S0322135,exact
Safari Huru 3/4 Sleeved Loose Top,S0421099,exact
Safari Mara 3/4 Sleeve Flounce Tunic Top,S1122050,exact
Safari Kikoy Wide Leg Pants -Black,S0923067,fuzzy
Safari Kikoy Long Sleeved Shirt Dress,S0923076,fuzzy
Safari Kikoy Tunic High Low Top With Side Slits,S0923068,exact
Safari Mali 3/4 Sleeve Tie Shirt,S0123089,exact
Safari Basic Ribbed Tank Top,S1120077,exact
Safari Haya High Low Dress,S0124009,exact
Safari Haya 0ne Shoulder Asymmetrical Side Tie Top,S0124008,exact
Safari Lira Criss,S1123100,exact
Safari Zene Dolman Top,S0324027,exact
Safari by Vivo Tawi Off Shoulder Knee Length Dress,S0322128,fuzzy
Safari by Vivo  Tawi Bishop Sleeve Tiered Dress,S0322133,fuzzy
Safari Tawi A-Line Long Sleeve Shirt Dress,S0322118,exact
Safari by Vivo Kikoy Wrap Dress,S0923093,fuzzy
Safari by Vivo Savannah Midi Wrap Dress,S0724088,fuzzy
Safari by Vivo  Tiwa Shirred Top,S0125049,fuzzy
Safari Bush Sweatshirt,S0424053;S0524187,exact
Safari Mara Cape Top,S1122042,exact
Safari by Vivo Zene Off Shoulder Dress,S1023065,fuzzy
Safari by Vivo Kamari Maxi Dress,S0224201,fuzzy
Safari by Vivo Chui 3/4 Sleeve A-Line Dress,S1024009,fuzzy
Popular 21 Ribbed Long-Sleeve Mini Dress,P21DZ77,exact
Denim Haven High Rise Skinny Ripped Jeans,DH0001D;DH0001L,exact
Anika Pleated Highwaist Aline Side Zipper Short Skater Skirt,AN00237,exact
Sleeveless Racer-back Dress,P21DX83,fuzzy
Square-Back V-Neck Dress,P21DX74,exact
Unshaped Spaghetti-Strap Dress,P21DX81,exact
Double O-ring Cami Dress,P21DX79,exact
Racer Front & Back Mini Dress,P21DX83,exact
Key Hole Halter with Seamed Body,P21TX94,exact
Lace-Up Back Spaghetti-Strap Dress,P21DX80,exact
Classic Flared Miniskirt,P21SX70,exact
Anika Ribbed Pencil Skirt,CXSZSX7,exact
Black Leopard Print Cut-out One Shoulder Bodycon Dress,LOL2210,exact
Soko Maxi Dash Necklace,JN23315,exact
Cowl Lined Midi Halter Dress,P21DD80,exact
Vivo X This Is Essential Sleeveless Scooped Neck Bodysuit,V0823158,exact
Vivo Kelemi Satin Boat Neck Midriff Top,V0724019,exact
Vivo Kelemi Layered Top,V1024068,exact
Vivo Essentials Bodycon,VE0008B;VE0008O;VE0008W;VE0008Y,exact
Vivo Tiered Shirt Dress,VE0029I;VE0029K;VE0029R;VE0029S,exact
Vivo X This Is Essential One Shoulder Bodysuit,V0524004,exact
Vivo Essentials Drop Shoulder Top,VE0078B;VE0078Y,exact
Vivo Samira Maxi Kimono,V0525043,exact
Vivo X This Is Essential Raceback Bralette,V0424116,exact
Vivo Kitenge Wide Leg Pants,VE0032P,exact
Vivo Essentials Lounge Pants,VE0020B;VE0020T,exact
Vivo Nimali Satin Flounce Kimono,VE0060D;VE0060L;VE0060N;VE0060P,exact
Vivo Liora Shorts,V0925026,exact
Vivo Lalani Turtle Neck Sweater Dress,V1124086,exact
Vivo Iyana Cape Top In Chiffon,V0625049,fuzzy
Vivo Essentials Dolman Maxi Dress,VE0016B;VE0016T,exact
Vivo Cargo Pants,VE0047E,exact
Vivo Essentials Strappy Cold Shoulder Top,VE0009B,exact
Vivo Alma Mini Skirt,V0725046,fuzzy
Vivo Essentials Capri Leggings,VE0003B;VE0003M;VE0003O;VE0003T;VE0003W;VE0003Y,exact
Vivo Essentials Bandeau,VE0017B,exact
Vivo X This Is Essential Ruched Bodysuit,V0524005,exact
Vivo X This Is Essential Scooped Neck Bralette,V0324021,exact
Vivo Kitenge Tie Top,V0624024,exact
Vivo Wide-Leg Pants,VE0032A;VE0032M,exact
Vivo Yene One Shoulder Kaftan,V0125005,exact
Vivo Samira Wide Satin Kimono,V0525078;V5052507,exact
Vivo Maisha Drop Shoulder Maxi Dress In Rayon,V0523033,exact
Vivo Basic A-line Maxi Skirt -Teal,V0719105,fuzzy
Vivo Yene Front Tie Tunic Top,V0125033,exact
Vivo Maisha Wide Kimono,V0525026,exact
Vivo Ria Pants & Waterfall Set,V0825008,exact
Vivo Aleri A-Line Pleated Dress,V0625032,exact
Vivo Nora Wide Leg Pants,V0825019,exact
Vivo Essentials Strappy Maxi Dress,VE0013B,exact
Vivo X This Is Essentials Long Sleeve Crew Neck Bodysuit,V1223037,exact
Vivo Lalani Turtleneck Sweater Dress,V1124086,fuzzy
Vivo X This Is Essential Leggings,V0324080,exact
Vivo Ari Short Sleeve Top,V0625008,exact
Vivo Basic Chiffon Dropped Shoulder Top,V0422075,exact
Vivo Basic Faux Pocket Leisure Pants,V0719293,exact
Vivo Asha High Low Top,V1223064,exact
Vivo Lalani Lounge Pants,V0924031,exact
Vivo Ayana Wide High Low Top,V0225029,exact
Vivo X This Is Essential Strappy Bodysuit,V0823155,exact
Vivo Hamle Side Twist Tie Bodycon,V0624095,exact
Vivo Basic Nalia High Low Jersey Top,V0121134,exact
Vivo Basic Tsavo Scalloped Chiffon Top,V0422058,exact
Vivo Hadiya Flounce Sleeve Maxi Dress,V0724094,exact
Vivo Raha Waist Tie Top,V1022076,exact
Vivo Kaisa Strappy Maxi Dress,V0425001,exact
Vivo Basic Long Sleeve Cascade Waterfall,V0723033,exact
Vivo Bodysuit,FS02231;RFS0125;Sample & Sale Items,fuzzy
Vivo Basic Double Layered Long Sleeved Bodysuit,V0220007,exact
Vivo X This Is Essential Short Sleeve Bodysuit,V0923060,exact
Vivo Basic Puff Sleeved Bodycon,V0919039,exact
Vivo Basic Long Sleeve Bodysuit (Seamless),V0823134,exact
Vivo Sanyu Bubble Off,V1023070,exact
Vivo Basic Neo Extra Long Lily Waterfall,V0122114,exact
Vivo Basic V-Neck Long Sleeve Top,V0423052,exact
Vivo Sakari V-Neck Drop Shoulder Top,V1123168,exact
Vivo Basic Tolani Jersey Dress,V0920021,exact
Vivo Ajani V-Neck Shift Dress,V1223022,exact
Vivo Selah Double Layered Coat,V0625015,exact
Vivo Jira Scoop Neck Jumpsuit,V0723068,exact
Vivo Jira Maxi Skirt,V0723074,exact
Vivo Naya Flounce Sleeve Kimono,V0823185,exact
Vivo Luna 3/4 Sleeve High Low Top,V0922049,exact
Vivo Basic Long Sleeved Bishop Top,012009R;V0120092,exact
Vivo Basic Long Sleeve Tent Shirt Dress,V0323058,exact
Vivo Kelemi 4.0 Halter Maxi Dress,V0325042,exact
Vivo Chesi Kimono,V0424125,exact
Vivo Arafa Long Sleeve Tie Dress,V0124045,exact
Vivo Takali Jumpsuit,V0325078,exact
Vivo Alek 3/4 Sleeve A-Line Maxi Kimono,V0921140,exact
Vivo Maua Sleeveless Tent Knee Length Dress,V0223165,exact
Vivo Basic Nalia Satin High Low Top,V0223140,exact
Vivo Lalani Rib Maxi Waterfall,V0924032,exact
Vivo Nasinka Wrap Dress,V0624100,exact
Vivo Val Strappy Bodycon Dress,V0323018,fuzzy
Vivo Alora Round Neck Top,V0624006,exact
Vivo Faraji Long Sleeve Jacket,V0222097;V0222098,exact
Vivo Basic 3/4 Sleeve A-Line Maxi Dress,V0719006;V1170013,exact
Vivo Lamu 3/4 Sleeve Double Layered Bodycon,V1020111,exact
Vivo Chari Shift Dress,V1124156,exact
Vivo Zahari Off-Shoulder Maxi Dress,V0623014,exact
Vivo Val 3/4 Sleeve Top,V0723042,exact
Vivo Basic Long Sleeved Bodysuit,V0719112;V1670004,exact
Vivo Fitness Spaghetti Strap Tank Top,V1222257,exact
Vivo Sana Cape Top,V1121106,exact
Vivo Raha Wide Leg Shorts,V1022073,exact
Vivo Naya Strappy Midi Body-Con Dress,V0923013,exact
vivo Situ Ruffle Neck Top,V1223044,fuzzy
Vivo Amara Drop Shoulder Kimono,V1023095,exact
Vivo Amara V-Neck Maxi Dress,V1023099,exact
Vivo Basic 3/4 Sleeve Top,V0220050,exact
Vivo Zaria Pleated Sleeve Top,V0923025,exact
Vivo Azawi 3/4 Sleeve Top,V0324071,exact
Vivo Zanzi Wrap Circular Dress,V0321048,exact
Vivo Sanyu Overlap Maxi Cover Up Top,V1123057,exact
Vivo Sani Long Sleeve Ruffle Shirt Dress,V0623071,exact
Vivo X Pinky Sleeveless Cross Back Fitness Bra,V0523201,exact
Vivo X Pinky Long Sleeve Fitness Top,V0523205,exact
Vivo Nalia Long Sleeve High Low Top,V0322181,exact
Vivo Safiya Wide Top,V0224211,exact
Vivo Arusha Wide Drop Shoulder Tunic Top,V0922097,exact
Vivo Malindi Loose Top,V1122088,exact
Vivo X Pinky Full Length Fitness Leggings,V0523204,exact
Vivo Jira Hooded Poncho,V0723054,exact
Vivo Fitness Leggings,V1222169,exact
Vivo Fitness Bikers,V1222259,exact
Vivo Tulia Travel Jumpsuit,VE0014B;VE0014T,exact
Vivo Situ Tulip Pants,V0124079,exact
Vivo Azawi Peplum Top,V0324072,exact
Vivo Wingu Long Sleeve Side Drape Tunic Top,V0622073,exact
Vivo Sanyu Shift Dress,V1023079,exact
Vivo X Pinky Long Sleeve Cross Back Fitness Playsuit,V0523207,exact
Vivo X Pinky Sleeveless Cross Back Fitness Tank Top,V0523208,exact
Vivo Tande Cap Sleeve Round Neck Top,V0124024,exact
Vivo Saida Sheath Dress,V0424024,exact
Vivo Dali Drawstring Shoulder Jumpsuit,V1222307,exact
Vivo Safiya Dolman Top,V0224209,exact
Vivo Tande Front Drape Skirt,V0124033,exact
Vivo Sani Long Sleeve Ruffle Placket Shirt,V0623072,exact
Vivo Arafa Wrap Top,V0124041,exact
Vivo Fahari Cowl Drape Bodycon,V1122162,exact
Vivo 3/4 Sleeve J.O Jersey A-line Knee Length Dress,V0321038,exact
Vivo Zahari Dolman Tie Kimono,V0623003,exact
Vivo Saida Dress Coat,V0424029,exact
Vivo Sia 3/4 Bishop Sleeve Shift Dress (Petite),V0623041,exact
Vivo Soleil Sleeveless Layered Top,V0923018,exact
Vivo Hema Pencil Skirt,V0422066,exact
Vivo Azawi Cap Sleeve Panelled Dress,V0324075,exact
Vivo Tatari Panelled Sheath Dress,V0724097,exact
Vivo Beali Blazer,V1024034,exact
Vivo Long Sleeve Leila Bodycon Dress,V0622061,exact
Vivo Alika Knee Length Kimono,V1223056,exact
Vivo Basic Chiffon Drop Shoulder Top,V0422075,fuzzy
Vivo Issa Shawl Jersey Waterfall,V0723076,exact
Vivo Leila Short Sleeve Tent Dress,V0124024,fuzzy
Vivo Mira Joggers,V1123153,exact
Vivo Tana Jersey Tulip Back Waterfall,V0822004,exact
Vivo Tana Scalloped V-Neck Top,V0822006,exact
Vivo Fitness Shorts,V1222273,exact
Vivo Ajani Blouse,V1123062,exact
Vivo Yene Asymmetrical Cape Top,V0125008,exact
Vivo Wena Maxi Shirt Dress,V1124096,exact
Vivo Ayana Wide Top,V1122131,exact
Vivo Kala Wide Leg Pants,V0624065,exact
Vivo Situ Off Shoulder Top,V1223045,exact
Vivo Basic Abby Loose Top,V0819011,exact
Vivo Tana 3/4 Tulip Sleeve Overlap Maxi Top,V0822007,exact
Vivo Seli V-Neck Length Dress,V0125017,fuzzy
Vivo Sanali Kaftan Top,V1123136,exact
Vivo Saida Ruffle Neck Sheath Dress,V0424030,exact
Vivo Basic Sleeveless Double Layered Coat,V0425049,exact
Vivo Hamle Bias Twist Dress,V0624060,exact
Vivo Tatili 3/4 Sleeve Tent Dress,V0423024,exact
Vivo Leila Asymmetrical Angel Sleeve Top,V0823179,exact
Vivo Fahari Drop Shoulder Cowl Top,V1122143,exact
Vivo Mira Midi Kimono (Petite),V1123147,exact
Vivo Basic Julia 3/4 Sleeve  Back Pleat Knee Length Dress,V0722034,fuzzy
Vivo Jira Cocoon Waterfall,V0723067,exact
Vivo Basic Mini Butterfly Waterfall,V0819107,exact
Vivo Pashmina Shawl,V0819100,exact
Vivo Safiya Maxi Dress,V0224213,exact
Vivo Maisha High Slit Kimono,V0824022;V1023096,exact
Vivo Jema Cap Sleeve Tent Dress,V0622010,exact
Vivo Basic EW Loose Top,V0819140,exact
Vivo Zanzi Side Cowl Maxi Dress,V0421162,exact
Vivo Wendy Top,F1270018;V0919021;V1270018,exact
Vivo Basic Side Twist Knee Length Dress,V0719693,fuzzy
Vivo Zena Shirred Waist Shirt Dress,V0723038,exact
Vivo Fara Off Shoulder Flounce Sleeve Jumpsuit,V0123047,exact
Vivo Beali Wrap Asymmetrical Midi Dress,V1024035,exact
Vivo Paji Pencil Skirt,V0724144,exact
Vivo Maisha Top & Pant Set- Orange / Pink Print,V0525079,exact
Vivo Chari Cap Sleeve Shift Dress,V1124155,exact
Vivo Basic Bodycon Dress in Stretch Reeyon,V0819036,fuzzy
Vivo Situ Ruffle Neck Jumpsuit,V1223052,exact
Vivo Kitenge Strappy Jumpsuit,VE05232,exact
Vivo Adisa Cold Shoulder Kaftan,V1122117,exact
Vivo Basic Button Down Shirt,V0223224,fuzzy
Vivo Sierra Bodycon,V0121028,exact
Vivo Essentials Jersey Top,VE0072S,exact
Vivo Kelemi Wide Leg Pants,V0624026,exact
Vivo Kelemi A-Line Knee Length Dress,V0224164,exact
Vivo Hisi Dolman Knee Length Dress,V1123031,exact
Vivo Wingu Puff Sleeve Maxi Dress,V0722039,exact
Vivo Basic Dolman Maxi Dress,V0221058,exact
Vivo Arafa Wrap Dress,V0124048,exact
Vivo Ziwa Long Sleeve Ruffle Midi Kimono,V0723017,exact
Vivo Basic 3/4 Sleeve Sheath Dress,V0820002,exact
Vivo Essentials Sleeveless Tent Maxi Waterfall,VE0011B;VE0011D,exact
Vivo Jasiri Bishop Sleeve Layered Top,V0322163,exact
Vivo Yumi Long Sleeve Shirt Dress,V1223017,exact
Vivo Basic Crepe Cap Sleeved Top,V0821064,exact
Vivo Ruwa Flounce Sleeve Knee Length Tent Dress,V0222113,exact
Vivo Ava 3/4 Sleeve Kimono -White,V1023042,fuzzy
Vivo Pesi Notch Collar Tent Dress,V0922010,exact
Vivo Seli V-Neck Midi Dress,V0125013,exact
Vivo Basic Wide Liv Chiffon Maxi Dress,V0120033,fuzzy
Vivo Basic Short Dolman Sweater,V0819154,exact
Vivo Lani Satin High Low Dress,V1021027,exact
Vivo Basic Angela Cowl Loose Top,V0819139,exact
Vivo Ava 3/4 Sleeve Kimono -Burnt Orange,V1023042,fuzzy
Vivo Kelemi Layered Maxi Dress,V0224166,exact
Vivo Ava Tent Knee Length Dress,V1023154,exact
Vivo Meli Halter Neck Dress,V1124081,exact
Vivo Pesi Drop Shoulder Shift Dress,V0922008,exact
Vivo Kelemi Satin Pants,V1124088,exact
Vivo Hamle Front Twist Body Suit,V0624053,fuzzy
Vivo Reba Hi,V0224233,fuzzy
Vivo Raha Satin Joggers,V1122055,exact
Vivo Alek Halter Neck Maxi Dress,V0921277,exact
Vivo Maisha Strappy Maxi Dress,V0724023,exact
Vivo Kala Hooded Poncho,V0624070,exact
Vivo Maisha Wide Leg Pants,V0525074,exact
Zoya Yuni One,Z0324070,fuzzy
Zoya Temo Men's Knee Length Shorts,Z0924029,exact
Zoya Temo Mens Camo Shirt,Z0824047,exact
Zoya Sadira Mens' Chino Shorts,Z0125028,exact
Zoya Men's Round Neck T-shirt,Z0424106,exact
Zoya Fitness Shorts,Z0920119,exact
Zoya Shani Men's Drawstring Shorts,Z0724018,exact
Zoya Essentials Basic Mini Bodycon,Z1221057,exact
Zoya Sadira Men's Polo T-Shirt,Z0125023,exact
Zoya Temo Mens Zipped Overshirt,Z0824044,exact
Zoya Yuni Men's Sweatshirt,Z0424110,exact
Zoya Vasha Track Pants,Z0225010,exact
Zoya Yuni Men's Long Sleeve T-shirt,Z0624103,exact
Zoya Banda Men's Wide Pants,Z0724070,exact
Zoya Temo Men's Patched Straight Leg Pants,Z0824050,exact
Zoya Shani Men's Summer Shirt,Z0724103,exact
Zoya Aridi Unisex Shacket (Flannel),Z1024004,exact
Zoya Capri Leggings,V0220060;Z0220060,exact
Zoya Vasha Midriff Jacket,Z0225006,exact
Zoya Vasha Track Pants With Pockets,Z0325018,exact
Zoya Basic Bodycon,Z0220118;Z0225014,exact
Zoya Basic Val Tank Top,V1219015;Z1219015,exact
Zoya Party Turtle Neck Maxi Top,Z1123018,exact
Zoya Chill Spaghetti Strap Tank Top,Z1021120,exact
Zoya Brave Satin Joggers(Tall),Sample & Sale Items;Z0422098,fuzzy
Zoya Kyro Cropped Shirt,Z1124125,exact
Zoya Sitawi Round Neck Midriff Top,Z1123007,exact
Zoya Yuni Contrast Stitch Cargo Pants,Z0324061,exact
Zoya Banda Crop Hoodie,Z0724053,exact
Zoya Temo Pleated Skirt,Z0824037,exact
Zoya Brave Satin Joggers(Regular),Z0422098,exact
Zoya Naya One Shoulder Flounce Satin Crop Top,Z0324024,exact
Zoya Yuni Halter Tank Top,Z0324069,exact
Zoya Party One Sleeved Side Cut Dress,Z0123052,exact
Zoya Yuni Cargo Pants,Z0324062,exact
Zoya Kyro Women's Oversized Blazer,Z1124119,exact
Zoya Shani Pleated Shorts,Z0624022,exact
Zoya Basic Spaghetti Tank Top,Z0821121,exact
Zoya Aridi Mens Straight Leg Pants,Z0924071,exact
Zoya Sadira Halter Neck Vest,Z0125021,exact
Zoya Nia Crop Oversized Jacket,Z0822091,exact
Zoya Long Sleeved Fitness Crop Top,Z1120066,exact
Zoya X Metamorphisized 143 Workman's Jacket,Z1024056,exact
Zoya Party Strappy One Shoulder Midi Dress,Z0123051,exact
Zoya Shani Kimono,Z0624001,exact
Zoya Temo Crop T,Z0824063,fuzzy
Zoya Brave Corduroy Booty Shorts,Z0422105,exact
Zoya Aridi Leggings,Z1024023,exact
Zoya Halter Neck Fitness Top,Z0920125,fuzzy
Zoya Yuni Men's Fleece Sweat Pants,Z0424111,exact
Zoya Nia Crop Bomber Jacket,Z0822092,exact
Zoya X Metamorphisized 143 Pleated Mini Skirt,Z1024061,exact
Zoya X Metamorphisized 143 Detachable Pants,Z1024060,exact
Zoya Sadira Men's Long Sleeve T Shirt,Z0125024,exact
Zoya Temo Cropped Jacket,Z0824034,exact
Zoya Men's Cargo Pants,Z0424109,exact
Zoya Party Tie Back Bodycon,Z1123026,exact
Vivo Must Have Shorts in Zena Print,V0224240;V6230367,exact
Zoya Basic Jersey Bandeau,Z1019075,exact
Vivo Leggings,FS02231;Sample & Sale Items,fuzzy
Vivo Nimali Side Flounce Top,VE0075B,exact
Vivo Essentials Tank Top,VE0001B;VE0001M;VE0001O;VE0001T;VE0001W;VE0001Y,exact
Safari Bush Drop Shoulder Long Sleeve Top,S0424064,exact
Safari Sizani Strappy Tent Top,S1124116,exact
Vivo Basic 3/4 Sleeved Bodysuit,V0719009,exact
Vivo Essentials Drop Shoulder Tunic Top,VE0077M,exact
Vivo Tana Puff Sleeve Bodysuit,V0822077,exact
Safari Men's Long Sleeve Shirt,S0424145,exact
Zoya Party Drawstring Hoodie,Z1123021,exact
Vivo Jersey Drop Shoulder Top,V1125001,exact
Vivo Kitenge Strappy Tie Back Top,V0624025,exact
Vivo Basic Neo Sienna Waterfall,V0122008,exact
Vivo Studio Mini Pencil Skirt in Ponte,V1225012,exact
Vivo Sakari Cap Sleeve Drape Top,V1123166,exact
Zoya Sadira Mens' Chino Pants,Z0125031,exact
Vivo Culottes,VE0036A,exact
Vivo Zuri Long Sleeved Blouse,V0221017,exact
Vivo Rayon Jersey Slip Dress,V1025038,exact
Safari Men's Cargo Pants,S0424047,exact
Safari Tafari Shorts,S0925046,exact
Vivo Chela Scalloped Sleeveless Top,V0225023,exact
Safari Men's Shacket,S0424037;SAF19DG;SAF19HG,exact
Vivo X This Is Essential Short Unitard,V0224109,exact
Vivo Amara Asymmetric Top,V1023098,exact
Vivo Rema Palazzo Pants,V0425009,exact
Safari Tafari Wrap Top,S1025031,exact
Vivo Rema Drawstring Turtleneck,V0425008,exact
Vivo X This Is Essential Long Sleeve Bodysuit,V0923039,exact
Zoya Brave Satin Joggers (Regular),,NOT FOUND
Vivo Jamila Side Drape Top,V0322083,exact
Vivo Alma Short Sleeve Mini Bodycon,V0825060,exact
Vivo Amai Cape Top,V0824017,exact
Vivo Lena Slim Fit Pants in Pinstripe,V0825015,exact
Vivo Sanali Off-Shoulder Knee Length Dress,V1123145,fuzzy
Vivo Jema Off Shoulder Tent Knee Length Dress,V0622006,exact
Safari Kitenge Men's Sweatshirt,S0824054,exact
Vivo Pendo Puff Sleeve Shift Dress,V0424012,exact
Safari Lira Drawstring Jacket,S1123091,exact
Vivo Wide Leg Pants With Short Lining,V0524166,exact
Vivo Basic Knee Length Shirt Dress,V0722037,exact
Safari Kitenge Men's Sweat Pants,S0824055,exact
Shiv & Shikie X Safari Short Sleeve Shirt,S0625017,exact
Vivo X Essence Asha Wide Leg Pants With Short Lining,V0624013,exact
Vivo Wila Cowl Poncho,V0824019,exact
Vivo Lulu Cotton Barrel Pants,V1125006,exact
Safari Mali Gathered Flounce Sleeve Tent Dress,S0223172,exact
Safari Kaya Long Sleeve Dolman Flounce Shirt Dress,S0622001,exact
Vivo Niari Sleeveless Pleated Dress,V0125077,exact
Safari Savannah Wrap Top,S0724009,exact
Safari Men's Bomber Jacket,S0424035,exact
Safari Zene Tiered Above Knee Dress,S1023063,exact
Safari Lira Drop Shoulder Dress,S1123112,exact
Safari Mali Bishop Sleeve Tent Dress,S0223179,exact
Vivo Analo Wide Hem Tent Dress,V0425002,exact
Vivo Nimali Satin Flounce Kimono - Black,,NOT FOUND
Vivo Nkasi Maxi Kimono,V0724030,exact
Vivo Jamila Halter Neck Maxi Dress,V0222237,exact
Safari by Vivo Naledi Bubble Midi Dress,S0925040,exact
Vivo Aleri Trench Coat Dress,V0625059,exact
Vivo Luna Single Tiered Strappy Maxi Dress,V0922019,exact
Safari Naledi Gathered Panel Maxi Skirt,S0325065,exact
Vivo Nkasi Bubble Sleeve Maxi Dress,V0724044,exact
Safari Tara Bishop Sleeve Dress,S0525069,exact
Safari 3/4 Sleeve Maxi Kimono With Headwrap,S0625014,exact
Safari Kikoy Wrap Dress,S0923093,exact
Safari Tie Back Maxi Dress,S0224200,exact
Vivo Malindi Tunic Dress With Frills,V0723098,exact
Vivo Studio 2-piece in Mixed Media,V0925053,exact
Vivo Alika Layered Dress,V1223070,exact
Safari Kitenge 3/4 sleeve Maxi Dress,S0223033,fuzzy
Vivo Maisha Kimono & Pant Set,V1225006,exact
Vivo Kelemi Halter Maxi Dress,V0924061,exact
