POS Location,Product Subcategory,Product Title,Sale Kind,Units Sold,Units Returned,Price (KES),Revenue (KES),Returns (KES),Net Sales (KES)
Online - Shop Zetu,Jumpsuits & Playsuits,Vivo  X This Is Essential Short Unitard - Navy Blue,order,1,0,3250,3250,0,3250
Online - Shop Zetu,Leggings,Vivo X This Is Essential Leggings - Navy Blue / White,order,1,0,2950,2950,0,2950
Online - Shop Zetu,Jumpsuits & Playsuits,Vivo X This Is Essential Long Unitard - Navy Blue,order,1,0,3950,3950,0,3950
Online - Shop Zetu,Bodysuits,Vivo X This Is Essential One Shoulder Bodysuit - Navy,order,2,0,2250,4500,0,4500
Online - Shop Zetu,Midriff & Crop Tops,Vivo X This Is Essential Raceback Bralette - Navy Blue,order,1,0,1500,1500,0,1500
Online - Shop Zetu,Bodysuits,Vivo X This Is Essentials Long Sleeve Crew Neck Bodysuit - White,order,1,0,3750,3750,0,3750
The Oasis Mall,Jumpsuits & Playsuits,Vivo X This Is Essential Long Unitard - Navy Blue,order,1,0,3103,3103,0,3103
Vivo Garden City,Jumpsuits & Playsuits,[V0224108BLAS] Vivo X This Is Essential Long Unitard - Black (S),order,1,0,3950,3950,0,3950
Zoya Sarit,Leggings,Vivo X This Is Essential Leggings - Black / White (S),order,1,0,2950,2950,0,2950
