SKU,Uganda Product Title,Price (UGX),Compare At Price (UGX)
V0223139NABM,Vivo Basic Izzy Satin Bishop Sleeve Top - Navy Blue,27720,39600
V0423025BLAS,Vivo Tatili Drop Shoulder Cowl Top - Black,11620,16600
S0124010PR2S,Safari Haya Strappy Tie Back Maxi Dress - Dark Green Kiki Print,47600,68000
V0924095LILS,Vivo Serwa Flounce Dress - Lilac,126000,181000
V0924095LIL3X,Vivo Serwa Flounce Dress - Lilac,126000,
S0224196HGN4X,Safari Kamari Wide Leg Pants - Hunters Green,95000,4750
V0523180NABL,Vivo Laika Long Sleeve Mandarin Top - Navy Blue,20790,29700
V0624004PR2M,Vivo Nasinka A-line Knee Length Dress - Navy / Tan Sika Print,126700,181000
V0122102HGNS,Vivo Faraji Side Slit Leisure Pants - Hunters Green,9030,12900
V0723048WHIM,Vivo Sawari Long Sleeve V-Neck Midriff Top - White,37240,53200
V0421003OFWM,Vivo Muna Cap Sleeved Knee Length Dress - Off White,97300,139000
V0125032PR2S,Vivo Yene Jumpsuit - White / Burgundy Shibori Print,134400,192000
Z0822087NABS,Zoya Nia Wide Leg Shorts - Navy Blue,24640,35200
V0120065PR311X/2X,Vivo Basic Nandi A-Line Kimono - Black / White Off-white Nel Print,129000,
V0425056DPURM,Vivo Diella 3/4 Sleeve A-Line Dress  - Dark Purple,109200,156000
V0325036MUSS,Vivo Kaisa Short Sleeve Maxi Bodycon - Mustard,95900,137000
VE0003TEA3X,Vivo Essentials Capri Leggings - Teal,87000,0
VE0003MUL3X,Vivo Essentials Capri Leggings - Mulberry,87000,0
V0424158KHA2X,Vivo Cowl Camisole - Khaki,16800,42000
V0523154NAV4X,Vivo Basic Cap Sleeved Bodysuit - Navy Blue,74000,2250
S0424075PIN4X,Safari Huru Halter Sleeveless High Low Dress - Pink,188000,
V0722063BLAL/XL,Vivo Long Sleeve Maxi Waterfall - Black,46800,234000
V0525008PR8F,Vivo Keza  Circular Loose Top - Lilac / Navy Willow Print,121000,
V0824086PR6M,Vivo Chidii Wide Leg Pants - Light Tan / Navy Tulu Print,112000,160000
V0421003OFWL,Vivo Muna Cap Sleeved Knee Length Dress - Off White,139000,
VE0008YEL3X,Vivo Essentials Bodycon - Yellow,137000,0
V0824086PR6S,Vivo Chidii Wide Leg Pants - Light Tan / Navy Tulu Print,112000,160000
V0623026PR25L/1X,Vivo Maisha Long Sleeve High Low Kimono - Mint / Beige Tawi Print,54600,78000
V0725023RED1X,Vivo Ari One Shoulder Maxi Dress - Red,95000,190000
V1124094PR24X,Vivo Serwa Crepe Pants - Light Blue / Navy Sera Print,70000,139000
V0725021PR31X/2X,Vivo Kemi Side Cowl Maxi Dress - White / Lime Emi Print,204000,
V1124094PR23X,Vivo Serwa Crepe Pants - Light Blue / Navy Sera Print,70000,139000
V0524194PR5S/M,Vivo Cuffed Wide Sweater - Black / Rust,149800,214000
V0825060LIMM,Vivo Alma Short Sleeve Mini Bodycon - Lime,84700,121000
V0723048GRY1X,Vivo Sawari Long Sleeve V-Neck Midriff Top - Grey,37240,53200
VE0034MOA4X,Vivo Shorts - Moabi,46400,116000
V0525026PR5F,Vivo Maisha Wide Kimono - Grey / Black Print,156000,
V0120065PR31XS/S,Vivo Basic Nandi A-Line Kimono - Black / White Off-white Nel Print,129000,
V1025012SGRNM/L,Vivo Anavi Cascade Waterfall - Sea Green,156000,4500
V1221043PR471X,Vivo Basic Satin Cap Sleeve Top - Dark Tan / Lime Print,82000,
V1019114PR3XS/S,Vivo Basic Nandi High Slit Kimono -  Blush Pink / White Idu Print,127000,
V0725029SEGS,Vivo Ari Sleeveless Straight Maxi Slit Dress - Sea Green,119000,170000
V0825060LIMS,Vivo Alma Short Sleeve Mini Bodycon - Lime,84700,121000
V1123129PR11S,Vivo Sanali Wide Leg Pants - Beige / Red Print,114800,164000
S0424081DTAM/L,Safari Lounge Pants - Dark Tan,144000,
V0425056DPUR1X,Vivo Diella 3/4 Sleeve A-Line Dress  - Dark Purple,156000,4500
V1019114PR10M/L,Vivo  Nandi High Slit Kimono - Navy / Grey Print,127000,3900
V0624033PR142X,Vivo Nasinka A-Line Maxi Dress - Orange / Black Tilla Print,226000,
V0924095LIL1X,Vivo Serwa Flounce Dress - Lilac,126000,
S0525022PR4M,Safari Naledi Flounce Tent Dress - Green / Blue Nale Print,179200,256000
S0424081POBM/L,Safari Lounge Pants - Powder Blue,144000,
V0625047BLRE1X/2X,Vivo Iyana Maxi Cover Up - Black / Red,225000,6500
V0924095PR4S,Vivo Serwa Flounce Dress - Black / Pink Print,134400,192000
V0625037BLA1X,Vivo Kani Tent Top - Black,100000,
V0523155HGNS,Vivo Sia  Leisure Pants - Hunters Green,30870,44100
V0525075PR4S,Vivo Basic Round Neck Maxi Dress - Blue / Black Print,158200,226000
V0825060LIML,Vivo Alma Short Sleeve Mini Bodycon - Lime,121000,
S0924011BLAS,Safari Mansi Wide Hem Tent Dress - Black,187000,187000
S0725040PR1S,Safari Nazari Three Tiered Maxi Dress - Mustard / Brown Polka Dot Print,203700,291000
V0825001DAMS,Vivo Ria Panelled Pants - Dark Mustard,109200,156000
V1223032PR17S,Vivo Asha Sleeveless Maxi Dress - Pink / Burgundy Eta Print,149800,214000
V0925030ORAL,Vivo Anavi Runched Tank Top - Orange,87000,2500
V0625044LMY1X,Vivo Iyana Tank Top - Lime Yellow,66000,
VE0008YELXS,Vivo Essentials Bodycon - Yellow,95900,137000
V1124109NABS,Vivo Seli Wide Leg Pants - Navy Blue,112000,160000
V0625045PR1S,Vivo Iyana Bow Tie Mini Dress - Green / Pink Iya Print,133000,190000
V0121168PR104S,Vivo Basic Cap Sleeve Tent Knee Length Dress - White / Light Pink Nisa Print,126000,180000
V0121168RUSS,Vivo Basic Cap Sleeve Tent Knee Length Dress - Rust,126000,180000
V0624004PR82X,Vivo Nasinka A-Line Knee Length Dress - Mustard / Dark Red Fani Print,180000,
S0925046PR10S,Safari Tafari Shorts - Shan Print,67900,97000
V1124109PR5S,Vivo Seli Wide Leg Pants - Lime / Green Raha Print,112000,160000
V0825014DRE1X,Vivo Nora Front Pleat Knee Length Dress - Dark Red,156000,
V0224220PR8M,Vivo Nala 3/4 Sleeve Tent Dress - Cream / Blue Print,204000,193000
V1124102BLUM,Vivo Tahisa Straight Leg Pants - Blue,95900,137000
S0825007PR1S,Safari Nazari Bubble Midi Dress - Beige / Black Print,154700,221000
V1025009PR2S,Vivo Liora Wide Leg Pants - Red / Black Ziza Print,119000,170000
V0525042PR1S/M,Vivo Samira High Low Top - Black / Cream Sira Print,70000,100000
V0423050LIMS,Vivo Tatili Wide Leg Pants - Lime,102900,147000
V0125014PR5XS/S,Vivo Seli Wide Top - Lime / Green Raha Print,127000,
V0223153PR12S,Vivo Yumi Maxi Shirt Dress - Burgundy / Peach Print,148400,212000
V0524179YELS,Vivo Basic Chiffon Bishop Sleeve Top (Double Layered) - Yellow,67200,96000
V1020056DTEAL,Vivo Waridi Sleeveless Overcoat - Dark Teal,129000,
V0423018TEAM,Vivo Wastani Shirred Sleeve Easy Fit Shirt - Teal,102900,147000
V0825017PR5L,Vivo Basic Cap Sleeve Chiffon Maxi Dress - Lilac / Purple Sinka Print,226000,
S0224196WHI1X,Safari Kamari Wide Leg Pants - White,155000,0
V0624004PR6L,Vivo Nasinka A-Line Knee Length Dress - Red / Black Fani Print,180000,
V1025012ORAXS/S,Vivo Anavi Cascade Waterfall - Orange,156000,4500
V0925030SGRNS,Vivo Anavi Runched Tank Top - Sea Green,60900,87000
V0825009TAUS,Vivo Nora 3/4 Sleeve Peplum Top - Taupe,70000,100000
V0121168WHI2X,Vivo Basic Cap Sleeve Tent Knee Length Dress - White,180000,5500
V0223154DTEALM,Vivo Yumi High Low Shirt Dress - Dark Teal,108500,155000
V0725042REDS,Vivo Aleri Front Slit Sheath Dress - Red,109200,156000
V0625059MARL,Vivo Aleri Trench Coat Dress - Maroon,204000,
S0825039DGNS,Safari Solana Bubble Midi Skirt - Dark Green,140700,201000
V0523165PR8M,Vivo Laika 3/4 Sleeve Tent Dress - White / Dusty Pink Tamra Print,126000,180000
V0525043PR12S/M,Vivo Samira Maxi Kimono - Teal / Red Print,142800,204000
V1019114PR4M/L,Vivo Basic Nandi High Slit Kimono -  Cream / Blue Print,127000,3900
V0724132NAVS,Vivo Situ Off-Shoulder Tie Maxi Dress - Navy,135100,193000
V1019114PR31X/2X,Vivo Basic Nandi High Slit Kimono -  Blush Pink / White Idu Print,127000,
V1221043PR47L,Vivo Basic Satin Cap Sleeve Top - Dark Tan / Lime Print,82000,
V0225025LTAUM,Vivo Chela Drawstring Shorts - Light Taupe,61600,88000
V0719105NAB2XL,Vivo Basic A-line Maxi Skirt - Navy Blue,139000,
V0322110PR19S,Vivo Dalia Sleeveless Gathered Tent Dress - Beige / Black Print,120400,172000
V0325040BHTS,Vivo Kaisa Maxi Skirt - Black Hill Texture,78400,112000
V0625059MAR1X,Vivo Aleri Trench Coat Dress - Maroon,204000,
V0624004PR81X,Vivo Nasinka A-Line Knee Length Dress - Mustard / Dark Red Fani Print,180000,
V0121167LBLU1X/2X,Vivo Dua 3/4 Sleeved V Neck Shirt - Light Blue,114000,
V0922015LIMS1X,Vivo Pesi Basic Long Sleeve Shirt - Lime Stripes,129000,3950
V0725025SEGM/L,Vivo Cap Sleeve Salma Maxi Dress - Sea Green,193000,
S0724143RUSHM,Safari Njano Joggers - Rust / Himo Print,109900,157000
V0625036CHOC1X,Vivo Kani 3/4 Sleeve Knee Length Dress - Chocolate,204000,5900
V0725046DGRY1X,Vivo Alma Mini Skirt - Dark Grey,87000,
V0725042HUNS,Vivo Aleri Front Slit Sheath Dress - Hunters,109200,156000
V0325034BHTS,Vivo Kaisa Mock Neck Sleeveless Top - Black Hill Texture,42700,61000
V0624004PR71X,Vivo Nasinka A-Line Knee Length Dress - Light Pink / Green Fani Print,180000,
V0625045PR1L,Vivo Iyana Bow Tie Mini Dress - Green / Pink Iya Print,133000,190000
V0625059MARS,Vivo Aleri Trench Coat Dress - Maroon,142800,204000
V0722063CARL/XL,Vivo Long Sleeve Maxi Waterfall - Caramel,227000,
V0524179YELM,Vivo Basic Chiffon Bishop Sleeve Top (Double Layered) - Yellow,67200,96000
V0624006PR5L,Vivo Nasinka A-Line Knee Length Dress - Sea Green / Burgundy Print,126000,180000
V1021174DORS,Vivo Ponte Back Pleat High Low Dress - Dark Orange,113400,162000
V0225003PR3S,Vivo Ayah Drawstring Pants - Lilac / Orange Zani Print,119000,170000
V0725002MAR1X,Vivo Kani Wide Leg Pants - Maroon,156000,
V0925053ORAL,Vivo Studio 2-piece in Mixed Media - Orange,228000,
V0625036PR1M,Vivo Kani 3/4 Sleeve Knee Length Dress - Mustard / Dusty Pink Dashen Print,142800,204000
V1019114PR171X/2X,Vivo Nandi High Slit Kimono - White / Light Blue Sinka Print,127000,3900
V0925016DGRY1X/2X,Vivo Alma Drawstring Top - Dark Grey,121000,
V0823120NAB1X,Vivo Naya Cigarette Pants - Navy Blue,9310,13300
V0624005PR5M,Vivo Nasinka A-Line Knee Length Dress - Sea Green / Burgundy Print,126000,180000
V0722063CARS/M,Vivo Long Sleeve Maxi Waterfall - Caramel,227000,
V0625048PR4M,Vivo Iyana Knee Length Bubble Dress - Brown / Chocolate Iya Print,204000,5900
V1022057NABS,Vivo Basic Maternity Leggings - Navy Blue,93000,
V1025038NAVM,Vivo Rayon Jersey Slip Dress - Navy,67900,97000
S0724143NABT1X,Safari Njano Joggers - Navy Blue / Tana Print,166000,
V1025049TEA2X,Vivo Studio Bodysuit In Jersey - Teal,83000,
V0221084PR38M,Vivo Sierra Cap Sleeve Tent Chiffon Dress - Dark Orange / Black Mohi Print,180000,
V0719105NABS,Vivo Basic A-line Maxi Skirt - Navy Blue,97300,139000
V0725023REDS,Vivo Ari One Shoulder Maxi Dress - Red,66500,95000
V1125011PR41X,Vivo Talia Kimono & Shorts Set - Cream / Rust Print,225000,
V1025012ORA1X/2X,Vivo Anavi Cascade Waterfall - Orange,156000,4500
V1123177DREDS,Vivo Sakari Drop Shoulder Jumpsuit - Dark Red,148400,212000
V0825013RED1X,Vivo Lena Front Slit Knee Length Dress - Red,156000,
V1025049NAV2X,Vivo Studio Bodysuit In Jersey - Navy,83000,
V0823120NABL,Vivo Naya Cigarette Pants - Navy Blue,9310,13300
V0925028DOLI1X,Vivo Studio Strapless Maxi in Crepe - Dark Olive,222000,
V0625048PR4S,Vivo Iyana Knee Length Bubble Dress - Brown / Chocolate Iya Print,204000,5900
V0625043PR2L,Vivo  Iyana Bubble Midi Skirt - Yellow / Lilac Iya Print,170000,
V1025044DRDS,Vivo Chela Jersey Pallazo Pants - Dark Red,94500,135000
V0125045PR7XS/S,Vivo Isabi Sleeveless Kimono - Lilac / Purple Pasi Print,170000,4900
V0624004PR8S,Vivo Nasinka A-Line Knee Length Dress - Mustard / Dark Red Fani Print,180000,
V0825001DAMM,Vivo Ria Panelled Pants - Dark Mustard,109200,156000
S1025031PR11L/1X,Safari Tafari Wrap Top - Songwe Print,118000,3400
V0523165PR6S,Vivo Laika 3/4 Sleeve Tent Dress - Cream / Rust Print,126000,180000
V0423019OGRNS,Vivo Wastani Drawstring Pants - Olive Green,112000,160000
V0725029SEGL,Vivo Ari Sleeveless Straight Maxi Slit Dress - Sea Green,170000,
V0924095LILL,Vivo Serwa Flounce Dress - Lilac,126000,
V0925053ORAS,Vivo Studio 2-piece in Mixed Media - Orange,159600,228000
V0825013REDL,Vivo Lena Front Slit Knee Length Dress - Red,156000,
V0421003PR381X,Vivo Muna Cap Sleeve Knee Length Dress - Rust / Cream Print,180000,
V0925053BUR1X,Vivo Studio 2-piece in Mixed Media - Burgundy,239000,
V0825012PURL,Vivo Nora Front Slit Knee Length Skirt - Purple,121000,
V0725002MARL,Vivo Kani Wide Leg Pants - Maroon,156000,
V0322154PR21X,Vivo Jasiri Bishop Sleeve Shift Dress - Cream / Red Tiwi Print,97300,139000
V0423023SBLUS,Vivo Tatili Bishop Long Sleeve Top - Sky Blue,79800,114000
V0525015PR6L,Vivo Samira Pants - Green / Dark Green Print,100000,
V0825012NAVL,Vivo Nora Front Slit Knee Length Skirt - Navy,121000,
V0523168BLAS,Vivo Laika Bishop Sleeve Shift Dress - Black,180000,0
V0625051NAB1X,Vivo Basic Val Tank Top - Navy Blue,49000,
V0623045WHI2X,Vivo Pendo Cap Sleeve Tent Knee Length Dress - White,180000,5500
V1025038NAV1X,Vivo Rayon Jersey Slip Dress - Navy,97000,
V1025038NAV2X,Vivo Rayon Jersey Slip Dress - Navy,97000,
V0623026PR27S/M,Vivo Maisha Long Sleeve High Low Kimono - Cream / Gold Uwa Print,109200,156000
V0825013REDM,Vivo Lena Front Slit Knee Length Dress - Red,109200,156000
V0225003PR31X,Vivo Ayah Drawstring Pants - Lilac / Orange Zani Print,170000,
V0423019CHOS,Vivo Wastani  Drawstring Pants - Chocolate,160000,4900
V0425034RUSS,Vivo Sierra Maxi Chiffon Dress - Rust,158200,226000
V0223225PR24F,Vivo Basic Open Kaftan - Navy Blue / Mustard Print,172000,5250
V0725002PR5S,Vivo Kani Wide Leg Pants - Light Mustard / Navy Tamra Print,156000,4500
V0125032PR2L,Vivo Yene Jumpsuit - White / Burgundy Shibori Print,192000,
S0724143GRNT1X,Safari Njano Joggers - Green / Tafo Print,157000,
V0622023PR452X,Vivo Zuri Cap Sleeve Knee Length Dress - Blue / Black Print,180000,
V0423018PR2S,Vivo Wastani Shirred Sleeve Easy Fit Shirt - Light Blue / Teal Marra Print,102900,147000
V0723045OLIXS/S,Vivo Sawari Crossed Cuff Batwing Top - Olive,114000,4550
V0625047PR21X/2X,Vivo Iyana Maxi Cover Up - Lilac / Purple Iya Print / Purple,212000,
V0525015PR62X,Vivo Samira Pants - Green / Dark Green Print,100000,
V1125006MARM,Vivo Lulu Cotton Barrel Pants - Maroon,119000,170000
V0925026BLAS,Vivo Liora Shorts - Black,87000,
V0121168WHIM,Vivo Basic Cap Sleeve Tent Knee Length Dress - White,180000,5500
V0825009PURS,Vivo Nora 3/4 Sleeve Peplum Top - Purple,100000,
V0423050LIML,Vivo Tatili Wide Leg Pants - Lime,147000,0
V0825012NAV1X,Vivo Nora Front Slit Knee Length Skirt - Navy,121000,
V0921140PR12XS/S,Vivo Alek 3/4 sleeve A-Line Kimono - Teal / Black Umbo Print,149000,3950
V1124094DNAV3X,Vivo Serwa Crepe Pants - Dark Navy,139000,139000
V0623011CHOM/L,Vivo Zahari 3/4 Sleeve Off-Shoulder Jumpsuit - Chocolate,212000,
V1025038NAVS,Vivo Rayon Jersey Slip Dress - Navy,67900,97000
V1025007WHIS,Vivo Liora Drawstring Pants - White,109200,156000
V0925026PR1L,Vivo Liora Shorts - Red / Black Ziza Print,87000,
V0724080TAUM,Vivo Basic Tank Top - Taupe,49000,
V0424161PR5F,Vivo Sarong Skirt - Dark Green / Hunters Print,135000,
S0925046PR1M,Safari Tafari Shorts - Light Blue Asili Print,97000,2800
V1223034PR11S,Vivo Asha Sleeveless Knee Length Dress - Purple / Navy Nola Print,126000,180000
V0121168PR87M,Vivo Basic Cap Sleeve Knee Length Tent Dress - Navy / White Print,126700,181000
V0423006MAR1X/2X,Vivo Bana Batwing Top -  Maroon,127000,
V0220007DAMS,Vivo Everyday Long Sleeved Double Layered  Bodysuit - Dark Mustard,100000,
V0324069LGRYL,Vivo Basic Sleeveless Bodysuit - Light Grey,29600,74000
V1020057NAB2X,Vivo Basic Waridi Pencil Skirt - Navy Blue,96000,2950
VE0003TEA2X,Vivo Essentials Capri Leggings - Teal,87000,0
V0425034RUSL,Vivo Sierra Maxi Chiffon Dress - Rust,226000,
S0925046PR10M,Safari Tafari Shorts - Shan Print,67900,97000
V0924104LGRYM,Vivo Pelia Round Neck Dress - Light Grey,135100,193000
V0421003PR38L,Vivo Muna Cap Sleeve Knee Length Dress - Rust / Cream Print,180000,
V1025049BUR1X,Vivo Studio Bodysuit In Jersey - Burgundy,87000,
V0423019OGRN1X,Vivo Wastani Drawstring Pants - Olive Green,160000,
V1125040WHIL,Vivo Talia Wide Leg Pants - White,170000,
V0126018PR5S,Vivo Liora Sleeveless Drawstring Top In Satin - Grey / Black Print,111000,
V0523168DAPM,Vivo Laika Bishop Sleeve Shift Dress - Dark Pink,126000,180000
S0724143GRNTL,Safari Njano Joggers - Green / Tafo Print,157000,
V0825019BLAS,Vivo Nora Wide Leg Pants - Black,170000,
V1025012SGRN1X/2X,Vivo Anavi Cascade Waterfall - Sea Green,156000,4500
V1025015MUS1X/2X,Vivo Chela Jersey Sleeveless Waterfall - Mustard,135000,
V0925053BLAL,Vivo Studio 2-piece in Mixed Media - Black,229000,
V0325007BLAL,Vivo Safa Skirt - Black,102000,
V1125001OLI1X,Vivo Jersey Drop Shoulder Top - Olive,82000,
S0925008PR8M/L,Safari Tafari High Slit Kimono - Rust / Bito Print,222000,
V0925030ORAS,Vivo Anavi Runched Tank Top - Orange,60900,87000
V0825013REDS,Vivo Lena Front Slit Knee Length Dress - Red,156000,
V0825014CHOS,Vivo Nora Front Pleat Knee Length Dress - Chocolate,156000,
V1119113RUSM/L,Vivo Everyday Sleeveless Jersey Waterfall - Rust,95000,
V0725002MARM,Vivo Kani Wide Leg Pants - Maroon,156000,
V0625018PR5S,Vivo Alani High Low Dress - Black Stripes Print,51800,74000
V1025020PR2S,Vivo Liora Sleeveless Drawstring Top - Red / Black Ziza Print,77700,111000
V0825032PR1L,Vivo Kemi Maxi Skirt - Lime Green / Maroon Emi Print,160000,
V0925030SGRNM,Vivo Anavi Runched Tank Top - Sea Green,60900,87000
V1025012ORAM/L,Vivo Anavi Cascade Waterfall - Orange,156000,4500
V0925054NAVM,Vivo Talia Maxi Slip Skirt - Navy,135000,
V0819031TEGM,Vivo Basic Lined Capri Skirt - Teal Green,74200,106000
V1125011PR1L,Vivo Talia Kimono & Shorts Set - Lilac / Purple Print,225000,
V0623011CHOXS/S,Vivo Zahari 3/4 Sleeve Off-Shoulder Jumpsuit - Chocolate,212000,
V0524178REDL,Vivo Basic Chiffon Cap Sleeve Top (Double Layered) - Red,95000,
V0723043SGR1X,Vivo Basic Val Long Sleeve Top - Sea Green,83000,
V0625030BURS,Vivo Aleri Coat - Burgundy,142800,204000
V0924095OLIS,Vivo Serwa Flounce Dress - Olive,193000,
V0622002MUSL,Vivo Basic Drop Shoulder Top - Mustard,83000,1200
V0825019BLAL,Vivo Nora Wide Leg Pants - Black,170000,
V1125001BLAS,Vivo Jersey Drop Shoulder Tank Top - Black,82000,
S0724086WHIXS/S,Safari Savannah Drawstring Shacket - White,275000,
V0925055LILM,Vivo Talia Front Slit Maxi Top - Lilac,170000,
V0924104LGRYL,Vivo Pelia Round Neck Dress - Light Grey,193000,
V0525015PR5S,Vivo Samira Pants - Mustard / Brown Print,100000,
V0725045FUSS,Vivo Ria Mock Neck Top - Fuschia,87000,
V0126014LGR1X,Vivo Studio Shoulder Tie Top in Jersey - Lime Green,106000,
V0924096LBLUM,Vivo Serwa Tent Dress In Crepe - Light Blue,135100,193000
V0625047PR2M/L,Vivo Iyana Maxi Cover Up - Lilac / Purple Iya Print / Purple,212000,
V0223152DGNS/M,Vivo Yumi Off Shoulder Jumpsuit - Dark Green,226000,6900
V0525002DGRNM,Vivo Niari Full Length Pants - Dusty Green,94500,135000
V0924096LBLUL,Vivo Serwa Tent Dress In Crepe - Light Blue,193000,
V0524178REDS,Vivo Basic Chiffon Cap Sleeve Top (Double Layered) - Red,95000,
V0825019DARL,Vivo Nora Wide Leg Pants - Dark Red,170000,
S0925046PR7L,Safari Tafari Shorts - Laka Print,97000,2800
V1020056NABS,Vivo Waridi Sleeveless Overcoat - Navy Blue,36120,51600
V0225011GRES,Vivo Niari straight leg Pants - Green,95900,137000
