SKU,Product Name,Price (KES),Price (UGX est.),Source
V0223139NABM,Vivo Basic Izzy Satin Bishop Sleeve Top - Navy Blue - NAVY BLUE / V0223139 / M,2715,77565,Uganda sales
V0423025BLAS,Vivo Tatili Drop Shoulder Cowl Top - Black - BLACK / V0423025 / S,2852,81493,Uganda sales
S0124010PR2S,Safari Haya Strappy Tie Back Maxi Dress - Dark Green Kiki Print - DARK GREEN KIKI PRINT / S0124010 / S,4777,136475,Uganda sales
V0924095LILS,Vivo Serwa Flounce Dress - Lilac,4330,123711,Uganda sales
V0924095LIL3X,Vivo Serwa Flounce Dress - Lilac - LILAC / V0924095 / 3X,5550,,Kenya sales (no Uganda record)
S0224196HGN4X,Safari Kamari Wide Leg Pants - Hunters Green - HUNTERS GREEN / S0224196 / 4X,2900,,Kenya sales (no Uganda record)
V0523180NABL,Vivo Laika Long Sleeve Mandarin Top - Navy Blue - NAVY BLUE / V0523180 / L,3402,97202,Uganda sales
V0624004PR2M,Vivo Nasinka A-line Knee Length Dress - Navy / Tan Sika Print - NAVY / TAN SIKA PRINT / V0624004 / M,6220,177713,Uganda sales
V0122102HGNS,Vivo Faraji Side Slit Leisure Pants - Hunters Green - HUNTERS GREEN / V0122102 / S,4433,126657,Uganda sales
V0723048WHIM,Vivo Sawari Long Sleeve V-Neck Midriff Top - White - WHITE / V0723048 / M,4570,130584,Uganda sales
V0421003OFWM,Vivo Muna Cap Sleeved Knee Length Dress - Off White - OFF WHITE / V0421003 / M,4777,136475,Uganda sales
V0125032PR2S,Vivo Yene Jumpsuit - White / Burgundy Shibori Print,3885,,Kenya sales (no Uganda record)
Z0822087NABS,Zoya Nia Wide Leg Shorts - Navy Blue - NAVY BLUE / Z0822087 / S,2550,,Kenya sales (no Uganda record)
V0120065PR311X/2X,Vivo Basic Nandi A-Line Kimono - Black / White Off-white Nel Print - BLACK / OFF-WHITE NEL PRINT / V0120065 / 1X/2X,4433,126657,Uganda sales
V0425056DPURM,Vivo Diella 3/4 Sleeve A-Line Dress  - Dark Purple - DARK PURPLE / V0425056 / M,4500,,Kenya sales (no Uganda record)
V0325036MUSS,Vivo Kaisa Short Sleeve Maxi Bodycon - Mustard - mustard / V0325036 / s-1,5301,,Kenya sales (no Uganda record)
VE0003TEA3X,Vivo Essentials Capri Leggings - Teal - Teal / VE0003 / 3X,2990,85420,Uganda sales
VE0003MUL3X,Vivo Essentials Capri Leggings - Mulberry - Mulberry / VE0003 / 3X,2990,85420,Uganda sales
V0424158KHA2X,Vivo Cowl Camisole - Khaki - KHAKI / V0424158 / 2X,1443,41237,Uganda sales
V0523154NAV4X,Vivo Basic Cap Sleeved Bodysuit - Navy Blue,2543,72656,Uganda sales
S0424075PIN4X,Safari Huru Halter Sleeveless High Low Dress - Pink - PINK / S0424075 / 4X,6460,184585,Uganda sales
V0722063BLAL/XL,Vivo Long Sleeve Maxi Waterfall - Black - BLACK / V0722063 / L/XL,7801,222877,Uganda sales
V0525008PR8F,Vivo Keza  Circular Loose Top - Lilac / Navy Willow Print - LILAC / NAVY WILLOW PRINT / V0525008 / F,4158,118802,Uganda sales
V0824086PR6M,Vivo Chidii Wide Leg Pants - Light Tan / Navy Tulu Print,3849,109966,Uganda sales
V0421003OFWL,Vivo Muna Cap Sleeved Knee Length Dress - Off White,4777,136475,Uganda sales
VE0008YEL3X,Vivo Essentials Bodycon - Yellow - YELLOW / VE0008 / 3X,2750,,Kenya sales (no Uganda record)
V0824086PR6S,Vivo Chidii Wide Leg Pants - Light Tan / Navy Tulu Print - LIGHT TAN / NAVY / V0824086 / S,5498,157094,Uganda sales
V0623026PR25L/1X,Vivo Maisha Long Sleeve High Low Kimono - Mint / Beige Tawi Print,2250,,Kenya sales (no Uganda record)
V0725023RED1X,Vivo Ari One Shoulder Maxi Dress - Red,2200,,Kenya sales (no Uganda record)
V1124094PR24X,Vivo Serwa Crepe Pants - Light Blue / Navy Sera Print,2120,,Kenya sales (no Uganda record)
V0725021PR31X/2X,Vivo Kemi Side Cowl Maxi Dress - White / Lime Emi Print - WHITE/ LIME EMI PRINT / V0725021 / 1X/2X,7010,200295,Uganda sales
V1124094PR23X,Vivo Serwa Crepe Pants - Light Blue / Navy Sera Print - LIGHT BLUE / NAVY SERA PRINT / V1124094 / 3X,1911,54590,Uganda sales
V0524194PR5S/M,Vivo Cuffed Wide Sweater - Black / Rust - BLACK / RUST / V0524194 / S/M,7354,210113,Uganda sales
V0825060LIMM,Vivo Alma Short Sleeve Mini Bodycon - Lime,2911,83162,Uganda sales
V0723048GRY1X,Vivo Sawari Long Sleeve V-Neck Midriff Top - Grey - GREY / V0723048 / 1X,893,25528,Uganda sales
VE0034MOA4X,Vivo Shorts - Moabi - VE0034 / MOABI / 4X,790,22582,Uganda sales
V0525026PR5F,Vivo Maisha Wide Kimono - Grey / Black Print - grey-black-print-1 / V0525026 / f,5361,153167,Uganda sales
RFS0125002 - RFS2,Vivo Loose Tops - RFS 2,3918,111929,Uganda sales
V0120065PR31XS/S,Vivo Basic Nandi A-Line Kimono - Black / White Off-white Nel Print - BLACK / OFF-WHITE NEL PRINT / V0120065 / XS/S,4433,126657,Uganda sales
V1025012SGRNM/L,Vivo Anavi Cascade Waterfall - Sea Green - SEA GREEN / V1025012 / M/L,4500,,Kenya sales (no Uganda record)
V1221043PR471X,Vivo Basic Satin Cap Sleeve Top - Dark Tan / Lime Print,2818,80511,Uganda sales
V1019114PR3XS/S,Vivo Basic Nandi High Slit Kimono -  Blush Pink / White Idu Print - BLUSH PINK / WHITE IDU PRINT / V1019114 / XS/S,4433,126657,Uganda sales
V0725029SEGS,Vivo Ari Sleeveless Straight Maxi Slit Dress - Sea Green,3920,,Kenya sales (no Uganda record)
V0825060LIMS,Vivo Alma Short Sleeve Mini Bodycon - Lime - LIME / V0825060 / S,3500,,Kenya sales (no Uganda record)
V1123129PR11S,Vivo Sanali Wide Leg Pants - Beige / Red Print - BEIGE / RED PRINT / V1123129 / S,5566,,Kenya sales (no Uganda record)
S0424081DTAM/L,Safari Lounge Pants - Dark Tan - DARK TAN / S0424081 / M/L,4948,141385,Uganda sales
V0425056DPUR1X,Vivo Diella 3/4 Sleeve A-Line Dress  - Dark Purple - PURPLE / V0425056 / 1X,4500,,Kenya sales (no Uganda record)
V1019114PR10M/L,Vivo  Nandi High Slit Kimono - Navy / Grey Print,4364,124693,Uganda sales
V0624033PR142X,Vivo Nasinka A-Line Maxi Dress - Orange / Black Tilla Print,7766,221895,Uganda sales
V0924095LIL1X,Vivo Serwa Flounce Dress - Lilac,4440,,Kenya sales (no Uganda record)
S0525022PR4M,Safari Naledi Flounce Tent Dress - Green / Blue Nale Print - green-blue-nale-print / S0525022 / m-1,8797,251350,Uganda sales
S0424081POBM/L,Safari Lounge Pants - Powder Blue - POWDER BLUE / S0424081 / M/L,4948,141385,Uganda sales
V0625047BLRE1X/2X,Vivo Iyana Maxi Cover Up - Black / Red - BLACK / V0625047 / 1X/2X,6500,,Kenya sales (no Uganda record)
V0924095PR4S,Vivo Serwa Flounce Dress - Black / Pink Print,4619,131959,Uganda sales
V0625037BLA1X,Vivo Kani Tent Top - Black - BLACK / V0625037 / 1X,2900,,Kenya sales (no Uganda record)
V0523155HGNS,Vivo Sia  Leisure Pants - Hunters Green - HUNTERS GREEN / V0523155 / S,1515,43299,Uganda sales
V0525075PR4S,Vivo Basic Round Neck Maxi Dress - Blue / Black Print,5436,155327,Uganda sales
V0825060LIML,Vivo Alma Short Sleeve Mini Bodycon - Lime - LIME / V0825060 / L,3500,,Kenya sales (no Uganda record)
S0924011BLAS,Safari Mansi Wide Hem Tent Dress - Black - BLACK / S0924011 / S,6426,183604,Uganda sales
S0725040PR1S,Safari Nazari Three Tiered Maxi Dress - Mustard / Brown Polka Dot Print,7000,200000,Uganda sales
V0825001DAMS,Vivo Ria Panelled Pants - Dark Mustard - MUSTARD / V0825001 / S,5361,153167,Uganda sales
V1223032PR17S,Vivo Asha Sleeveless Maxi Dress - Pink / Burgundy Eta Print - PINK / BURGUNDY ETA PRINT / V1223032 / S,7354,210113,Uganda sales
V0925030ORAL,Vivo Anavi Runched Tank Top - Orange - ORANGE / V0925030 / L,2500,,Kenya sales (no Uganda record)
V0625044LMY1X,Vivo Iyana Tank Top - Lime Yellow,2268,64801,Uganda sales
VE0008YELXS,Vivo Essentials Bodycon - Yellow - YELLOW / VE0008 / XS,4708,134512,Uganda sales
V1124109NABS,Vivo Seli Wide Leg Pants - Navy Blue - navy-blue / V1124109 / s,4364,124693,Uganda sales
V0625045PR1S,Vivo Iyana Bow Tie Mini Dress - Green / Pink Iya Print - PRINT / V0625045 / S,6529,186549,Uganda sales
V0121168PR104S,Vivo Basic Cap Sleeve Tent Knee Length Dress - White / Light Pink Nisa Print - WHITE / LIGHT PINK NISA PRINT / V0121168 / S,5500,,Kenya sales (no Uganda record)
V0121168RUSS,Vivo Basic Cap Sleeve Tent Knee Length Dress - Rust - RUST / V0121168 / S,5500,,Kenya sales (no Uganda record)
V0624004PR82X,Vivo Nasinka A-Line Knee Length Dress - Mustard / Dark Red Fani Print,6186,176731,Uganda sales
S0925046PR10S,Safari Tafari Shorts - Shan Print - SHAN PRINT / S0925046 / S,2800,,Kenya sales (no Uganda record)
V1124109PR5S,Vivo Seli Wide Leg Pants - Lime / Green Raha Print - LIME / GREEN RAHA PRINT / V1124109 / S,5498,157094,Uganda sales
V0825014DRE1X,Vivo Nora Front Pleat Knee Length Dress - Dark Red - RED / V0825014 / 1X,2750,,Kenya sales (no Uganda record)
V0224220PR8M,Vivo Nala 3/4 Sleeve Tent Dress - Cream / Blue Print - PRINT / V0224220 / M,6632,189495,Uganda sales
V1124102BLUM,Vivo Tahisa Straight Leg Pants - Blue - blue / V1124102 / m-1,4708,134512,Uganda sales
S0825007PR1S,Safari Nazari Bubble Midi Dress - Beige / Black Print - BEIGE / BLACK PRINT / S0825007 / S,7595,216986,Uganda sales
V1025009PR2S,[V1025009PR2S] Vivo Liora Wide Leg Pants - Red / Black Ziza Print (S),4900,,Kenya sales (no Uganda record)
V0525042PR1S/M,Vivo Samira High Low Top - Black / Cream Sira Print - black-cream-sira-print / V0525042 / s-m,3436,98184,Uganda sales
V0423050LIMS,Vivo Tatili Wide Leg Pants - Lime - LIME / V0423050 / S,5052,144330,Uganda sales
V0125014PR5XS/S,Vivo Seli Wide Top - Lime / Green Raha Print - LIME / GREEN RAHA PRINT / V0125014 / XS/S,4364,124693,Uganda sales
V0223153PR12S,Vivo Yumi Maxi Shirt Dress - Burgundy / Peach Print - BURGUNDY / PEACH PRINT / V0223153 / S,7285,208149,Uganda sales
V0524179YELS,Vivo Basic Chiffon Bishop Sleeve Top (Double Layered) - Yellow,2309,65979,Uganda sales
V1020056DTEAL,Vivo Waridi Sleeveless Overcoat - Dark Teal,4433,126657,Uganda sales
V0423018TEAM,Vivo Wastani Shirred Sleeve Easy Fit Shirt - Teal - TEAL / V0423018 / M,5052,144330,Uganda sales
V0825017PR5L,Vivo Basic Cap Sleeve Chiffon Maxi Dress - Lilac / Purple Sinka Print - LILAC / PURPLE / V0825017 / L,7766,221895,Uganda sales
S0224196WHI1X,Safari Kamari Wide Leg Pants - White - WHITE / S0224196 / 1X,5326,152185,Uganda sales
V0624004PR6L,Vivo Nasinka A-Line Knee Length Dress - Red / Black Fani Print - RED / BLACK FANI PRINT / V0624004 / L,6186,176731,Uganda sales
V1025012ORAXS/S,Vivo Anavi Cascade Waterfall - Orange (XS/S),4500,,Kenya sales (no Uganda record)
V0925030SGRNS,Vivo Anavi Runched Tank Top - Sea Green - SEA GREEN / V0925030 / S,2500,,Kenya sales (no Uganda record)
V0825009TAUS,Vivo Nora 3/4 Sleeve Peplum Top - Taupe,2406,68729,Uganda sales
V0121168WHI2X,Vivo Basic Cap Sleeve Tent Knee Length Dress - White - WHITE / V0121168 / 2X,5500,,Kenya sales (no Uganda record)
V0223154DTEALM,Vivo Yumi High Low Shirt Dress - Dark Teal - DARK TEAL / V0223154 / M,5326,152185,Uganda sales
V0725042REDS,Vivo Aleri Front Slit Sheath Dress - Red,3753,107217,Uganda sales
V0625059MARL,Vivo Aleri Trench Coat Dress - Maroon - MAROON / V0625059 / L,5900,,Kenya sales (no Uganda record)
S0825039DGNS,Safari Solana Bubble Midi Skirt - Dark Green,5800,,Kenya sales (no Uganda record)
V0523165PR8M,Vivo Laika 3/4 Sleeve Tent Dress - White / Dusty Pink Tamra Print,4330,123711,Uganda sales
V0525043PR12S/M,Vivo Samira Maxi Kimono - Teal / Red Print - TEAL / RED PRINT / V0525043 / S/M,7010,200295,Uganda sales
V1019114PR4M/L,[V1019114PR4M/L] Vivo Basic Nandi High Slit Kimono - Cream / Blue Print (M/L),3550,,Kenya sales (no Uganda record)
V0724132NAVS,Vivo Situ Off-Shoulder Tie Maxi Dress - Navy,4643,132646,Uganda sales
V1019114PR31X/2X,Vivo Basic Nandi High Slit Kimono -  Blush Pink / White Idu Print - BLUSH PINK / WHITE IDU PRINT / V1019114 / 1X/2X,4433,126657,Uganda sales
V1221043PR47L,Vivo Basic Satin Cap Sleeve Top - Dark Tan / Lime Print,2818,80511,Uganda sales
V0225025LTAUM,Vivo Chela Drawstring Shorts - Light Taupe,2040,,Kenya sales (no Uganda record)
V0719105NAB2XL,Vivo Basic A-line Maxi Skirt - Navy Blue,4250,,Kenya sales (no Uganda record)
V0322110PR19S,Vivo Dalia Sleeveless Gathered Tent Dress - Beige / Black Print,4137,118213,Uganda sales
V0325040BHTS,Vivo Kaisa Maxi Skirt - Black Hill Texture - PRINT / V0325040 / s-1,3849,109966,Uganda sales
V0625059MAR1X,Vivo Aleri Trench Coat Dress - Maroon - MAROON / V0625059 / 1X,5900,,Kenya sales (no Uganda record)
V0624004PR81X,Vivo Nasinka A-Line Knee Length Dress - Mustard / Dark Red Fani Print,6186,176731,Uganda sales
V0121167LBLU1X/2X,Vivo Dua 3/4 Sleeved V Neck Shirt - Light Blue - LIGHT BLUE / V0121167 / 1X/2X,3918,111929,Uganda sales
V0922015LIMS1X,Vivo Pesi Basic Long Sleeve Shirt - Lime Stripes - PRINT / V0922015 / 1X,2350,,Kenya sales (no Uganda record)
V0725025SEGM/L,Vivo Cap Sleeve Salma Maxi Dress - Sea Green,6632,189495,Uganda sales
S0724143RUSHM,Safari Njano Joggers - Rust / Himo Print - RUST / HIMO PRINT / S0724143 / M,5395,154149,Uganda sales
V0625036CHOC1X,Vivo Kani 3/4 Sleeve Knee Length Dress - Chocolate - CHOCOLATE / V0625036 / 1X,7010,200295,Uganda sales
V0725046DGRY1X,Vivo Alma Mini Skirt - Dark Grey - DARK GREY / V0725046 / 1X,2990,85420,Uganda sales
V0725042HUNS,Vivo Aleri Front Slit Sheath Dress - Hunters - GREEN / V0725042 / S,5361,153167,Uganda sales
V0325034BHTS,Vivo Kaisa Mock Neck Sleeveless Top - Black Hill Texture - PRINT / V0325034 / s-1,2096,59892,Uganda sales
V0624004PR71X,Vivo Nasinka A-Line Knee Length Dress - Light Pink / Green Fani Print - LIGHT PINK / GREEN FANI PRINT / V0624004 / 1X,6186,176731,Uganda sales
V0625045PR1L,Vivo Iyana Bow Tie Mini Dress - Green / Pink Iya Print - PRINT / V0625045 / L,6529,186549,Uganda sales
V0625059MARS,Vivo Aleri Trench Coat Dress - Maroon - MAROON / V0625059 / S,7010,200295,Uganda sales
V0722063CARL/XL,Vivo Long Sleeve Maxi Waterfall - Caramel - CARAMEL / V0722063 / L/XL,7801,222877,Uganda sales
V0524179YELM,Vivo Basic Chiffon Bishop Sleeve Top (Double Layered) - Yellow - YELLOW / V0524179 / M,3299,94256,Uganda sales
V0624006PR5L,Vivo Nasinka A-Line Knee Length Dress - Sea Green / Burgundy Print - SEA GREEN / BURGUNDY FANI PRINT / V0624004 / L,6186,176731,Uganda sales
V1021174DORS,Vivo Ponte Back Pleat High Low Dress - Dark Orange,3897,111340,Uganda sales
V0225003PR3S,Vivo Ayah Drawstring Pants - Lilac / Orange Zani Print - LILAC / ORANGE ZANI PRINT / V0225003 / S,5842,166912,Uganda sales
V0725002MAR1X,Vivo Kani Wide Leg Pants - Maroon,5361,153167,Uganda sales
V0925053ORAL,Vivo Studio 2-piece in Mixed Media - Orange - ORANGE / V0925053 / L,6900,,Kenya sales (no Uganda record)
V0625036PR1M,Vivo Kani 3/4 Sleeve Knee Length Dress - Mustard / Dusty Pink Dashen Print - MUSTARD / DUSTY PINK DASHEN PRINT / V0625036 / M,7010,200295,Uganda sales
V1019114PR171X/2X,Vivo Nandi High Slit Kimono - White / Light Blue Sinka Print - WHITE / LIGHT BLUE / V1019114 / 1X/2X,3900,,Kenya sales (no Uganda record)
V0925016DGRY1X/2X,Vivo Alma Drawstring Top - Dark Grey - DARK GREY / V0925016 / 1X/2X,4158,118802,Uganda sales
V0823120NAB1X,Vivo Naya Cigarette Pants - Navy Blue - NAVY BLUE / V0823120 / 1X,2955,84438,Uganda sales
V0624005PR5M,Vivo Nasinka A-Line Knee Length Dress - Sea Green / Burgundy Print - SEA GREEN / BURGUNDY FANI PRINT / V0624004 / M,5500,,Kenya sales (no Uganda record)
V0722063CARS/M,Vivo Long Sleeve Maxi Waterfall - Caramel - CARAMEL / V0722063 / S/M,7801,222877,Uganda sales
V0625048PR4M,Vivo Iyana Knee Length Bubble Dress - Brown / Chocolate Iya Print,7010,200295,Uganda sales
V1022057NABS,Vivo Basic Maternity Leggings - Navy Blue - NAVY BLUE / V1022057 / S,3196,91311,Uganda sales
V1025038NAVM,Vivo Rayon Jersey Slip Dress - Navy - NAVY / V1025038 / M,2800,,Kenya sales (no Uganda record)
S0724143NABT1X,Safari Njano Joggers - Navy Blue / Tana Print - NAVY BLUE / TANA PRINT / S0724143 / 1X,5395,154149,Uganda sales
V1025049TEA2X,Vivo Studio Bodysuit In Jersey - Teal - TEAL / V1025049 / 2X,2500,,Kenya sales (no Uganda record)
V0221084PR38M,Vivo Sierra Cap Sleeve Tent Chiffon Dress - Dark Orange / Black Mohi Print - DARK ORANGE / BLACK MOHI PRINT / V0221084 / M,6186,176731,Uganda sales
V0719105NABS,Vivo Basic A-line Maxi Skirt - Navy Blue,4250,,Kenya sales (no Uganda record)
V0725023REDS,Vivo Ari One Shoulder Maxi Dress - Red - RED / V0725023 / S,1306,37310,Uganda sales
V1125011PR41X,Vivo Talia Kimono & Shorts Set - Cream / Rust Print - CREAM / RUST PRINT / V1125011 / 1X,6500,,Kenya sales (no Uganda record)
V1025012ORA1X/2X,Vivo Anavi Cascade Waterfall - Orange - ORANGE / V1025012 / 1X/2X,4500,,Kenya sales (no Uganda record)
V1123177DREDS,Vivo Sakari Drop Shoulder Jumpsuit - Dark Red,5100,145705,Uganda sales
V0825013RED1X,Vivo Lena Front Slit Knee Length Dress - Red - RED / V0825013 / 1X,5361,153167,Uganda sales
V1025049NAV2X,Vivo Studio Bodysuit In Jersey - Navy - NAVY / V1025049 / 2X,2500,,Kenya sales (no Uganda record)
V0823120NABL,Vivo Naya Cigarette Pants - Navy Blue - NAVY BLUE / V0823120 / L,457,13059,Uganda sales
V0925028DOLI1X,Vivo Studio Strapless Maxi in Crepe - Dark Olive,7629,217968,Uganda sales
V0625048PR4S,Vivo Iyana Knee Length Bubble Dress - Brown / Chocolate Iya Print,7010,200295,Uganda sales
V0625043PR2L,Vivo  Iyana Bubble Midi Skirt - Yellow / Lilac Iya Print - PRINT / V0625043 / L,5842,166912,Uganda sales
V1025044DRDS,Vivo Chela Jersey Pallazo Pants - Dark Red - DARK RED / V1025044 / S,4639,132548,Uganda sales
V0125045PR7XS/S,Vivo Isabi Sleeveless Kimono - Lilac / Purple Pasi Print,5842,166912,Uganda sales
V0624004PR8S,Vivo Nasinka A-Line Knee Length Dress - Mustard / Dark Red Fani Print,6186,176731,Uganda sales
V0825001DAMM,Vivo Ria Panelled Pants - Dark Mustard - MUSTARD / V0825001 / M,5361,153167,Uganda sales
S1025031PR11L/1X,Safari Tafari Wrap Top - Songwe Print,4055,115857,Uganda sales
V0523165PR6S,Vivo Laika 3/4 Sleeve Tent Dress - Cream / Rust Print - CREAM / RUST PRINT / V0523165 / S,6186,176731,Uganda sales
V0423019OGRNS,Vivo Wastani Drawstring Pants - Olive Green,4900,,Kenya sales (no Uganda record)
V0725029SEGL,Vivo Ari Sleeveless Straight Maxi Slit Dress - Sea Green - SEA GREEN / V0725029 / L,5842,166912,Uganda sales
V0924095LILL,Vivo Serwa Flounce Dress - Lilac - LILAC / V0924095 / L,6220,177713,Uganda sales
V0925053ORAS,Vivo Studio 2-piece in Mixed Media - Orange,6900,,Kenya sales (no Uganda record)
V0825013REDL,Vivo Lena Front Slit Knee Length Dress - Red - RED / V0825013 / L,4500,,Kenya sales (no Uganda record)
V0421003PR381X,Vivo Muna Cap Sleeve Knee Length Dress - Rust / Cream Print - PRINT / V0421003 / 1X,5500,,Kenya sales (no Uganda record)
V0925053BUR1X,Vivo Studio 2-piece in Mixed Media - Burgundy - BURGUNDY / V0925053 / 1X,6900,,Kenya sales (no Uganda record)
V0825012PURL,Vivo Nora Front Slit Knee Length Skirt - Purple - PURPLE / V0825012 / L,4158,118802,Uganda sales
V0725002MARL,Vivo Kani Wide Leg Pants - Maroon - MAROON / V0725002 / L,5361,153167,Uganda sales
V0322154PR21X,Vivo Jasiri Bishop Sleeve Shift Dress - Cream / Red Tiwi Print - PRINT / V0322154 / 1X,4777,136475,Uganda sales
V0423023SBLUS,Vivo Tatili Bishop Long Sleeve Top - Sky Blue - SKY BLUE / V0423023 / S,3500,,Kenya sales (no Uganda record)
V0525015PR6L,Vivo Samira Pants - Green / Dark Green Print - GREEN / DARK GREEN PRINT / V0525015 / L,2900,,Kenya sales (no Uganda record)
V0825012NAVL,Vivo Nora Front Slit Knee Length Skirt - Navy - BLUE / V0825012 / L,4158,118802,Uganda sales
V0523168BLAS,Vivo Laika Bishop Sleeve Shift Dress - Black - BLACK / V0523168 / S,6186,176731,Uganda sales
V0625051NAB1X,Vivo Basic Val Tank Top - Navy Blue - BLUE / V0625051 / 1-x,1684,48110,Uganda sales
V0623045WHI2X,Vivo Pendo Cap Sleeve Tent Knee Length Dress - White - WHITE / V0623045 / 2X,6186,176731,Uganda sales
V1025038NAV1X,Vivo Rayon Jersey Slip Dress - Navy - NAVY / V1025038 / 1X,2800,,Kenya sales (no Uganda record)
V1025038NAV2X,Vivo Rayon Jersey Slip Dress - Navy - NAVY / V1025038 / 2X,3333,95238,Uganda sales
V0623026PR27S/M,Vivo Maisha Long Sleeve High Low Kimono - Cream / Gold Uwa Print - CREAM / GOLD UWA PRINT / V0623026 / S/M,5361,153167,Uganda sales
V0825013REDM,Vivo Lena Front Slit Knee Length Dress - Red - RED / V0825013 / M,4500,,Kenya sales (no Uganda record)
V0225003PR31X,Vivo Ayah Drawstring Pants - Lilac / Orange Zani Print - PRINT / V0225003 / 1X,4900,,Kenya sales (no Uganda record)
V0423019CHOS,Vivo Wastani  Drawstring Pants - Chocolate - CHOCOLATE / V0423019 / S,5498,157094,Uganda sales
V0425034RUSS,Vivo Sierra Maxi Chiffon Dress - Rust - RUST / V0425034 / S,7766,221895,Uganda sales
V0223225PR24F,Vivo Basic Open Kaftan - Navy Blue / Mustard Print - PRINT / V0223225 / F,5911,168876,Uganda sales
V0725002PR5S,Vivo Kani Wide Leg Pants - Light Mustard / Navy Tamra Print - LIGHT MUSTARD / NAVY TAMRA PRINT / V0725002 / S,5361,153167,Uganda sales
V0125032PR2L,Vivo Yene Jumpsuit - White / Burgundy Shibori Print - WHITE / BURGUNDY SHIBORI PRINT / V0125032 / L,6598,188513,Uganda sales
S0724143GRNT1X,Safari Njano Joggers - Green / Tafo Print - GREEN / TAFO PRINT / S0724143 / 1X,5395,154149,Uganda sales
V0622023PR452X,Vivo Zuri Cap Sleeve Knee Length Dress - Blue / Black Print - BLUE / BLACK PRINT / V0622023 / 2X,6186,176731,Uganda sales
V0423018PR2S,Vivo Wastani Shirred Sleeve Easy Fit Shirt - Light Blue / Teal Marra Print,3536,101031,Uganda sales
V0723045OLIXS/S,Vivo Sawari Crossed Cuff Batwing Top - Olive - OLIVE / V0723045 / XS/S,3918,111929,Uganda sales
V0625047PR21X/2X,Vivo Iyana Maxi Cover Up - Lilac / Purple Iya Print / Purple,7285,208149,Uganda sales
V0525015PR62X,Vivo Samira Pants - Green / Dark Green Print,3436,98184,Uganda sales
V1125006MARM,Vivo Lulu Cotton Barrel Pants - Maroon,4900,,Kenya sales (no Uganda record)
V0925026BLAS,Vivo Liora Shorts - Black - BLACK / V0925026 / S,2990,85420,Uganda sales
V0121168WHIM,Vivo Basic Cap Sleeve Tent Knee Length Dress - White - WHITE / V0121168 / M,6186,176731,Uganda sales
V0825009PURS,Vivo Nora 3/4 Sleeve Peplum Top - Purple - PURPLE / V0825009 / S,3436,98184,Uganda sales
V0423050LIML,Vivo Tatili Wide Leg Pants - Lime,5052,144330,Uganda sales
V0825012NAV1X,Vivo Nora Front Slit Knee Length Skirt - Navy - NAVY / V0825012 / 1X,4152,,Kenya sales (no Uganda record)
V0921140PR12XS/S,Vivo Alek 3/4 sleeve A-Line Kimono - Teal / Black Umbo Print,5120,146294,Uganda sales
V1124094DNAV3X,Vivo Serwa Crepe Pants - Dark Navy - DARK NAVY / V1124094 / 3X,4777,136475,Uganda sales
V0623011CHOM/L,Vivo Zahari 3/4 Sleeve Off-Shoulder Jumpsuit - Chocolate,7285,208149,Uganda sales
V1025038NAVS,Vivo Rayon Jersey Slip Dress - Navy - NAVY / V1025038 / S,2800,,Kenya sales (no Uganda record)
V1025007WHIS,Vivo Liora Drawstring Pants - White - WHITE / V1025007 / S,5361,153167,Uganda sales
V0925026PR1L,Vivo Liora Shorts - Red / Black Ziza Print - RED / BLACK ZIZA PRINT / V0925026 / L,2990,85420,Uganda sales
V0724080TAUM,Vivo Basic Tank Top - Taupe - TAUPE / V0724080 / M,1684,48110,Uganda sales
V0424161PR5F,Vivo Sarong Skirt - Dark Green / Hunters Print - PRINT / V0424161 / F,4639,132548,Uganda sales
S0925046PR1M,Safari Tafari Shorts - Light Blue Asili Print - LIGHT BLUE ASILI PRINT / S0925046 / M,3333,95238,Uganda sales
V1223034PR11S,Vivo Asha Sleeveless Knee Length Dress - Purple / Navy Nola Print,4330,123711,Uganda sales
V0121168PR87M,Vivo Basic Cap Sleeve Knee Length Tent Dress - Navy / White Print - NAVY / WHITE PRINT / V0121168 / M,6220,177713,Uganda sales
V0423006MAR1X/2X,Vivo Bana Batwing Top -  Maroon,3900,,Kenya sales (no Uganda record)
V0220007DAMS,Vivo Everyday Long Sleeved Double Layered  Bodysuit - Dark Mustard - DARK MUSTARD / V0220007 / S,3436,98184,Uganda sales
V0324069LGRYL,Vivo Basic Sleeveless Bodysuit - Light Grey - LIGHT GREY / V0324069 / L,481,13746,Uganda sales
V1020057NAB2X,Vivo Basic Waridi Pencil Skirt - Navy Blue - NAVY BLUE / V1020057 / 2X,3299,94256,Uganda sales
VE0003TEA2X,Vivo Essentials Capri Leggings - Teal - Teal / VE0003 / 2X,2990,85420,Uganda sales
V0425034RUSL,Vivo Sierra Maxi Chiffon Dress - Rust,7766,221895,Uganda sales
S0925046PR10M,[S0925046PR10M] Safari Tafari Shorts - Shan Print (M),2000,,Kenya sales (no Uganda record)
V0924104LGRYM,Vivo Pelia Round Neck Dress - Light Grey,4643,132646,Uganda sales
V0421003PR38L,Vivo Muna Cap Sleeve Knee Length Dress - Rust / Cream Print - RUST / CREAM PRINT / V0421003 / L,6186,176731,Uganda sales
V1025049BUR1X,Vivo Studio Bodysuit In Jersey - Burgundy - BURGUNDY / V1025049 / 1X,2500,,Kenya sales (no Uganda record)
V0423019OGRN1X,Vivo Wastani Drawstring Pants - Olive Green - OLIVE GREEN / V0423019 / 1X,5498,157094,Uganda sales
V1125040WHIL,Vivo Talia Wide Leg Pants - White,5742,,Kenya sales (no Uganda record)
V0126018PR5S,Vivo Liora Sleeveless Drawstring Top In Satin - Grey / Black Print - GREY / BLACK PRINT / V0126018 / S,3814,108984,Uganda sales
V0523168DAPM,Vivo Laika Bishop Sleeve Shift Dress - Dark Pink,4330,123711,Uganda sales
S0724143GRNTL,Safari Njano Joggers - Green / Tafo Print - GREEN / TAFO PRINT / S0724143 / L,5395,154149,Uganda sales
V0825019BLAS,Vivo Nora Wide Leg Pants - Black - BLACK / V0825019 / S,5842,166912,Uganda sales
V1025012SGRN1X/2X,Vivo Anavi Cascade Waterfall - Sea Green - SEA GREEN / V1025012 / 1X/2X,5361,153167,Uganda sales
V1025015MUS1X/2X,Vivo Chela Jersey Sleeveless Waterfall - Mustard,4639,132548,Uganda sales
V0925053BLAL,Vivo Studio 2-piece in Mixed Media - Black (L),6900,,Kenya sales (no Uganda record)
V0325007BLAL,Vivo Safa Skirt - Black,3505,100147,Uganda sales
V1125001OLI1X,Vivo Jersey Drop Shoulder Top - Olive - OLIVE / V1125001 / 1X,2818,80511,Uganda sales
S0925008PR8M/L,Safari Tafari High Slit Kimono - Rust / Bito Print - RUST / BITO PRINT / S0925008 / M/L,8076,230732,Uganda sales
V0925030ORAS,Vivo Anavi Runched Tank Top - Orange,2500,,Kenya sales (no Uganda record)
V0825013REDS,Vivo Lena Front Slit Knee Length Dress - Red - RED / V0825013 / S,5361,153167,Uganda sales
V0825014CHOS,Vivo Nora Front Pleat Knee Length Dress - Chocolate - BROWN / V0825014 / S,5361,153167,Uganda sales
V1119113RUSM/L,Vivo Everyday Sleeveless Jersey Waterfall - Rust,3265,93275,Uganda sales
V0725002MARM,Vivo Kani Wide Leg Pants - Maroon - MAROON / V0725002 / M,5361,153167,Uganda sales
V0625018PR5S,Vivo Alani High Low Dress - Black Stripes Print - BLACK STRIPES PRINT / V0625018 / S,6529,186549,Uganda sales
V1025020PR2S,Vivo Liora Sleeveless Drawstring Top - Red / Black Ziza Print,3200,,Kenya sales (no Uganda record)
V0825032PR1L,Vivo Kemi Maxi Skirt - Lime Green / Maroon Emi Print - LIME GREEN / MAROON EMI PRINT / V0825032 / L,5498,157094,Uganda sales
V0925030SGRNM,Vivo Anavi Runched Tank Top - Sea Green (M),2500,,Kenya sales (no Uganda record)
V1025012ORAM/L,Vivo Anavi Cascade Waterfall - Orange,4500,,Kenya sales (no Uganda record)
V0925054NAVM,Vivo Talia Maxi Slip Skirt - Navy - NAVY / V0925054 / M,4639,132548,Uganda sales
V0819031TEGM,Vivo Basic Lined Capri Skirt - Teal Green - TEAL GREEN / V0819031 / M,3643,104075,Uganda sales
V1125011PR1L,Vivo Talia Kimono & Shorts Set - Lilac / Purple Print - LILAC / PURPLE PRINT / V1125011 / L,7732,220913,Uganda sales
V0623011CHOXS/S,Vivo Zahari 3/4 Sleeve Off-Shoulder Jumpsuit - Chocolate - CHOCOLATE / V0623011 / XS/S,7285,208149,Uganda sales
V0524178REDL,Vivo Basic Chiffon Cap Sleeve Top (Double Layered) - Red,3265,93275,Uganda sales
V0723043SGR1X,Vivo Basic Val Long Sleeve Top - Sea Green - GREEN / V0723043 / 1X,2852,81493,Uganda sales
V0625030BURS,[V0625030BURS] Vivo Aleri Coat - Burgundy (S),5900,,Kenya sales (no Uganda record)
V0924095OLIS,Vivo Serwa Flounce Dress - Olive,6632,189495,Uganda sales
V0622002MUSL,Vivo Basic Drop Shoulder Top - Mustard - MUSTARD / V0622002 / L,2852,81493,Uganda sales
V0825019BLAL,Vivo Nora Wide Leg Pants - Black - BLACK / V0825019 / L,5842,166912,Uganda sales
V1125001BLAS,Vivo Jersey Drop Shoulder Tank Top - Black - BLACK / V1125001 / S,2818,80511,Uganda sales
S0724086WHIXS/S,Safari Savannah Drawstring Shacket - White,9450,270005,Uganda sales
V0925055LILM,Vivo Talia Front Slit Maxi Top - Lilac - LILAC / V0925055 / M,5842,166912,Uganda sales
V0924104LGRYL,Vivo Pelia Round Neck Dress - Light Grey - LIGHT GREY / V0924104 / L,6632,189495,Uganda sales
V0525015PR5S,Vivo Samira Pants - Mustard / Brown Print - MUSTARD / BROWN PRINT / V0525015 / S,3436,98184,Uganda sales
V0725045FUSS,Vivo Ria Mock Neck Top - Fuschia - FUSCHIA / V0725045 / S,2990,85420,Uganda sales
V0126014LGR1X,Vivo Studio Shoulder Tie Top in Jersey - Lime Green,3643,104075,Uganda sales
V0924096LBLUM,Vivo Serwa Tent Dress In Crepe - Light Blue (M),5900,,Kenya sales (no Uganda record)
V0625047PR2M/L,Vivo Iyana Maxi Cover Up - Lilac / Purple Iya Print / Purple,7285,208149,Uganda sales
V0223152DGNS/M,Vivo Yumi Off Shoulder Jumpsuit - Dark Green - DARK GREEN / V0223152 / S/M,7766,221895,Uganda sales
V0525002DGRNM,Vivo Niari Full Length Pants - Dusty Green - DUSTY GREEN / V0525002 / M,4639,132548,Uganda sales
V0924096LBLUL,Vivo Serwa Tent Dress In Crepe - Light Blue (L),5900,,Kenya sales (no Uganda record)
V0524178REDS,Vivo Basic Chiffon Cap Sleeve Top (Double Layered) - Red - RED / V0524178 / S,3265,93275,Uganda sales
V0825019DARL,Vivo Nora Wide Leg Pants - Dark Red,4900,,Kenya sales (no Uganda record)
S0925046PR7L,Safari Tafari Shorts - Laka Print - LAKA PRINT / S0925046 / L,3333,95238,Uganda sales
V1020056NABS,Vivo Waridi Sleeveless Overcoat - Navy Blue - NAVY BLUE / V1020056 / S,859,24546,Uganda sales
V0225011GRES,Vivo Niari straight leg Pants - Green - GREEN / V0225011 / S,4708,134512,Uganda sales
