SKU,Location,Units in Stock
S0124010PR2S,The Oasis Mall,1
S0224196HGN4X,The Oasis Mall,1
S0224196WHI1X,The Oasis Mall,1
S0424075PIN4X,The Oasis Mall,1
S0424081DTAM/L,The Oasis Mall,1
S0424081POBM/L,The Oasis Mall,1
S0525022PR4M,The Oasis Mall,1
S0724143GRNT1X,Vivo Acacia,1
S0724143GRNTL,Vivo Acacia,1
S0724143NABT1X,Vivo Acacia,1
S0724143RUSHM,The Oasis Mall,1
S0825007PR1S,The Oasis Mall,1
S0825039DGNS,The Oasis Mall,2
S0924011BLAS,The Oasis Mall,2
S0925008PR8M/L,Vivo Acacia,2
S0925046PR10M,Vivo Acacia,2
S0925046PR10S,The Oasis Mall,1
S0925046PR1M,Vivo Acacia,3
S0925046PR7L,The Oasis Mall,1
V0120065PR311X/2X,The Oasis Mall,1
V0120065PR31XS/S,The Oasis Mall,2
V0121167LBLU1X/2X,Vivo Acacia,1
V0121168PR104S,The Oasis Mall,1
V0121168PR87M,The Oasis Mall,1
V0121168RUSS,The Oasis Mall,1
V0121168WHI2X,The Oasis Mall,1
V0121168WHIM,Vivo Acacia,1
V0122102HGNS,The Oasis Mall,1
V0125014PR5XS/S,The Oasis Mall,1
V0125032PR2L,The Oasis Mall,1
V0125032PR2S,The Oasis Mall,2
V0125045PR7XS/S,Vivo Acacia,1
V0126018PR5S,The Oasis Mall,1
V0220007DAMS,The Oasis Mall,1
V0221084PR38M,Vivo Acacia,3
V0223139NABM,The Oasis Mall,1
V0223152DGNS/M,The Oasis Mall,1
V0223152DGNS/M,Vivo Acacia,2
V0223153PR12S,The Oasis Mall,2
V0223153PR12S,Vivo Acacia,2
V0223154DTEALM,The Oasis Mall,1
V0223225PR24F,The Oasis Mall,1
V0224220PR8M,The Oasis Mall,1
V0225003PR31X,The Oasis Mall,2
V0225003PR3S,The Oasis Mall,2
V0225011GRES,The Oasis Mall,1
V0225025LTAUM,The Oasis Mall,1
V0322154PR21X,The Oasis Mall,1
V0324069LGRYL,The Oasis Mall,2
V0325034BHTS,The Oasis Mall,1
V0325036MUSS,The Oasis Mall,3
V0325040BHTS,The Oasis Mall,1
V0421003OFWL,The Oasis Mall,1
V0421003OFWM,The Oasis Mall,1
V0421003PR381X,The Oasis Mall,1
V0421003PR38L,The Oasis Mall,1
V0421003PR38L,Vivo Acacia,2
V0423006MAR1X/2X,The Oasis Mall,1
V0423018TEAM,Vivo Acacia,1
V0423019CHOS,The Oasis Mall,1
V0423019OGRN1X,Vivo Acacia,1
V0423019OGRNS,Vivo Acacia,2
V0423023SBLUS,The Oasis Mall,1
V0423025BLAS,The Oasis Mall,1
V0423050LIMS,The Oasis Mall,4
V0424158KHA2X,The Oasis Mall,1
V0424161PR5F,Vivo Acacia,1
V0425034RUSL,Vivo Acacia,1
V0425034RUSS,The Oasis Mall,1
V0425034RUSS,Vivo Acacia,1
V0425056DPUR1X,The Oasis Mall,1
V0425056DPURM,The Oasis Mall,1
V0523155HGNS,The Oasis Mall,1
V0523165PR6S,The Oasis Mall,1
V0523168BLAS,Vivo Acacia,2
V0523168DAPM,The Oasis Mall,1
V0523180NABL,The Oasis Mall,1
V0524178REDS,Vivo Acacia,2
V0524179YELM,The Oasis Mall,1
V0524194PR5S/M,The Oasis Mall,1
V0525002DGRNM,The Oasis Mall,1
V0525008PR8F,The Oasis Mall,1
V0525015PR5S,The Oasis Mall,1
V0525015PR6L,The Oasis Mall,2
V0525026PR5F,The Oasis Mall,1
V0525042PR1S/M,The Oasis Mall,1
V0525043PR12S/M,Vivo Acacia,1
V0525075PR4S,The Oasis Mall,1
V0622002MUSL,The Oasis Mall,1
V0622023PR452X,Vivo Acacia,2
V0623011CHOM/L,The Oasis Mall,1
V0623011CHOXS/S,Vivo Acacia,1
V0623026PR25L/1X,The Oasis Mall,1
V0623026PR27S/M,The Oasis Mall,1
V0623045WHI2X,Vivo Acacia,1
V0624004PR2M,The Oasis Mall,1
V0624004PR6L,Vivo Acacia,1
V0624004PR71X,The Oasis Mall,2
V0624004PR71X,Vivo Acacia,1
V0624005PR5M,The Oasis Mall,2
V0624006PR5L,Vivo Acacia,1
V0625018PR5S,The Oasis Mall,1
V0625030BURS,The Oasis Mall,2
V0625036CHOC1X,Vivo Acacia,1
V0625036PR1M,The Oasis Mall,1
V0625037BLA1X,The Oasis Mall,1
V0625043PR2L,The Oasis Mall,1
V0625044LMY1X,The Oasis Mall,1
V0625045PR1L,Vivo Acacia,1
V0625045PR1S,The Oasis Mall,1
V0625047BLRE1X/2X,The Oasis Mall,1
V0625059MAR1X,Vivo Acacia,3
V0625059MARL,Vivo Acacia,2
V0625059MARS,Vivo Acacia,1
V0719105NAB2XL,Vivo Acacia,2
V0719105NABS,Vivo Acacia,2
V0722063BLAL/XL,The Oasis Mall,1
V0722063CARL/XL,The Oasis Mall,1
V0722063CARS/M,The Oasis Mall,2
V0723043SGR1X,Vivo Acacia,1
V0723045OLIXS/S,Vivo Acacia,1
V0723048GRY1X,The Oasis Mall,1
V0723048WHIM,The Oasis Mall,2
V0724080TAUM,Vivo Acacia,1
V0725002MARL,The Oasis Mall,1
V0725002MARL,Vivo Acacia,2
V0725002MARM,The Oasis Mall,1
V0725002MARM,Vivo Acacia,3
V0725002PR5S,The Oasis Mall,1
V0725021PR31X/2X,The Oasis Mall,1
V0725023RED1X,The Oasis Mall,1
V0725023REDS,The Oasis Mall,1
V0725029SEGL,The Oasis Mall,1
V0725029SEGL,Vivo Acacia,2
V0725029SEGS,The Oasis Mall,4
V0725042HUNS,The Oasis Mall,1
V0725042REDS,The Oasis Mall,1
V0725045FUSS,The Oasis Mall,2
V0725046DGRY1X,The Oasis Mall,2
V0819031TEGM,The Oasis Mall,2
V0823120NAB1X,The Oasis Mall,1
V0823120NABL,The Oasis Mall,1
V0824086PR6M,The Oasis Mall,1
V0824086PR6S,The Oasis Mall,1
V0825001DAMM,The Oasis Mall,1
V0825001DAMS,The Oasis Mall,1
V0825009PURS,Vivo Acacia,2
V0825009TAUS,The Oasis Mall,1
V0825012NAV1X,Vivo Acacia,2
V0825012NAVL,Vivo Acacia,1
V0825012PURL,Vivo Acacia,1
V0825013RED1X,The Oasis Mall,1
V0825013REDL,The Oasis Mall,2
V0825013REDM,The Oasis Mall,3
V0825013REDS,The Oasis Mall,1
V0825014CHOS,The Oasis Mall,1
V0825014DRE1X,Vivo Acacia,2
V0825017PR5L,The Oasis Mall,1
V0825019BLAL,Vivo Acacia,1
V0825019BLAS,The Oasis Mall,1
V0825019DARL,Vivo Acacia,2
V0825032PR1L,The Oasis Mall,1
V0825060LIML,Vivo Acacia,2
V0825060LIMM,Vivo Acacia,1
V0825060LIMS,Vivo Acacia,2
V0921140PR12XS/S,Vivo Acacia,1
V0922015LIMS1X,The Oasis Mall,2
V0924095LIL1X,The Oasis Mall,2
V0924095LIL3X,The Oasis Mall,1
V0924095LILL,The Oasis Mall,1
V0924096LBLUL,Vivo Acacia,2
V0924096LBLUM,The Oasis Mall,3
V0924104LGRYL,The Oasis Mall,1
V0924104LGRYM,The Oasis Mall,1
V0925016DGRY1X/2X,The Oasis Mall,2
V0925026BLAS,Vivo Acacia,3
V0925026PR1L,Vivo Acacia,1
V0925028DOLI1X,The Oasis Mall,1
V0925028DOLI1X,Vivo Acacia,1
V0925030ORAL,The Oasis Mall,2
V0925030ORAS,The Oasis Mall,2
V0925030SGRNM,The Oasis Mall,1
V0925030SGRNS,The Oasis Mall,2
V0925053BLAL,The Oasis Mall,2
V0925053BLAL,Vivo Acacia,1
V0925053BUR1X,Vivo Acacia,1
V0925053ORAL,The Oasis Mall,2
V0925053ORAS,The Oasis Mall,2
V0925054NAVM,The Oasis Mall,2
V0925055LILM,Vivo Acacia,1
V1019114PR171X/2X,Vivo Acacia,2
V1019114PR31X/2X,The Oasis Mall,1
V1019114PR3XS/S,The Oasis Mall,1
V1019114PR4M/L,Vivo Acacia,1
V1020056NABS,The Oasis Mall,1
V1020057NAB2X,The Oasis Mall,1
V1022057NABS,The Oasis Mall,2
V1025007WHIS,The Oasis Mall,3
V1025009PR2S,The Oasis Mall,2
V1025012ORA1X/2X,The Oasis Mall,2
V1025012ORAM/L,The Oasis Mall,2
V1025012ORAXS/S,The Oasis Mall,2
V1025012SGRN1X/2X,Vivo Acacia,1
V1025012SGRNM/L,Vivo Acacia,2
V1025020PR2S,The Oasis Mall,2
V1025038NAV1X,Vivo Acacia,1
V1025038NAV2X,Vivo Acacia,1
V1025038NAVM,The Oasis Mall,3
V1025038NAVS,The Oasis Mall,2
V1025044DRDS,The Oasis Mall,1
V1025049BUR1X,The Oasis Mall,1
V1025049NAV2X,The Oasis Mall,1
V1025049TEA2X,Vivo Acacia,1
V1123129PR11S,The Oasis Mall,2
V1124094DNAV3X,The Oasis Mall,2
V1124094PR23X,The Oasis Mall,1
V1124094PR24X,The Oasis Mall,1
V1124102BLUM,The Oasis Mall,1
V1124109NABS,The Oasis Mall,1
V1124109PR5S,The Oasis Mall,2
V1125001BLAS,The Oasis Mall,1
V1125001OLI1X,Vivo Acacia,1
V1125006MARM,The Oasis Mall,3
V1125011PR1L,Vivo Acacia,3
V1125011PR41X,Vivo Acacia,1
V1125040WHIL,The Oasis Mall,2
V1221043PR471X,Vivo Acacia,1
V1223032PR17S,The Oasis Mall,1
VE0003MUL3X,The Oasis Mall,1
VE0003TEA2X,The Oasis Mall,1
VE0003TEA3X,The Oasis Mall,1
VE0008YEL3X,Vivo Acacia,2
VE0008YELXS,The Oasis Mall,1
VE0034MOA4X,The Oasis Mall,1
Z0822087NABS,The Oasis Mall,1
