Florence,Mary,Florence,Mary,Mary,Mary,Mary,Florence,Florence,Florence,Mary,,Mary,Florence,Florence,,Marion,Chantal,Marion,,,,,,Mary,Amos,,,Mary,Mary,Florence,,Mary,Mary,,Mary,Mary
Style No.,Image,Style Name,Type,Status,Category,Sub Category,Adoption Date,Florence,EDD - Sample,Target Order Week,Target Launch Week,Actual Order Date,Sample Approval Date,Sample Approval Week,CAD Transfer Date,Tech Pack/Requisition Date,Set Sample Mini Marker,Set Sample Order Date,Set Sample Receipt Date,Set Sample Approval Date,Set Sample Approval Week,Date Transferred to Buying,Actual Order Week,Planned Launch Week,Actual Launch Date,Theme,Collection Name,Fabric Type,P / S,Brand,,Fabric Name,Sample Colour,,S/S Approval,Exp Order Date
S0626019,,Safari By Vivo Balloon Sleeve Shirt in Linen Blend,NEW,SAMPLE REVIEW,Tops,Loose & Oversized Tops,10-Jun-2026,Wanjohi,,,,,,,,,,,,,,,,,,,SBV,Linen Blend,,Safari by Vivo,,,Dark Green,,,
S0226012,,Safari By Vivo Barrel Pants in Cotton (Relaxed Barrel Jeans ETSY),NEW,SAMPLING,Bottoms,Full Length Pants,6-May-2026,Wanjohi,,WK 37,WK 40,,,,,,,,,,,,,,,,,Heavy Cotton,solid,SBV,,YIYI Y760 Medium Cotton Twill,Rust,,,
S0826036,,Safari by Vivo Boho Dress in Kitenge ( ETSY),NEW,PATTERN,Dresses,Maxi Dresses,25-Aug-2026,Florence,,WK 40,WK 43,,,,,,,,,,,,,,,,,,,Safari by Vivo,,Sample in Tanzania Kitenge,,,,
S0526028,,Safari by Vivo Coat in Kitenge,NEW,TRANSFER TO CAD,Outerwear,Jackets & Coats,,Florence,,WK 37,WK 40,,27-Aug-2026,WK 36,,,,,,,,,,,,,SBV,Medium Cotton Kitenge,Print,Safari by Vivo,,ANNINGTEX Kitenge ,,,,
S0626074,,Safari By Vivo Cocoon Dress in Linen Blend,NEW,PATTERN,Dresses,Midi & Capri Dresses,26-Jun-2026,Mercy,WK 30,WK 41,WK 44,,24-Jul-2026,WK 30,,,,,,,,,,,,Resort,SBV,Light Cotton Twill,Solid,Safari by Vivo,,XINHENGSHENG 1623 Light Cotton Twill,Defective light cotton,,,
S0726037,,Safari By Vivo Cocoon Top in Linen Blend,NEW,PATTERN,Tops,Loose & Oversized Tops,26-Jun-2026,Mercy,,WK 39,WK 42,,,,,,,,,,,,,,,Resort,SBV,Linen Blend,Solid,Safari by Vivo,,XUEGUI 2317 Light Linen Blend,Defective light cotton,,,
S0626064,,Safari by Vivo Contrast Stitch Top in Linen Blend ,NEW,SAMPLE REVIEW,Tops,Loose & Oversized Tops,22-Jun- 2026,Victoria,,WK 37,WK 40,, ,,,,,,,,,,,,,Casual,SBV,Light Linen Blend,Solid,Safari by Vivo,,Xuegui 2317,Navy,,,
S0726002,,Safari by Vivo Front Pleat Loose Shirt in Linen Blend,NEW,PATTERN,Tops,Loose & Oversized Tops,3-Jun-2026,Mercy,,WK 40,WK 43,,,,,,,,,,,,,,,Casual,SBV,Light Cotton Twill,Solid,Safari by Vivo,,XINHENGSHENG 1623 Light Cotton Twill,Defective light cotton,,,
S0826034,,Safari by Vivo Midi Dress in Linen (ETSY),NEW,PATTERN,Dresses,Knee Length Dresses,25-Aug-2026,Florence,,WK 40,WK 43,,,,,,,,,,,,,,,,,,,Safari by Vivo,,Sample in Tanzania Kitenge,,,,
S0626071,,Safari by Vivo Nimali Top in Kitenge,RR,SAMPLE REVIEW,Tops,Loose & Oversized Tops,24-Jun-2026,CAD,,WK 37,WK 40,,31-Jul-2026,WK 31,,,,,,,,,,,,,SBV,Medium Cotton Kitenge,Print,Safari by Vivo,,ANNINGTEX Kitenge,Eastleigh Kitenge scraps,,,
S0526098,,Safari by Vivo Off Shoulder Tiered Maxi Dress in Cotton,NEW,SET SAMPLING,Dresses,Midi & Capri Dresses,28-May-2026,Wanjohi,,WK 37,WK 40,,20-Aug-2026,WK 34,21-Aug-2026,,,,,,,,,,,,SBV,Medium Cotton,Solid,Safari by Vivo,,YIYI N272,,,,
V0826012,,Safari by Vivo Off-Shoulder Maxi Dress in Cotton,RR,SET SAMPLING,Dresses,Maxi Dresses,23-Jul-2026,CAD,,WK 36,WK 39,,,,,,,,,,,,,,,,,Medium Cotton Twill,Solid,Safari by Vivo,,Minglei 810,,,,
S0726044,,Safari by Vivo Oversized Jacket in Twill  (Zoe Jacket ETSY),NEW,PATTERN,Outerwear,Jackets & Coats,22-Jul-2026,Mercy,,WK 38,WK 41,,27-Aug-2026,WK 36,,,,,,,,,,,,,,Heavy Cotton Twill,Solid,Safari by Vivo,,WAN HEXIN Kata Tiao -Dark Green,,,,
S0726009,,Safari By Vivo Panelled Barrel Pants in Linen Blend,NEW,TRANSFER TO CAD,Bottoms,Full Length Pants,6-Jul- 2026,Florence,,WK 37,WK 40,,27-Aug-2026,WK 35,,,,,,,,,,,,Resort,SBV,Linen Blend,Solid,Safari By Vivo,,AMDHIR Light Linen Blend,Eastleigh kitenge/Mustard,,,
V0626079,,Safari by Vivo Panelled Oversized Short Sleeve Top in Linen,NEW,CAD PROCESSING SS,Tops,Loose & Oversized Tops,26-Jun-2026,Victoria,,WK 37,WK 40,,27-Aug-2026,WK 35,,,,,,,,,,,,,Vivo,Light Cotton Poplin,Solid,Vivo,,Linen,Dark Tan,,,
S0626053,,Safari By Vivo Ruffle Sleeve Top in Cotton,NEW,PATTERN,Tops,Loose & Oversized Tops,22-Jun- 2026,Mercy,,WK 41,WK 44,,,,,,,,,,,,,,,,SBV,Light Cotton,Solid,Safari by Vivo,,YIYI N272,YIYI 7294 - purple,,,
V0626082,,Safari by Vivo Short Sleeved Top in Cotton,NEW,TRANSFER TO CAD,Tops,Loose & Oversized Tops,26-Jun-2026,Florence,,WK 37,WK 40,,27-Aug-2026,WK 35,,,1-Sep-2026,1-Sep-2026,,,,,,,,,Vivo,Light Cotton Poplin,Solid,Vivo  ,,YIYI N272,Brown,,,
S0826014,,Safari by Vivo Sleeveless Front Zip Jumpsuit in Cotton (Etsy Front Zip Jumpsuit),NEW,SAMPLE REVIEW,Bottoms,Jumpsuits & Playsuits ,5-Aug-2026,CAD,,WK 38,WK 41,,,,,,,,,,,,,,,,,Medium Cotton Twill,,Safari by Vivo,,SHUNYUAN 1728 Medium Cotton Twill,,,,
S0826015,,Safari by Vivo Sleeveless Panelled Dress in Cotton,NEW,PATTERN,Dresses,Maxi Dresses,5-Aug-2026,Victoria,,WK 40,WK 43,,,,,,,,,,,,,,,,SBV,Light Cotton Lining,,Safari by Vivo,,YIYI N272,YIYI 7294 - white for sampling,,,
S0826013,,Safari by Vivo Utility Jumpsuit in Cotton (ETSY Boiler Suit Jumpsuit),NEW,SAMPLE REVIEW,Bottoms,Jumpsuits & Playsuits ,5-Aug-2026,CAD,,WK 40,WK 43,,,,,,,,,,,,,,,,,Medium Cotton Twill,,Safari by Vivo,,YIYI Y760 Medium Cotton Twill,,,,
S0826040,,Safari by Vvo Maxi Skirt in Linen (ETSY),NEW,PATTERN,Skirts,Maxi Skirts,25-Aug-2026,Mercy,,WK 41,WK 44,,,,,,,,,,,,,,,,,,Solid,Safari by Vivo,,Sample in Tanzania Kitenge,,,,
V0326005,,Vivo 3/4 Sleeve Short Blazer in Kitenge,RR,SAMPLE REVIEW,Outerwear,Jackets & Coats,25-Mar-2026,Florence,WK 15,,,,,,,,,,,,,,,,,,,Kitenge,Print,Vivo  ,,Kitenge,,,,
V0626072,,Vivo Asymetrical Sleeveless Coat in Twill,NEW,PATTERN,Outerwear,Jackets & Coats,24-Jun-2026,Wanjohi,,WK 39,WK 42,,,,,,,,,,,,,,,,Vivo,Medium Polyester Twill,Print,Vivo,,YIWAN 8075 Medium Polyester Twill,Eastleigh Kitenge,,,
V0826010,,Vivo Back Pleat Coat Dress in Cotton Denim Twill,NEW,APPROVED FOR S/S,Dresses,Knee Length Dresses,7-Jul-2026,CAD,,WK 37,WK 40,,20-Aug-2026,WK 34,,,,,,,,,,,,,,Medium Cotton Denim,Solid,Vivo  ,,SHUNYUAN H407 Medium Cotton Denim,,,,
V0626051,,Vivo Barrel Pants in Scuba,NEW,PATTERN,Bottoms,Full Length Pants,22-Jun- 2026,Florence,,WK 40,WK 43,,,,,,,,,,,,,,,,Vivo,Medium Scuba,Solid,Vivo,,PU SHY 8086,Navy,,,
V0826050,,Vivo Basic A Line Dress Block (Woven),NEW,SAMPLE REVIEW,Dresses,Knee Length Dresses,27-Aug-2026,Florence,,,,,,,,,,,,,,,,,,,,,,,,,,,,
V0826046,,Vivo Batwing Blouse in Crepe (ETSY),NEW,PATTERN,Tops,Relaxed Tops,25-Aug-2026,Wanjohi,,WK 40,WK 43,,,,,,,,,,,,,,,,,,Solid,Vivo  ,,Hong Yu F0321,Denim Blue,,,
V0726027,,Vivo Bias Skirt in Satin (Etsy),NEW,PATTERN,Skirts,Midi & Capri Skirts,5-Jun-2026,Mercy,,WK 40,WK 43,,,,,,,,,,,,,,,,Vivo,,,Safari by Vivo,,????,,,,
V0826004,,Vivo Bubble Gathered Midi Dress in Cotton Blend,NEW,PATTERN,Dresses,Midi & Capri Dresses,6-Aug-2026,Florence,,WK 39,WK 42,,,,,,,,,,,,,,,,,Light Polyester Cotton Blend,,Vivo,,XUEGUI Y022 Light Poly Cotton Blend,Lie Green,,,
V0726029,,Vivo Butterfly Sleeve Knee Length Dress,NEW,PATTERN,Dresses,Knee Length Dresses,21-Jul-2026,Florence,,WK 39,WK 42,,,,,,,,,,,,,,,,Vivo,,,Vivo,,YIYI N272,,,,
V0626032,,Vivo Button Up Pintuck in Satin,NEW,SAMPLING,Tops,Loose & Oversized Tops,10-Jun-2026,Victoria,WK 24,WK 38,WK 41,,,,,,,,,,,,,,,,,Medium Satin,,Vivo,,Eastleigh Medium Satin,,,,
V0426005,,Vivo Buttoned Jumpsuit In Linen,NEW,PATTERN,Bottoms,Jumpsuits & Playsuits ,13-Mar-2026,Wanjohi,,WK 41,WK 44,,,,,,,,,,,,,,,,Vivo,Light Denim,Solid,Vivo,,Linen,,,,
V0526085,,Vivo Cape Top in Stretch Rib,NEW,APPROVED FOR S/S,Outerwear,Sweaters & Ponchos,21-May-2026,Wanjohi,,WK 37,WK 40,,27-Aug-2026,WK 36,,1-Sep-2026,1-Sep-2026,1-Sep-2026,,,,,,,,,Vivo,,Solid,Vivo,,GAOHENG H1031 ,Black,,,
V0526025,,Vivo Cinch Shirt in Heavy Crepe,RR,PATTERN,Tops,Fitted Tops,10-Mar-2026,Wanjohi,WK 16,WK 40,WK 43,,,,,,,,,,,,,,,,,Medium Crepe,Solid,Vivo  ,,Yiwan 8053,,,,
V0626057,,Vivo Crossed Cuff Top in Cotton,NEW,PATTERN,Tops,Loose & Oversized Tops,23-Jun-2026,Mercy,,WK 40,WK 43,,4-Jul-2026,WK 32,10-Aug-2026,,,,,,,,,,,Casual,Vivo,,Solid,Vivo,,YIYI N272,YIYI 7294 - purple,,,
V0526041,,Vivo Dolman Sweater (Ken Knit),NEW,SAMPLE REVIEW,Outerwear,Sweaters & Ponchos,10-Mar-2026,Ken Knit,NONE,,,,12-May-2026,,,,,,,,,,,WK 25,,,Vivo,Acrylic Sweater,,Vivo  ,,Acrylic,,,,
V0826030,,Vivo Dolman Sweater in Rib,NEW,APPROVED FOR S/S,Tops,Sweaters & Ponchos,14-Aug-2026,Abigail,,,,,20-Aug-2026,WK 34,,,,,,,,,,,,,,,,,,,,,,
V0626077,,Vivo Drawstring Wide Pants in Crepe,NEW,WAITING FOR FABRIC,Bottoms,Full Length Pants,26-Jun-2026,Victoria,,WK 37,WK 40,,29-Jul-2026,WK 31,,,,,,,,,,,,,Vivo,Medium Crepe,Print,Vivo,,EQ 1441,White,,,
V0526056,,Vivo Drop Shouder Dress in Crepe (Etsy Sleeveless Wrap Dress),NEW,SAMPLE REVIEW,Dresses,Midi & Capri Dresses,22-May-2026,Wanjohi,,WK 37,WK 40,,,,,,,,,,,,,,,,Vivo,Light Crepe,print,Vivo,,,,,,
V0626012,,Vivo Drop Shoulder Jumpsuit in Denim (Etsy Everyday Luxe Jumpsuit),NEW,SAMPLE REVIEW,Bottoms,Jumpsuits & Playsuits ,,Wanjohi,,WK 38,WK 41,,,,,,,,,,,,,,,,Vivo,Medium Polyester Denim,Solid,Vivo,,Hua Yi F-005 Medium Polyester Denim,Denim Blue 5,,,
V0826044,,Vivo Drop Shoulder T-Shirt in Jersey  (ETSY),NEW,PATTERN,Tops,T-shirts & Tank Tops,25-Aug-2026,Wanjohi,,WK 40,WK 43,,,,,,,,,,,,,,,,,,Solid,Vivo  ,,Shunwang 3019,,,,
V0626060,,Vivo Drop Shoulder Tie Neck Top in Chiffon,NEW,PATTERN,Tops,Relaxed Tops,22-Jun- 2026,Mercy,,WK 41,WK 44,,,,,,,,,,,,,,,,Vivo,Light Polyester Chiffon,,Vivo  ,,Huaming Coarse Hemp,,,,
V0326041,,Vivo Dropped Waist Maxi Dress in Cotton,RR,SAMPLE REVIEW,Dresses,Maxi Dresses,10-Mar-2026,Victoria,,WK 37,WK 40,,,,,,,,,,,,,,,,Vivo,Light Cotton,Print,Vivo  ,,YIYI N272 Light Cotton Poplin,YIYI 72 Pink 94,,,
V0726023,,Vivo Dua Long Sleeve Shirt in Textured Satin (REFRESH),RR,CAD PROCESSING SS,Tops,Fitted Tops,7-Jul-2026,CAD,,WK 37,WK 40,,,,,,,,,,,,,,,,Vivo,Light Satin,Solid,Vivo,,YIWAN 8083 Light Polyester Satin,,,,
V0926002,,Vivo Essi Front Slit Maxi Top in Textured Satin,RR,SAMPLING,Tops,Loose & Oversized Tops,1-Sep-2026,,,WK 37,WK 40,,,,,,,,,,,,,,,,Essi,Light Satin,Solid,Vivo,,Yiwan 8083,Mustard,,,
V0526026,,Vivo Extra Wide Leg Pants in Denim,NEW,SAMPLE REVIEW,Bottoms,Full Length Pants,6-May-2026,Victoria,Wk 23,WK 38,WK 41,,,,,,,,,,,,,,,,Vivo,Heavy Denim,solid,Vivo,,HONG YU F8953 Light Cotton Denim,1 DENIM BLUE,,,
V0626063,,Vivo Extra Wide Pants in Crepe,NEW,SAMPLE REVIEW,Bottoms,Full Length Pants,22-Jun- 2026,Victoria,,,,,,,,,,,,,,,,,,,Vivo,,Solid,Vivo,,Yihao 68 992,Green,,,
V0526099,,Vivo Flounce Maxi Dress In Kitenge (R),NEW,CAD PROCESSING SS,Dresses,Maxi Dresses,28-May-2026,Mercy,,WK 37,WK 40,,27-Aug-2026,WK 35,,31-Aug-2026,1-Sep-2026,1-Sep-2026,,,,,,,,,Vivo,Medium Cotton Kitenge,Print,Vivo,,Kitenge,Eastleigh Kitenge,,,
V0526096,,Vivo Four Tiered Maxi Dress in Chiffon (R),NEW,PATTERN,Dresses,Maxi Dresses,28-May-2026,Victoria,,WK 40,WK 43,,,,,,,,,,,,,,,,Vivo,Light Chiffon,print,Vivo,,Chiffon,Defective chiffon,,,
V0826056,,Vivo Gathered Neck Jacket (ETSY),NEW,SAMPLING,Outerwear,Jackets & Coats,22-Jun- 2026,Wanjohi,,WK 37,WK 40,,31-Jul-2026,,3-Aug-2026,,,,,,,,,,,,Vivo,Medium Polyester Satin,Solid,Vivo,,HUAMING 2018 Medium Polyester Satin,Navy,,,
V0526033,,Vivo Halter Neck Contrast Maxi Dress in Denim,NEW,PATTERN,Dresses,Maxi Dresses,29-Apr-2026,Wanjohi,,WK 40,WK 43,,,,,,,,,,,,,,,,Vivo,Medium Denim,solid,Vivo  ,,CHECK JUMPSUIT DENIM TO SHARE,,,,
V0826041,,Vivo Halter Top in Satin  (ETSY) ,NEW,PATTERN,Tops,Fitted Tops,25-Aug-2026,Wanjohi,,WK 41,WK 44,,,,,,,,,,,,,,,,,,Print,Vivo  ,,Eastleigh Medium Satin,,,,
V0626033,review,Vivo High Low Top in Satin,NEW,PATTERN,Tops,Loose & Oversized Tops,10-Jun-2026,Florence,WK 24,WK 39,WK 42,, ,,,,,,,,,,,,,,Vivo,Medium Satin,Solid,Vivo,,Hua Ming 2018/100D,Navy Blue,,,
V0826048,,Vivo Kimono (ETSY),NEW,PATTERN,Outerwear,Waterfalls & Kimonos,25-Aug-2026,Mercy,,WK 41,WK 44,,,,,,,,,,,,,,,,,,,Vivo  ,,,,,,
V0526042,,Vivo Knit Tank Top (Ken Knit),NEW,SET SAMPLING,Outerwear,T-shirts & Tank Tops,10-Mar-2026,Ken Knit,NONE,,,,,,,,,,,,,,,WK 25,,,,Acrylic Sweater,,Vivo  ,,Acrylic,,,,
V0726016,,Vivo Long Sleeve Bodysuit in Rayon,NEW,SAMPLE REVIEW,Tops,Bodysuits,7-Jul-2026,CAD,,WK 37,WK 40,,,,,,,,,,,,,,,Casual,Vivo,Heavy Interlock Jersey,Solid,Vivo,,REEYON LY001 Heavy Interlock Jersey,Off white,,,
V0526047,,Vivo Long Sleeved Tie Blazer in Ponte,RR,PATTERN,Outerwear,Jackets & Coats,25-Mar-2026,Victoria,WK 33,WK 39,WK 42,,,,,,,,,,,,,,,,Vivo,Medium Ponte,Solid,Vivo  ,,Shunyuan 18A-46,,,,
V0826035,,Vivo Maxi Kaftan in Crepe (ETSY),NEW,PATTERN,Dresses,Kaftan Dresses,25-Aug-2026,Mercy,,WK 41,WK 44,,,,,,,,,,,,,,,,,,,Vivo  ,,Showme 18208,,,,
V0826080,,Vivo Mistari 3/4 Sleeve Kaftan Dress in Twill,NEW,PATTERN,Dresses,Kaftan Dresses,20-Aug-2026,Florence,,WK 36,WK 39,,,,,,,,,,,,,,,,,Medium Polyester Twill,Print,Vivo  ,,.YIHAO 57 2345,,,,
V0826042,,Vivo Oversized Shirt ETSY,NEW,PATTERN,Tops,Loose & Oversized Tops,25-Aug-2026,Victoria,,WK 40,WK 43,,,,,,,,,,,,,,,,,,Print,Vivo  ,,Yihao 118-2077 Army Green,,,,
V0826023,,Vivo Pleated Wide Leg Pants in Twill,NEW,SET SAMPLING,Bottoms,Full Length Pants,24-Jun-2026,Wanjohi,,WK 36,WK 39,,18-Aug-2026,WK 34,,,,,,,,,,,,,,Medium Polyester Twill,Solid,Vivo,,YIHAO 681112 Light Polyester Crepe,,,,
V0826038,,Vivo Pullover in Fleece (ETSY),NEW,PATTERN,Outerwear,Hoodies & Sweatshirts,25-Aug-2026,Victoria,,WK 39,WK 42,,,,,,,,,,,,,,,,,,,Vivo  ,,Maziwa Fleece,,,,
V0726032,,Vivo Raglan Sleeve Sweatshirt in Ponte (ETSY),NEW,PATTERN,Outerwear,Hoodies & Sweatshirts,21-Jul-2026,Florence,,WK 39,WK 42,,,,,,,,,,,,,,,,Vivo,Medium Rayon Ponte,Solid,Vivo  ,,GAO SHANG 6034 Medium Rayon Ponte,,,,
V0826045,,Vivo Relaxed Blouse in Crepe  (ETSY),NEW,PATTERN,Tops,Relaxed Tops,25-Aug-2026,Victoria,,WK 41,WK 44,,,,,,,,,,,,,,,,,,Print,Vivo  ,,Showme 18206,,,,
V0426011,,Vivo Relaxed Shirt Dress in Crepe,NEW,TRANSFER TO CAD,Dresses,Short & Mini Dresses,10-Mar-2026,Mercy,,WK 37,WK 40,,20-Aug-2026,WK ,,,,,,,,,,,,,Vivo,Medium Crepe,Print,Vivo  ,,Showme 18206,,,,
V0526086,,Vivo Reversible Tulip Coat in Corduroy (NEW),NEW,SAMPLE REVIEW,Outerwear,Jackets & Coats,21-May-2026,Victoria,,WK 38,WK 41,,,,,,,,,,,,,,,,Vivo,Medium Rayon Jersey Rib,Solid,Vivo  ,,FANGQI Microfiber High Elastic Medium Rayon Jersey Rib,"Navy,Hunters,Brown,Rust",,,
V0926001,,Vivo Round Neck Maxi Kaftan in Satin,RR,SAMPLING,Dresses,Kaftan Dresses,1-Sep-2026,,,WK 37,WK 40,,,,,,,,,,,,,,,,Vivo,Medium Satin,Print,Vivo,,Huaming 2018D,Navy,,,
V0826016,,Vivo Ruffle Tie Neck Top in ,NEW,PATTERN,Tops,Relaxed Tops,5-Aug-2026,Wanjohi,,WK 40,WK 43,,,,,,,,,,,,,,,,,,,Vivo  ,,,,,,
V0626056,,Vivo Scooped Tank Top in Satin,NEW,PATTERN,Tops,T-shirts & Tank Tops,22-Jun- 2026,Mercy,,WK 39,WK 42,,,,,,,,,,,,,,,Casual,Vivo,,,Vivo  ,,Yiwan 8068,,,,
V0626062,,Vivo Shawl Collar Blazer in Crepe,NEW,SAMPLE REVIEW,Outerwear,Jackets & Coats,22-Jun- 2026,Victoria,,,,,,,,,,,,,,,,,,,Vivo,,Solid,Vivo  ,,Yihao 68 992/Lining Huaming 1801/50D,Green,,,
V0626081,,Vivo Shirred Sleeve Top in Cotton,NEW,APPROVED FOR S/S,Tops,Relaxed Tops,26-Jun-2026,Wanjohi,,WK 38,WK 41,,27-Aug-2026,WK 35,28-Aug-2026,,31-Aug-2026,31-Aug-2026,,,,,,,,,SBV,,,Safari by Vivo,,YIYI N273,YIYI 7294 White,,,
V0826009,,Vivo Short Sleeve Maxi Dress in Cotton,NEW,SAMPLE REVIEW,Dresses,Maxi Dresses,6-Aug-2026,Mercy,,WK 38,WK 41,,,,,,,,,,,,,,,,Vivo,Medium Cotton Twill,,Vivo,,SHUNYUAN H179 Medium Cotton Twill,,,,
V0526001,,Vivo Short Sleeve Midi Dress in Cotton,NEW,SAMPLE REVIEW,Dresses,Midi & Capri Dresses,29-Apr-2026,Mercy,,WK 37,WK 40,,,,,,,,,,,,,,,Casual,Vivo,Light Cotton Poplin,Solid,Vivo  ,,YIYI Y933 Light Cotton Poplin,Navy,,,
V0826005,,Vivo Side Pleat Top in Jersey,NEW,BUYING REQUISITION S/S,Tops,Fitted Tops,6-Aug-2026,Mercy,,WK 38,WK 41,,27-Aug-2026,WK 35,,1-Sep-2026,,,,,,,,,,,,Medium Rayon Jersey,,Vivo,,REEYON LY470A Medium Rayon Jersey,,,,
V0626026,,Vivo Sleeveless Coat in Ponte,RR,SAMPLE REVIEW,Outerwear,Jackets & Coats,,,,,,,,,,,,,,,,,,,,,,,,Vivo,,????,,,,
V0826008,,Vivo Sleeveless Front Pleat Maxi Dress in Dobby,NEW,WAITING FOR FABRIC,Dresses,Maxi Dresses,6-Aug-2026,Mercy,,WK 38,WK 41,,18-Aug-2026,WK ,,,,,,,,,,,,,Vivo,Light Rayon Twill,,Vivo,,YIQI 1130  Light Rayon Twill,,,,
V0526060,,Vivo Sleeveless Lined Blazer in Kitenge,RR,SAMPLE REVIEW,Outerwear,Jackets & Coats,10-Mar-2026,Florence,WK 15,,,,,,,,,,,,,,,,,,,Kitenge,Solid,Vivo  ,,Kitenge,Eastleigh Kitenge,,,
V0626048,,Vivo Sleeveless Pleat Neck Jacket in Crepe,NEW,APPROVED FOR S/S,Outerwear,Jackets & Coats,22-Jun- 2026,Wanjohi,,WK 38,WK 41,,27-Aug-2026,WK 35,28-Aug-2026,,,,,1-Sep-2026,1-Sep-2026,,,,,,Vivo,Medium Crepe,Solid,Vivo,,YIHAO 681112 Light Polyester Crepe,Eastleigh Kitenge,,,
V0826047,,Vivo Sleeveless T-Shirt in Jersey (ETSY),NEW,PATTERN,Tops,T-shirts & Tank Tops,25-Aug-2026,Mercy,,WK 40,WK 43,,,,,,,,,,,,,,,,,,Solid,Vivo  ,,Shunwang 3019,,,,
V0626050,,Vivo Sleeveless Tent Jacket in Crepe,NEW,SAMPLE REVIEW,Outerwear,Jackets & Coats,22-Jun- 2026,Wanjohi,,WK 38,WK 41,,,,,,,,,,,,,,,Casual,Vivo,Heavy Crepe ,Solid,Vivo,,YAT TAJ HONG CA13550 Medium Polyester Crepe,,,,
V0826043,,Vivo Sleeveless Top Pattern in Cotton (ETSY),NEW,PATTERN,Tops,Fitted Tops,25-Aug-2026,Victoria,,WK 41,WK 44,,,,,,,,,,,,,,,,,,Solid,Vivo  ,,Sample in Tanzania Kitenge,,,,
V0826039,,Vivo Sleeveless Waistcoat in Cotton Denim (ETSY),NEW,PATTERN,Outerwear,Jackets & Coats,25-Aug-2026,Wanjohi,,WK 40,WK 43,,,,,,,,,,,,,,,,,,,Vivo  ,,SHUNYUAN H407 Medium Cotton Denim,,,,
V0826007,,Vivo Sleeveless Waterfall in Crepe,NEW,SAMPLE REVIEW,Outerwear,Waterfalls & Kimonos,6-Aug-2026,Wanjohi,,WK 38,WK 41,,,,,,,,,,,,,,,,,,,Vivo,,Showme 18206,,,,
V0726004,,Vivo Straight Leg Pants in Crepe (NEW),NEW,PATTERN,Bottoms,Full Length Pants,7-Jul-2026,Wanjohi,,WK 40,WK 43,,,,,,,,,,,,,,,,Vivo,Medium Polyester Crepe,Solid,Vivo  ,,YAT TAJ HONG CA13550 Medium Polyester Crepe,,,,
V0826055,,Vivo Straight Leg Pants in Stretch Rib,NEW,PATTERN,Bottoms,Full Length Pants,27-Aug-2026,Wanjohi,,WK 38,WK 41,,,,,,,,,,,,,,,,,,,,,GAOHENG H1031 ,,,,
V0526038,,Vivo Studio Strappy Jacket in Crepe,NEW,SAMPLE REVIEW,Outerwear,Jackets & Coats,6-May-2026,Victoria,Wk 23,,,,,,,,,,,,,,,,,,,Medium Crepe,solid,Vivo,,Hong Xin 3030,Eastleigh Kitenge,,,
V0826024,,Vivo Tanda Cowl Sweater in Jersey,NEW,SAMPLING,Outerwear,Sweaters & Ponchos,18-Aug-2026,CAD,,WK 37,WK 40,,,,,,,,,,,,,,,,,,,Vivo,,,,,,
V0526055,,Vivo Ustawi Bubble Sleeve Maxi Tie Dress in Crepe,NEW,SAMPLING,Dresses,Maxi Dresses,22-May-2026,CAD,Wk 23,WK 38,WK 41,,,,,,,,,,,,,,,,Vivo,Medium Satin,print,Vivo,,Showme 18208,,,,
V0526095,,Vivo Ustawi Easy Fit Shirt in Crepe (R),NEW,CAD PROCESSING ORDER,Tops,Loose & Oversized Tops,28-May-2026,Victoria,,WK 36,WK 39,,18-Aug-2026,WK 34,,,,,,,WK 35,,,,,,Vivo,Medium Crepe,print,Vivo,,Showme 18206,,,,
V0826027,,Vivo Ustawi Knee Length Shirt Dress in Crepe,NEW,PATTERN,Dresses,Knee Length Dresses,18-Aug-2026,Victoria,,WK 39,WK 42,,,,,,,,,,,,,,,,Vivo,Medium Crepe,print,Vivo,,Dexin 100D Supersoft,,,,
V0326010,,Vivo V-Neck Jumpsuit in Crepe,NEW,PATTERN,Bottoms,Jumpsuits & Playsuits ,25-Feb-2026,Wanjohi,WK 19,WK 42,WK 45,,,,,,,,,,,,,,,,Vivo,Medium Crepe,Print,Vivo  ,,Dexin 100D Supersoft,Black,,,
V0423018,,Vivo Wastani Shirred Sleeve Easy Fit Shirt,RR,SAMPLE REVIEW,Tops,Relaxed Tops,7-Jul-2026,CAD,,WK 38,WK 41,,,,,,,,,,,,,,,,,Light Polyester Crepe,,Vivo  ,,HUAYI B865 Medium Polyester Crepe,Dexin 100D Supersoft,,,
V0726034,,Vivo Wastani Shirred Sleeve Shirt Dress in Crepe ,NEW,SAMPLING,Dresses,Knee Length Dresses,7-Jul-2026,CAD,,WK 37,WK 40,,,,,,,,,,,,,,,,Vivo,Medium Crepe,Solid,Vivo  ,,HUAYI B865 Medium Polyester Crepe, Denim Blue 1,,,
V0626058,,Vivo Wide Bubble Sleeve Top in Cotton,NEW,CAD PROCESSING ORDER,Tops,Loose & Oversized Tops,22-Jun-2026,Mercy,,WK 36,WK 39,,18--Aug-2026,WK ,,,,,,,,,,,,,Vivo,Acrylic Sweater,Solid,Vivo  ,,YIYI N272,YIYI 7294 - purple,,,
V0826006,,Vivo Wide leg Pants in Crepe,NEW,SET SAMPLING,Bottoms,Full Length Pants,6-Aug-2026,Wanjohi,,WK 38,WK 41,,8-Nov-2026,WK 33,12-Aug-2026,,,,,,,,,,,Casual,Vivo,Medium Polyester Crepe,,Vivo,,Showme 18206,,,,
V0826028,,Vivo Wide Leg Pants in Ponte TO MATCH ETSY SWEATSHIRT,NEW,PATTERN,Bottoms,Full Length Pants,18-Aug-2026,Florence,,WK 39,WK 42,,,,,,,,,,,,,,,,,Medium Ponte,Solid,Vivo,,BAO DELI,,,,
V0826037,,Vivo Zipper Jacket in Ponte (ETSY),NEW,PATTERN,Outerwear,Jackets & Coats,25-Aug-2026,Wanjohi,,WK 39,WK 42,,,,,,,,,,,,,,,,,,,Vivo  ,,Runfeng 8004,,,,