order_id,order_name,pos_location_name,returns_kes,order_created_in_window
6091308466331,#594294,Vivo Village Market,21100.0,True
6075697528987,#591425,Vivo Garden City,19100.0,True
6021709234331,#583832,Vivo Galleria,16601.0,True
6079244239003,#592160,Vivo Hub,14950.0,True
6098516508827,#595462,Vivo Sarit,14100.0,True
6081419215003,#592900,Vivo Garden City,13850.0,True
6091178967195,#594210,Vivo Kisumu,12400.0,True
6082938208411,#593105,Vivo Hub,11800.0,True
6127753855131,#600063,Vivo Mama Ngina St,11200.0,True
6118277709979,#598702,Safari Sarit,11200.0,True
6077412540571,#591742,Vivo T- Mall,11200.0,True
6073937395867,#591173,Vivo Mama Ngina St,11100.0,True
5933361365147,#568547,Vivo Sarit,10800.0,False
6089802416283,#594068,Vivo Nakuru,10400.0,True
6094628323483,#594893,Vivo Two Rivers,10400.0,True
6091265081499,#594266,Vivo Moi Avenue,10400.0,True
6056520089755,#588331,Vivo Village Market,9800.0,True
6070582739099,#590794,Vivo Village Market,9800.0,True
6116538876059,#598443,Vivo TRM,9800.0,True
6098345951387,#595397,Vivo Imaara,9450.0,True
6077512581275,#591788,Vivo Imaara,9250.0,True
6111211454619,#597519,Vivo Eldoret,9000.0,True
6072094326939,#590921,Vivo Hub,9000.0,True
6101699297435,#595904,Vivo Mama Ngina St,9000.0,True
6077234217115,#591642,Vivo Yaya,8950.0,True
6099916619931,#595601,Vivo Sarit,8950.0,True
6087475560603,#593657,Vivo Imaara,8950.0,True
6121998549147,#599283,Safari Sarit,8800.0,True
6065107173531,#589764,Vivo Meru,8400.0,True
6101627404443,#595868,Vivo TRM,8400.0,True
6084439867547,#593271,Vivo Signature Mall,7900.0,True
6065267245211,#589835,Vivo Nakuru,7500.0,True
6071835689115,#590830,Vivo Junction,7400.0,True
6109617848475,#597340,Vivo Moi Avenue,6900.0,True
6066754945179,#590009,Vivo Moi Avenue,6900.0,True
6111403704475,#597592,Vivo Imaara,6900.0,True
6084448190619,#593277,Vivo Mama Ngina St,6900.0,True
6082782396571,#593037,Vivo Hub,6900.0,True
6074152779931,#591251,Vivo Kisumu,6900.0,True
6093007323291,#594523,Vivo Junction,6900.0,True
6084471554203,#593291,Vivo Capital Centre,6900.0,True
6123539234971,#599424,Vivo Sarit,6900.0,True
6085821792411,#593395,Vivo TRM,6900.0,True
6101632942235,#595871,Vivo Capital Centre,6900.0,True
6094537228443,#594822,Vivo Hub,6900.0,True
6125851967643,#599851,Vivo Two Rivers,6900.0,True
6082583298203,#592934,Vivo Garden City,6900.0,True
6073540313243,#591050,Vivo Galleria,6900.0,True
6077502193819,#591781,Vivo Meru,6900.0,True
6087631339675,#593730,Vivo Nakuru,6850.0,True
6079259705499,#592172,Vivo Sarit,6800.0,True
6075983167643,#591552,Safari Sarit,6800.0,True
6079285919899,#592193,Vivo Signature Mall,6750.0,True
6056498430107,#588318,Vivo Mama Ngina St,6700.0,True
6098522865819,#595466,Vivo Imaara,6700.0,True
6077519167643,#591790,Vivo MSA Digo Road,6700.0,True
6091208753307,#594227,Vivo Nakuru,6700.0,True
6093003751579,#594521,Vivo MSA Digo Road,6501.0,True
6123448828059,#599385,Vivo Garden City,6500.0,True
6064972693659,#589687,Vivo Sarit,6500.0,True
6078878974107,#591894,Vivo Meru,6500.0,True
6075830665371,#591487,Vivo TRM,6500.0,True
6078962532507,#591914,Vivo Kisumu,6500.0,True
6073912230043,#591169,Vivo Two Rivers,6500.0,True
6082746974363,#593018,Vivo Garden City,6500.0,True
6109751804059,#597406,Vivo MSA Digo Road,6500.0,True
6056873459867,#588570,Vivo Hub,6500.0,True
6103770267803,#596361,Vivo Mama Ngina St,6401.0,True
6082830467227,#593068,Vivo Junction,6200.0,True
6082962555035,#593117,Vivo Village Market,6200.0,True
6112704364699,#597698,Vivo Village Market,6200.0,True
6066703270043,#589968,Vivo Junction,6200.0,True
6105800016027,#596842,Vivo Sarit,6200.0,True
6109735977115,#597402,Vivo Capital Centre,6050.0,True
6081396277403,#592883,Vivo Galleria,5901.0,True
6070613016731,#590807,Vivo Galleria,5900.0,True
6075466481819,#591319,Vivo MSA Digo Road,5900.0,True
6094649557147,#594906,Vivo Capital Centre,5900.0,True
6063084798107,#589350,Vivo Nakuru,5900.0,True
6081164509339,#592738,Vivo MSA Digo Road,5900.0,True
6042885161115,#586109,Vivo Garden City,5900.0,True
6041527386267,#586046,Vivo Capital Centre,5900.0,True
6127515140251,#599988,Vivo Village Market,5550.0,True
6094657781915,#594912,Vivo Runda,5500.0,True
6107989082267,#597201,Vivo Garden City,5500.0,True
6116544577691,#598446,Vivo Junction,5500.0,True
6118373228699,#598780,Vivo Junction,5500.0,True
6067057328283,#590172,Vivo Imaara,5500.0,True
6066691637403,#589963,Vivo Hub,5500.0,True
6066473271451,#589918,Vivo Kisumu,5500.0,True
6094550368411,#594842,Vivo Mama Ngina St,5500.0,True
6068220002459,#590235,Vivo Sarit,5500.0,True
6075803140251,#591475,Vivo Sarit,5500.0,True
6075749892251,#591448,Vivo Village Market,5500.0,True
6079321866395,#592215,Vivo Imaara,5500.0,True
6080714277019,#592382,Vivo Eldoret,5500.0,True
6073787809947,#591128,Vivo Signature Mall,5500.0,True
6103967072411,#596471,Vivo Mama Ngina St,5500.0,True
6093271629979,#594713,Vivo Garden City,5500.0,True
6081040679067,#592636,Vivo Garden City,5500.0,True
6112915357851,#597804,Vivo Capital Centre,5500.0,True
6075525267611,#591355,Vivo Runda,5500.0,True
6075419918491,#591302,Vivo Mama Ngina St,5500.0,True
6084333469851,#593219,Vivo Garden City,5500.0,True
6114694922395,#598106,Vivo Sarit,5500.0,True
6103573594267,#596193,Vivo Capital Centre,5500.0,True
6074111295643,#591233,Vivo Moi Avenue,5500.0,True
6073768771739,#591117,Vivo Runda,5500.0,True
6089609904283,#593994,Vivo TRM,5500.0,True
6073972457627,#591182,Vivo Two Rivers,5500.0,True
6081401651355,#592884,Vivo Two Rivers,5500.0,True
6072353915035,#591019,Vivo Eldoret,5500.0,True
6068900626587,#590572,Vivo Junction,5400.0,True
6063180021915,#589364,Vivo Runda,5250.0,True
6093158613147,#594648,Vivo Moi Avenue,5250.0,True
6075966292123,#591548,Vivo Imaara,5150.0,True
6077241557147,#591647,Vivo Garden City,4901.0,True
6133641216155,#600772,Vivo Mama Ngina St,4900.0,True
6068488863899,#590323,Vivo Village Market,4900.0,True
6075829911707,#591486,Vivo Garden City,4900.0,True
6079069749403,#591988,Vivo Nakuru,4900.0,True
6079443566747,#592305,Vivo Kisumu,4900.0,True
6080819396763,#592429,Vivo Greenspan,4900.0,True
6081309802651,#592834,Vivo TRM,4900.0,True
6086162022555,#593556,Vivo Sarit,4900.0,True
6089852420251,#594096,Vivo City Mall,4900.0,True
6092959154331,#594483,Vivo Galleria,4900.0,True
6098140758171,#595306,Vivo T- Mall,4900.0,True
6105616580763,#596676,Vivo Nakuru,4900.0,True
6111125733531,#597480,Vivo Garden City,4900.0,True
6114819211419,#598175,Vivo T- Mall,4900.0,True
6123981045915,#599587,Vivo Village Market,4900.0,True
6129136337051,#600169,Vivo Moi Avenue,4900.0,True
6084438360219,#593270,Vivo Mama Ngina St,4700.0,True
6077534765211,#591800,Vivo Signature Mall,4700.0,True
6104123211931,#596532,Vivo Garden City,4700.0,True
5980442198171,#576076,Vivo TRM,4500.0,False
6075670757531,#591415,Vivo Galleria,4500.0,True
6099706282139,#595493,Vivo Nakuru,4500.0,True
5987459727515,#577840,Vivo Mama Ngina St,4500.0,False
6096382263451,#595127,Vivo MSA Digo Road,4500.0,True
6099785547931,#595532,Vivo Junction,4500.0,True
6099745570971,#595509,Vivo Sarit,4500.0,True
6081231257755,#592780,Vivo TRM,4500.0,True
6039451107483,#585618,Vivo Imaara,4500.0,True
6113150959771,#597910,Vivo Hub,4500.0,True
6093153763483,#594642,Vivo Two Rivers,4500.0,True
6105841303707,#596870,Vivo Two Rivers,4500.0,True
5890591817883,#558538,Vivo Signature Mall,4500.0,False
6080727351451,#592386,Vivo Runda,4500.0,True
6073740918939,#591107,Vivo Moi Avenue,4500.0,True
6089638641819,#594008,Vivo Nakuru,4500.0,True
6081245020315,#592790,Vivo Moi Avenue,4250.0,True
6081295614107,#592823,Vivo Hub,4200.0,True
6103610818715,#596230,Vivo Imaara,3900.0,True
6094595817627,#594872,Vivo Sarit,3900.0,True
6080992510107,#592590,Vivo Eldoret,3900.0,True
6075815395483,#591482,Vivo Runda,3900.0,True
6091205968027,#594225,Vivo Mama Ngina St,3900.0,True
6010810695835,#582138,Vivo Capital Centre,3900.0,True
6081104674971,#592694,Vivo Sarit,3900.0,True
6065402118299,#589898,Vivo Capital Centre,3900.0,True
6123948146843,#599581,Vivo Eldoret,3900.0,True
6056655749275,#588448,Vivo Two Rivers,3900.0,True
6081138819227,#592716,Vivo Moi Avenue,3900.0,True
6116854857883,#598559,Vivo Garden City,3900.0,True
6081192722587,#592754,Vivo Yaya,3700.0,True
6063289172123,#589417,Vivo Eldoret,3550.0,True
6082749530267,#593021,Vivo Capital Centre,3500.0,True
6089590571163,#593985,Vivo Nakuru,3500.0,True
6081269334171,#592806,Vivo Imaara,3500.0,True
6094532739227,#594816,Vivo Junction,3500.0,True
6077316825243,#591695,Vivo Moi Avenue,3500.0,True
6096147808411,#595023,Vivo Sarit,3500.0,True
6098509955227,#595458,Vivo T- Mall,3500.0,True
6075781316763,#591465,Vivo Garden City,3500.0,True
6068780794011,#590541,Vivo Galleria,3500.0,True
6068502757531,#590339,Vivo Runda,3500.0,True
6067122634907,#590206,Vivo Garden City,3500.0,True
6109686366363,#597379,Vivo Runda,3500.0,True
6061819166875,#589255,Vivo Nakuru,3500.0,True
6060050514075,#588972,Vivo Village Market,3500.0,True
6035910754459,#585304,Vivo Village Market,3500.0,True
6120287600795,#599125,Vivo Capital Centre,3500.0,True
6120469627035,#599187,Vivo Galleria,3500.0,True
6084645781659,#593352,Vivo Garden City,3500.0,True
6082954723483,#593112,Vivo Nakuru,3500.0,True
6087333740699,#593622,Vivo Runda,3500.0,True
6091146657947,#594192,Vivo Mama Ngina St,3350.0,True
6108012249243,#597213,Vivo Garden City,3250.0,True
6081077444763,#592672,Vivo Two Rivers,3250.0,True
6082956230811,#593113,Vivo Two Rivers,3200.0,True
5859696410779,#552519,Vivo Village Market,2950.0,False
6093413744795,#594771,Vivo Runda,2950.0,True
6070657548443,#590813,Vivo Imaara,2900.0,True
6070150201499,#590625,Vivo City Mall,2900.0,True
6080998015131,#592593,Vivo Village Market,2900.0,True
6093095403675,#594600,Vivo TRM,2900.0,True
6058359029915,#588777,Vivo Mama Ngina St,2900.0,True
6068530315419,#590366,Vivo Garden City,2900.0,True
6098134761627,#595303,Vivo Village Market,2900.0,True
6129393008795,#600277,Vivo Runda,2550.0,True
5849451266203,#550543,Vivo Moi Avenue,2500.0,False
6091402412187,#594356,Vivo Moi Avenue,2500.0,True
6094405632155,#594779,Vivo Village Market,2500.0,True
6091381440667,#594341,Vivo Junction,2500.0,True
6093084426395,#594591,Vivo Hub,2500.0,True
6068672463003,#590485,Vivo Mama Ngina St,2500.0,True
6079119491227,#592038,Vivo Junction,2500.0,True
6057004368027,#588638,Vivo Hub,2500.0,True
6091138367643,#594185,Vivo Mama Ngina St,2500.0,True
6086294896795,#593608,Vivo Garden City,2250.0,True
6066753962139,#590008,Vivo Sarit,1900.0,True
6074129481883,#591240,Vivo Kisumu,1750.0,True
6087762149531,#593797,Vivo Galleria,1500.0,True
6087677903003,#593757,Vivo Garden City,1500.0,True
6081551597723,#592910,Vivo Garden City,450.0,True
6075961933979,#591544,Vivo Garden City,250.0,True
5911996235931,#563132,Vivo Mama Ngina St,240.0,False
5936836247707,#568746,Staff purchases,150.0,False
6086268059803,#593595,Vivo Garden City,100.0,True
5958796214427,#571956,Vivo Garden City,100.0,False
